t(yr),T_surf(K),T_pot(K),flux_surf(W/m2),flux_OLR(W/m2),flux_ASR(W/m2),phi(vol_frac),fO2_solid(bar),fO2_melt(bar),thick_surf_bl(m),massC_solid(kg),massC_melt(kg),massC_atm(kg),massH_solid(kg),massH_melt(kg),massH_atm(kg),massO_atm(kg),p_surf(bar),p_H2O(bar),p_CO2(bar),p_CO(bar),p_H2(bar),p_CH4(bar),p_O2(bar),mmw(kg/mol),R_trans(m),R_solid(m),viscosity(Pa.s)
3.170979e-08,4.000000e+03,3.811226e+03,3.927447e+05,4.011225e+05,8.377773e+03,1.000000e+00,NaN,NaN,1.922616e-03,0.000000e+00,6.180600e+19,2.111798e+20,0.000000e+00,4.668101e+20,2.740358e+18,5.843461e+20,1.467137e+02,4.694525e+00,1.420192e+02,NaN,NaN,NaN,NaN,4.213278e-02,NaN,3.507955e+06,1.112063e-03
1.852305e+00,3.997502e+03,3.809722e+03,3.912386e+05,3.996164e+05,8.377773e+03,1.000000e+00,NaN,NaN,1.924956e-03,0.000000e+00,6.180599e+19,2.111798e+20,0.000000e+00,4.668101e+20,2.740357e+18,5.843462e+20,1.467136e+02,4.694524e+00,1.420191e+02,NaN,NaN,NaN,NaN,4.213276e-02,NaN,3.507955e+06,1.113485e-03
3.713172e+00,3.995004e+03,3.807842e+03,3.893635e+05,3.977413e+05,8.377773e+03,1.000000e+00,NaN,NaN,1.927886e-03,0.000000e+00,6.180599e+19,2.111798e+20,0.000000e+00,4.668101e+20,2.740357e+18,5.843462e+20,1.467136e+02,4.694524e+00,1.420191e+02,NaN,NaN,NaN,NaN,4.213276e-02,NaN,3.507955e+06,1.114911e-03
5.583002e+00,3.992507e+03,3.805960e+03,3.874963e+05,3.958741e+05,8.377773e+03,1.000000e+00,NaN,NaN,1.930822e-03,0.000000e+00,6.180599e+19,2.111798e+20,0.000000e+00,4.668101e+20,2.740357e+18,5.843462e+20,1.467136e+02,4.694523e+00,1.420191e+02,NaN,NaN,NaN,NaN,4.213276e-02,NaN,3.507955e+06,1.116341e-03
7.461844e+00,3.990009e+03,3.804076e+03,3.856369e+05,3.940147e+05,8.377772e+03,1.000000e+00,NaN,NaN,1.933766e-03,0.000000e+00,6.180599e+19,2.111798e+20,0.000000e+00,4.668101e+20,2.740357e+18,5.843462e+20,1.467136e+02,4.694523e+00,1.420191e+02,NaN,NaN,NaN,NaN,4.213276e-02,NaN,3.507955e+06,1.117775e-03
9.349748e+00,3.987512e+03,3.802190e+03,3.837853e+05,3.921631e+05,8.377772e+03,1.000000e+00,NaN,NaN,1.936717e-03,0.000000e+00,6.180599e+19,2.111798e+20,0.000000e+00,4.668101e+20,2.740357e+18,5.843462e+20,1.467136e+02,4.694523e+00,1.420191e+02,NaN,NaN,NaN,NaN,4.213276e-02,NaN,3.507955e+06,1.119214e-03
1.124676e+01,3.985014e+03,3.800303e+03,3.819415e+05,3.903192e+05,8.377772e+03,1.000000e+00,NaN,NaN,1.939674e-03,0.000000e+00,6.180599e+19,2.111798e+20,0.000000e+00,4.668101e+20,2.740357e+18,5.843462e+20,1.467136e+02,4.694523e+00,1.420191e+02,NaN,NaN,NaN,NaN,4.213276e-02,NaN,3.507955e+06,1.120657e-03
1.315294e+01,3.982516e+03,3.798414e+03,3.801054e+05,3.884832e+05,8.377772e+03,1.000000e+00,NaN,NaN,1.942639e-03,0.000000e+00,6.180599e+19,2.111798e+20,0.000000e+00,4.668101e+20,2.740357e+18,5.843462e+20,1.467136e+02,4.694523e+00,1.420191e+02,NaN,NaN,NaN,NaN,4.213276e-02,NaN,3.507955e+06,1.122104e-03
1.506832e+01,3.980019e+03,3.796523e+03,3.782771e+05,3.866549e+05,8.377771e+03,1.000000e+00,NaN,NaN,1.945610e-03,0.000000e+00,6.180599e+19,2.111798e+20,0.000000e+00,4.668100e+20,2.740357e+18,5.843462e+20,1.467136e+02,4.694523e+00,1.420191e+02,NaN,NaN,NaN,NaN,4.213276e-02,NaN,3.507955e+06,1.123555e-03
1.699296e+01,3.977521e+03,3.794631e+03,3.764565e+05,3.848343e+05,8.377771e+03,1.000000e+00,NaN,NaN,1.948589e-03,0.000000e+00,6.180599e+19,2.111798e+20,0.000000e+00,4.668100e+20,2.740357e+18,5.843462e+20,1.467136e+02,4.694523e+00,1.420191e+02,NaN,NaN,NaN,NaN,4.213276e-02,NaN,3.507955e+06,1.125011e-03
1.892692e+01,3.975024e+03,3.792737e+03,3.746436e+05,3.830214e+05,8.377771e+03,1.000000e+00,NaN,NaN,1.951574e-03,0.000000e+00,6.180599e+19,2.111798e+20,0.000000e+00,4.668100e+20,2.740357e+18,5.843462e+20,1.467136e+02,4.694523e+00,1.420191e+02,NaN,NaN,NaN,NaN,4.213276e-02,NaN,3.507955e+06,1.126471e-03
2.087023e+01,3.972526e+03,3.790841e+03,3.728384e+05,3.812162e+05,8.377771e+03,1.000000e+00,NaN,NaN,1.954567e-03,0.000000e+00,6.180599e+19,2.111798e+20,0.000000e+00,4.668100e+20,2.740357e+18,5.843462e+20,1.467136e+02,4.694522e+00,1.420191e+02,NaN,NaN,NaN,NaN,4.213276e-02,NaN,3.507955e+06,1.127936e-03
2.282296e+01,3.970028e+03,3.788944e+03,3.710408e+05,3.794186e+05,8.377770e+03,1.000000e+00,NaN,NaN,1.957566e-03,0.000000e+00,6.180599e+19,2.111798e+20,0.000000e+00,4.668100e+20,2.740357e+18,5.843462e+20,1.467136e+02,4.694522e+00,1.420191e+02,NaN,NaN,NaN,NaN,4.213276e-02,NaN,3.507955e+06,1.129404e-03
2.478515e+01,3.967531e+03,3.787045e+03,3.692509e+05,3.776286e+05,8.377770e+03,1.000000e+00,NaN,NaN,1.960573e-03,0.000000e+00,6.180599e+19,2.111798e+20,0.000000e+00,4.668100e+20,2.740356e+18,5.843462e+20,1.467136e+02,4.694522e+00,1.420191e+02,NaN,NaN,NaN,NaN,4.213276e-02,NaN,3.507955e+06,1.130878e-03
2.675685e+01,3.965033e+03,3.785144e+03,3.674685e+05,3.758463e+05,8.377770e+03,1.000000e+00,NaN,NaN,1.963587e-03,0.000000e+00,6.180599e+19,2.111798e+20,0.000000e+00,4.668100e+20,2.740356e+18,5.843462e+20,1.467136e+02,4.694522e+00,1.420191e+02,NaN,NaN,NaN,NaN,4.213276e-02,NaN,3.507955e+06,1.132355e-03
2.873812e+01,3.962536e+03,3.783241e+03,3.656937e+05,3.740715e+05,8.377770e+03,1.000000e+00,NaN,NaN,1.966607e-03,0.000000e+00,6.180599e+19,2.111798e+20,0.000000e+00,4.668100e+20,2.740356e+18,5.843462e+20,1.467136e+02,4.694522e+00,1.420191e+02,NaN,NaN,NaN,NaN,4.213276e-02,NaN,3.507955e+06,1.133837e-03
3.072900e+01,3.960038e+03,3.781337e+03,3.639265e+05,3.723043e+05,8.377769e+03,1.000000e+00,NaN,NaN,1.969635e-03,0.000000e+00,6.180599e+19,2.111798e+20,0.000000e+00,4.668100e+20,2.740356e+18,5.843462e+20,1.467136e+02,4.694522e+00,1.420191e+02,NaN,NaN,NaN,NaN,4.213276e-02,NaN,3.507955e+06,1.135324e-03
3.272956e+01,3.957541e+03,3.779431e+03,3.621669e+05,3.705446e+05,8.377769e+03,1.000000e+00,NaN,NaN,1.972670e-03,0.000000e+00,6.180599e+19,2.111798e+20,0.000000e+00,4.668100e+20,2.740356e+18,5.843462e+20,1.467136e+02,4.694522e+00,1.420191e+02,NaN,NaN,NaN,NaN,4.213276e-02,NaN,3.507955e+06,1.136814e-03
3.473984e+01,3.955043e+03,3.777523e+03,3.604147e+05,3.687925e+05,8.377769e+03,1.000000e+00,NaN,NaN,1.975713e-03,0.000000e+00,6.180599e+19,2.111798e+20,0.000000e+00,4.668100e+20,2.740356e+18,5.843462e+20,1.467136e+02,4.694521e+00,1.420191e+02,NaN,NaN,NaN,NaN,4.213276e-02,NaN,3.507955e+06,1.138310e-03
3.675989e+01,3.952545e+03,3.775614e+03,3.586701e+05,3.670478e+05,8.377768e+03,1.000000e+00,NaN,NaN,1.978762e-03,0.000000e+00,6.180599e+19,2.111798e+20,0.000000e+00,4.668100e+20,2.740356e+18,5.843462e+20,1.467136e+02,4.694521e+00,1.420191e+02,NaN,NaN,NaN,NaN,4.213276e-02,NaN,3.507955e+06,1.139810e-03
3.878977e+01,3.950048e+03,3.773703e+03,3.569329e+05,3.653106e+05,8.377768e+03,1.000000e+00,NaN,NaN,1.981818e-03,0.000000e+00,6.180599e+19,2.111798e+20,0.000000e+00,4.668099e+20,2.740356e+18,5.843462e+20,1.467136e+02,4.694521e+00,1.420191e+02,NaN,NaN,NaN,NaN,4.213276e-02,NaN,3.507955e+06,1.141314e-03
4.082953e+01,3.947550e+03,3.771791e+03,3.552031e+05,3.635809e+05,8.377768e+03,1.000000e+00,NaN,NaN,1.984882e-03,0.000000e+00,6.180599e+19,2.111798e+20,0.000000e+00,4.668099e+20,2.740356e+18,5.843462e+20,1.467136e+02,4.694521e+00,1.420191e+02,NaN,NaN,NaN,NaN,4.213276e-02,NaN,3.507955e+06,1.142823e-03
4.287923e+01,3.945053e+03,3.769876e+03,3.534808e+05,3.618585e+05,8.377768e+03,1.000000e+00,NaN,NaN,1.987953e-03,0.000000e+00,6.180599e+19,2.111798e+20,0.000000e+00,4.668099e+20,2.740356e+18,5.843462e+20,1.467136e+02,4.694521e+00,1.420191e+02,NaN,NaN,NaN,NaN,4.213276e-02,NaN,3.507955e+06,1.144337e-03
4.493892e+01,3.942555e+03,3.767960e+03,3.517658e+05,3.601436e+05,8.377767e+03,1.000000e+00,NaN,NaN,1.991031e-03,0.000000e+00,6.180599e+19,2.111798e+20,0.000000e+00,4.668099e+20,2.740356e+18,5.843462e+20,1.467136e+02,4.694521e+00,1.420191e+02,NaN,NaN,NaN,NaN,4.213276e-02,NaN,3.507955e+06,1.145855e-03
4.700865e+01,3.940058e+03,3.766043e+03,3.500583e+05,3.584361e+05,8.377767e+03,1.000000e+00,NaN,NaN,1.994116e-03,0.000000e+00,6.180599e+19,2.111798e+20,0.000000e+00,4.668099e+20,2.740356e+18,5.843462e+20,1.467137e+02,4.694521e+00,1.420192e+02,NaN,NaN,NaN,NaN,4.213276e-02,NaN,3.507955e+06,1.147377e-03
4.908848e+01,3.937560e+03,3.764123e+03,3.483581e+05,3.567359e+05,8.377767e+03,1.000000e+00,NaN,NaN,1.997209e-03,0.000000e+00,6.180599e+19,2.111798e+20,0.000000e+00,4.668099e+20,2.740355e+18,5.843462e+20,1.467137e+02,4.694520e+00,1.420192e+02,NaN,NaN,NaN,NaN,4.213276e-02,NaN,3.507955e+06,1.148905e-03
5.117846e+01,3.935062e+03,3.762203e+03,3.466652e+05,3.550430e+05,8.377766e+03,1.000000e+00,NaN,NaN,2.000309e-03,0.000000e+00,6.180599e+19,2.111798e+20,0.000000e+00,4.668099e+20,2.740355e+18,5.843462e+20,1.467137e+02,4.694520e+00,1.420192e+02,NaN,NaN,NaN,NaN,4.213276e-02,NaN,3.507955e+06,1.150437e-03
5.327866e+01,3.932565e+03,3.760280e+03,3.449797e+05,3.533574e+05,8.377766e+03,1.000000e+00,NaN,NaN,2.003416e-03,0.000000e+00,6.180599e+19,2.111798e+20,0.000000e+00,4.668099e+20,2.740355e+18,5.843462e+20,1.467137e+02,4.694520e+00,1.420192e+02,NaN,NaN,NaN,NaN,4.213276e-02,NaN,3.507955e+06,1.151973e-03
5.538911e+01,3.930067e+03,3.758356e+03,3.433014e+05,3.516792e+05,8.377766e+03,1.000000e+00,NaN,NaN,2.006530e-03,0.000000e+00,6.180599e+19,2.111798e+20,0.000000e+00,4.668099e+20,2.740355e+18,5.843462e+20,1.467137e+02,4.694520e+00,1.420192e+02,NaN,NaN,NaN,NaN,4.213276e-02,NaN,3.507955e+06,1.153515e-03
5.750988e+01,3.927570e+03,3.756430e+03,3.416304e+05,3.500082e+05,8.377766e+03,1.000000e+00,NaN,NaN,2.009652e-03,0.000000e+00,6.180599e+19,2.111798e+20,0.000000e+00,4.668099e+20,2.740355e+18,5.843462e+20,1.467137e+02,4.694520e+00,1.420192e+02,NaN,NaN,NaN,NaN,4.213276e-02,NaN,3.507955e+06,1.155061e-03
5.964103e+01,3.925072e+03,3.754502e+03,3.399666e+05,3.483444e+05,8.377765e+03,1.000000e+00,NaN,NaN,2.012781e-03,0.000000e+00,6.180599e+19,2.111798e+20,0.000000e+00,4.668099e+20,2.740355e+18,5.843462e+20,1.467137e+02,4.694520e+00,1.420192e+02,NaN,NaN,NaN,NaN,4.213276e-02,NaN,3.507955e+06,1.156611e-03
6.178262e+01,3.922575e+03,3.752573e+03,3.383101e+05,3.466878e+05,8.377765e+03,1.000000e+00,NaN,NaN,2.015917e-03,0.000000e+00,6.180599e+19,2.111798e+20,0.000000e+00,4.668098e+20,2.740355e+18,5.843462e+20,1.467137e+02,4.694520e+00,1.420192e+02,NaN,NaN,NaN,NaN,4.213276e-02,NaN,3.507955e+06,1.158167e-03
6.393469e+01,3.920077e+03,3.750642e+03,3.366607e+05,3.450385e+05,8.377765e+03,1.000000e+00,NaN,NaN,2.019061e-03,0.000000e+00,6.180599e+19,2.111798e+20,0.000000e+00,4.668098e+20,2.740355e+18,5.843462e+20,1.467137e+02,4.694519e+00,1.420192e+02,NaN,NaN,NaN,NaN,4.213276e-02,NaN,3.507955e+06,1.159727e-03
6.609730e+01,3.917579e+03,3.748709e+03,3.350185e+05,3.433963e+05,8.377764e+03,1.000000e+00,NaN,NaN,2.022212e-03,0.000000e+00,6.180599e+19,2.111798e+20,0.000000e+00,4.668098e+20,2.740355e+18,5.843462e+20,1.467137e+02,4.694519e+00,1.420192e+02,NaN,NaN,NaN,NaN,4.213276e-02,NaN,3.507955e+06,1.161292e-03
6.827052e+01,3.915082e+03,3.746775e+03,3.333835e+05,3.417613e+05,8.377764e+03,1.000000e+00,NaN,NaN,2.025370e-03,0.000000e+00,6.180599e+19,2.111798e+20,0.000000e+00,4.668098e+20,2.740355e+18,5.843462e+20,1.467137e+02,4.694519e+00,1.420192e+02,NaN,NaN,NaN,NaN,4.213276e-02,NaN,3.507955e+06,1.162862e-03
7.045440e+01,3.912584e+03,3.744839e+03,3.317556e+05,3.401333e+05,8.377764e+03,1.000000e+00,NaN,NaN,2.028536e-03,0.000000e+00,6.180599e+19,2.111798e+20,0.000000e+00,4.668098e+20,2.740355e+18,5.843462e+20,1.467137e+02,4.694519e+00,1.420192e+02,NaN,NaN,NaN,NaN,4.213276e-02,NaN,3.507955e+06,1.164436e-03
7.264900e+01,3.910087e+03,3.742902e+03,3.301348e+05,3.385125e+05,8.377763e+03,1.000000e+00,NaN,NaN,2.031710e-03,0.000000e+00,6.180599e+19,2.111798e+20,0.000000e+00,4.668098e+20,2.740354e+18,5.843462e+20,1.467137e+02,4.694519e+00,1.420192e+02,NaN,NaN,NaN,NaN,4.213276e-02,NaN,3.507955e+06,1.166016e-03
7.485437e+01,3.907589e+03,3.740963e+03,3.285211e+05,3.368988e+05,8.377763e+03,1.000000e+00,NaN,NaN,2.034890e-03,0.000000e+00,6.180599e+19,2.111798e+20,0.000000e+00,4.668098e+20,2.740354e+18,5.843462e+20,1.467137e+02,4.694519e+00,1.420192e+02,NaN,NaN,NaN,NaN,4.213276e-02,NaN,3.507955e+06,1.167600e-03
7.707058e+01,3.905092e+03,3.739022e+03,3.269144e+05,3.352922e+05,8.377763e+03,1.000000e+00,NaN,NaN,2.038079e-03,0.000000e+00,6.180599e+19,2.111798e+20,0.000000e+00,4.668098e+20,2.740354e+18,5.843462e+20,1.467137e+02,4.694518e+00,1.420192e+02,NaN,NaN,NaN,NaN,4.213277e-02,NaN,3.507955e+06,1.169189e-03
7.929768e+01,3.902594e+03,3.737079e+03,3.253148e+05,3.336925e+05,8.377763e+03,1.000000e+00,NaN,NaN,2.041274e-03,0.000000e+00,6.180599e+19,2.111798e+20,0.000000e+00,4.668098e+20,2.740354e+18,5.843462e+20,1.467137e+02,4.694518e+00,1.420192e+02,NaN,NaN,NaN,NaN,4.213277e-02,NaN,3.507955e+06,1.170783e-03
8.153574e+01,3.900097e+03,3.735135e+03,3.237221e+05,3.320999e+05,8.377762e+03,1.000000e+00,NaN,NaN,2.044478e-03,0.000000e+00,6.180599e+19,2.111798e+20,0.000000e+00,4.668098e+20,2.740354e+18,5.843462e+20,1.467137e+02,4.694518e+00,1.420192e+02,NaN,NaN,NaN,NaN,4.213277e-02,NaN,3.507955e+06,1.172382e-03
8.378481e+01,3.897599e+03,3.733190e+03,3.221365e+05,3.305143e+05,8.377762e+03,1.000000e+00,NaN,NaN,2.047688e-03,0.000000e+00,6.180599e+19,2.111798e+20,0.000000e+00,4.668098e+20,2.740354e+18,5.843462e+20,1.467137e+02,4.694518e+00,1.420192e+02,NaN,NaN,NaN,NaN,4.213277e-02,NaN,3.507955e+06,1.173986e-03
8.604495e+01,3.895101e+03,3.731242e+03,3.205579e+05,3.289356e+05,8.377762e+03,1.000000e+00,NaN,NaN,2.050907e-03,0.000000e+00,6.180599e+19,2.111798e+20,0.000000e+00,4.668097e+20,2.740354e+18,5.843462e+20,1.467137e+02,4.694518e+00,1.420192e+02,NaN,NaN,NaN,NaN,4.213277e-02,NaN,3.507955e+06,1.175595e-03
8.831623e+01,3.892604e+03,3.729294e+03,3.189862e+05,3.273639e+05,8.377761e+03,1.000000e+00,NaN,NaN,2.054132e-03,0.000000e+00,6.180599e+19,2.111798e+20,0.000000e+00,4.668097e+20,2.740354e+18,5.843462e+20,1.467137e+02,4.694518e+00,1.420192e+02,NaN,NaN,NaN,NaN,4.213277e-02,NaN,3.507955e+06,1.177209e-03
9.059870e+01,3.890106e+03,3.727343e+03,3.174214e+05,3.257991e+05,8.377761e+03,1.000000e+00,NaN,NaN,2.057366e-03,0.000000e+00,6.180599e+19,2.111798e+20,0.000000e+00,4.668097e+20,2.740354e+18,5.843462e+20,1.467137e+02,4.694518e+00,1.420192e+02,NaN,NaN,NaN,NaN,4.213277e-02,NaN,3.507955e+06,1.178828e-03
9.289242e+01,3.887609e+03,3.725391e+03,3.158635e+05,3.242412e+05,8.377761e+03,1.000000e+00,NaN,NaN,2.060607e-03,0.000000e+00,6.180599e+19,2.111798e+20,0.000000e+00,4.668097e+20,2.740354e+18,5.843462e+20,1.467137e+02,4.694517e+00,1.420192e+02,NaN,NaN,NaN,NaN,4.213277e-02,NaN,3.507955e+06,1.180452e-03
9.519746e+01,3.885111e+03,3.723437e+03,3.143125e+05,3.226902e+05,8.377760e+03,1.000000e+00,NaN,NaN,2.063855e-03,0.000000e+00,6.180599e+19,2.111798e+20,0.000000e+00,4.668097e+20,2.740354e+18,5.843462e+20,1.467137e+02,4.694517e+00,1.420192e+02,NaN,NaN,NaN,NaN,4.213277e-02,NaN,3.507955e+06,1.182081e-03
9.751387e+01,3.882614e+03,3.721482e+03,3.127683e+05,3.211461e+05,8.377760e+03,1.000000e+00,NaN,NaN,2.067111e-03,0.000000e+00,6.180599e+19,2.111798e+20,0.000000e+00,4.668097e+20,2.740353e+18,5.843462e+20,1.467137e+02,4.694517e+00,1.420192e+02,NaN,NaN,NaN,NaN,4.213277e-02,NaN,3.507955e+06,1.183715e-03
9.984173e+01,3.880116e+03,3.719525e+03,3.112310e+05,3.196087e+05,8.377760e+03,1.000000e+00,NaN,NaN,2.070375e-03,0.000000e+00,6.180599e+19,2.111798e+20,0.000000e+00,4.668097e+20,2.740353e+18,5.843462e+20,1.467137e+02,4.694517e+00,1.420192e+02,NaN,NaN,NaN,NaN,4.213277e-02,NaN,3.507955e+06,1.185354e-03
1.021811e+02,3.877619e+03,3.717566e+03,3.097005e+05,3.180782e+05,8.377759e+03,1.000000e+00,NaN,NaN,2.073647e-03,0.000000e+00,6.180599e+19,2.111798e+20,0.000000e+00,4.668097e+20,2.740353e+18,5.843462e+20,1.467137e+02,4.694517e+00,1.420192e+02,NaN,NaN,NaN,NaN,4.213277e-02,NaN,3.507955e+06,1.186998e-03
1.045320e+02,3.875121e+03,3.715606e+03,3.081767e+05,3.165545e+05,8.377759e+03,1.000000e+00,NaN,NaN,2.076926e-03,0.000000e+00,6.180599e+19,2.111798e+20,0.000000e+00,4.668097e+20,2.740353e+18,5.843462e+20,1.467137e+02,4.694517e+00,1.420192e+02,NaN,NaN,NaN,NaN,4.213277e-02,NaN,3.507955e+06,1.188648e-03
1.068945e+02,3.872624e+03,3.713644e+03,3.066598e+05,3.150375e+05,8.377759e+03,1.000000e+00,NaN,NaN,2.080213e-03,0.000000e+00,6.180599e+19,2.111798e+20,0.000000e+00,4.668097e+20,2.740353e+18,5.843462e+20,1.467137e+02,4.694516e+00,1.420192e+02,NaN,NaN,NaN,NaN,4.213277e-02,NaN,3.507955e+06,1.190302e-03
1.092688e+02,3.870126e+03,3.711680e+03,3.051495e+05,3.135273e+05,8.377758e+03,1.000000e+00,NaN,NaN,2.083507e-03,0.000000e+00,6.180599e+19,2.111798e+20,0.000000e+00,4.668096e+20,2.740353e+18,5.843462e+20,1.467137e+02,4.694516e+00,1.420192e+02,NaN,NaN,NaN,NaN,4.213277e-02,NaN,3.507955e+06,1.191962e-03
1.116548e+02,3.867629e+03,3.709715e+03,3.036460e+05,3.120238e+05,8.377758e+03,1.000000e+00,NaN,NaN,2.086809e-03,0.000000e+00,6.180599e+19,2.111798e+20,0.000000e+00,4.668096e+20,2.740353e+18,5.843462e+20,1.467137e+02,4.694516e+00,1.420192e+02,NaN,NaN,NaN,NaN,4.213277e-02,NaN,3.507955e+06,1.193627e-03
1.140526e+02,3.865131e+03,3.707749e+03,3.021492e+05,3.105270e+05,8.377758e+03,1.000000e+00,NaN,NaN,2.090119e-03,0.000000e+00,6.180599e+19,2.111798e+20,0.000000e+00,4.668096e+20,2.740353e+18,5.843461e+20,1.467137e+02,4.694516e+00,1.420192e+02,NaN,NaN,NaN,NaN,4.213277e-02,NaN,3.507955e+06,1.195297e-03
1.164622e+02,3.862634e+03,3.705780e+03,3.006591e+05,3.090368e+05,8.377757e+03,1.000000e+00,NaN,NaN,2.093437e-03,0.000000e+00,6.180599e+19,2.111798e+20,0.000000e+00,4.668096e+20,2.740353e+18,5.843461e+20,1.467137e+02,4.694516e+00,1.420192e+02,NaN,NaN,NaN,NaN,4.213277e-02,NaN,3.507955e+06,1.196973e-03
1.188839e+02,3.860136e+03,3.703810e+03,2.991756e+05,3.075533e+05,8.377757e+03,1.000000e+00,NaN,NaN,2.096762e-03,0.000000e+00,6.180599e+19,2.111798e+20,0.000000e+00,4.668096e+20,2.740353e+18,5.843461e+20,1.467137e+02,4.694516e+00,1.420192e+02,NaN,NaN,NaN,NaN,4.213277e-02,NaN,3.507955e+06,1.198653e-03
1.213175e+02,3.857638e+03,3.701839e+03,2.976987e+05,3.060765e+05,8.377757e+03,1.000000e+00,NaN,NaN,2.100096e-03,0.000000e+00,6.180599e+19,2.111798e+20,0.000000e+00,4.668096e+20,2.740352e+18,5.843461e+20,1.467137e+02,4.694515e+00,1.420192e+02,NaN,NaN,NaN,NaN,4.213277e-02,NaN,3.507955e+06,1.200339e-03
1.237632e+02,3.855141e+03,3.699866e+03,2.962285e+05,3.046062e+05,8.377756e+03,1.000000e+00,NaN,NaN,2.103437e-03,0.000000e+00,6.180599e+19,2.111798e+20,0.000000e+00,4.668096e+20,2.740352e+18,5.843461e+20,1.467137e+02,4.694515e+00,1.420192e+02,NaN,NaN,NaN,NaN,4.213277e-02,NaN,3.507955e+06,1.202031e-03
1.262211e+02,3.852643e+03,3.697891e+03,2.947648e+05,3.031426e+05,8.377756e+03,1.000000e+00,NaN,NaN,2.106786e-03,0.000000e+00,6.180599e+19,2.111798e+20,0.000000e+00,4.668096e+20,2.740352e+18,5.843461e+20,1.467137e+02,4.694515e+00,1.420192e+02,NaN,NaN,NaN,NaN,4.213277e-02,NaN,3.507955e+06,1.203728e-03
1.286911e+02,3.850146e+03,3.695915e+03,2.933077e+05,3.016855e+05,8.377756e+03,1.000000e+00,NaN,NaN,2.110142e-03,0.000000e+00,6.180599e+19,2.111798e+20,0.000000e+00,4.668096e+20,2.740352e+18,5.843461e+20,1.467137e+02,4.694515e+00,1.420192e+02,NaN,NaN,NaN,NaN,4.213277e-02,NaN,3.507955e+06,1.205430e-03
1.311735e+02,3.847648e+03,3.693937e+03,2.918571e+05,3.002349e+05,8.377755e+03,1.000000e+00,NaN,NaN,2.113507e-03,0.000000e+00,6.180599e+19,2.111798e+20,0.000000e+00,4.668096e+20,2.740352e+18,5.843461e+20,1.467137e+02,4.694515e+00,1.420192e+02,NaN,NaN,NaN,NaN,4.213277e-02,NaN,3.507955e+06,1.207137e-03
1.336681e+02,3.845151e+03,3.691958e+03,2.904131e+05,2.987908e+05,8.377755e+03,1.000000e+00,NaN,NaN,2.116879e-03,0.000000e+00,6.180599e+19,2.111798e+20,0.000000e+00,4.668095e+20,2.740352e+18,5.843461e+20,1.467137e+02,4.694514e+00,1.420192e+02,NaN,NaN,NaN,NaN,4.213277e-02,NaN,3.507955e+06,1.208850e-03
1.361752e+02,3.842653e+03,3.689977e+03,2.889755e+05,2.973533e+05,8.377755e+03,1.000000e+00,NaN,NaN,2.120260e-03,0.000000e+00,6.180599e+19,2.111798e+20,0.000000e+00,4.668095e+20,2.740352e+18,5.843461e+20,1.467137e+02,4.694514e+00,1.420192e+02,NaN,NaN,NaN,NaN,4.213277e-02,NaN,3.507955e+06,1.210569e-03
1.386948e+02,3.840156e+03,3.687995e+03,2.875444e+05,2.959222e+05,8.377754e+03,1.000000e+00,NaN,NaN,2.123648e-03,0.000000e+00,6.180599e+19,2.111798e+20,0.000000e+00,4.668095e+20,2.740352e+18,5.843461e+20,1.467137e+02,4.694514e+00,1.420192e+02,NaN,NaN,NaN,NaN,4.213277e-02,NaN,3.507955e+06,1.212292e-03
1.412269e+02,3.837658e+03,3.686010e+03,2.861198e+05,2.944975e+05,8.377754e+03,1.000000e+00,NaN,NaN,2.127044e-03,0.000000e+00,6.180599e+19,2.111798e+20,0.000000e+00,4.668095e+20,2.740352e+18,5.843461e+20,1.467137e+02,4.694514e+00,1.420192e+02,NaN,NaN,NaN,NaN,4.213277e-02,NaN,3.507955e+06,1.214022e-03
1.437716e+02,3.835161e+03,3.684025e+03,2.847016e+05,2.930793e+05,8.377754e+03,1.000000e+00,NaN,NaN,2.130448e-03,0.000000e+00,6.180599e+19,2.111798e+20,0.000000e+00,4.668095e+20,2.740352e+18,5.843461e+20,1.467137e+02,4.694514e+00,1.420192e+02,NaN,NaN,NaN,NaN,4.213277e-02,NaN,3.507955e+06,1.215757e-03
1.463290e+02,3.832663e+03,3.682038e+03,2.832898e+05,2.916675e+05,8.377753e+03,1.000000e+00,NaN,NaN,2.133860e-03,0.000000e+00,6.180599e+19,2.111798e+20,0.000000e+00,4.668095e+20,2.740351e+18,5.843461e+20,1.467137e+02,4.694514e+00,1.420192e+02,NaN,NaN,NaN,NaN,4.213277e-02,NaN,3.507955e+06,1.217497e-03
1.488991e+02,3.830166e+03,3.680049e+03,2.818843e+05,2.902621e+05,8.377753e+03,1.000000e+00,NaN,NaN,2.137280e-03,0.000000e+00,6.180599e+19,2.111798e+20,0.000000e+00,4.668095e+20,2.740351e+18,5.843461e+20,1.467137e+02,4.694513e+00,1.420192e+02,NaN,NaN,NaN,NaN,4.213277e-02,NaN,3.507955e+06,1.219243e-03
1.514820e+02,3.827668e+03,3.678058e+03,2.804853e+05,2.888630e+05,8.377753e+03,1.000000e+00,NaN,NaN,2.140709e-03,0.000000e+00,6.180599e+19,2.111798e+20,0.000000e+00,4.668095e+20,2.740351e+18,5.843461e+20,1.467137e+02,4.694513e+00,1.420192e+02,NaN,NaN,NaN,NaN,4.213277e-02,NaN,3.507955e+06,1.220995e-03
1.540779e+02,3.825171e+03,3.676067e+03,2.790925e+05,2.874703e+05,8.377752e+03,1.000000e+00,NaN,NaN,2.144145e-03,0.000000e+00,6.180599e+19,2.111798e+20,0.000000e+00,4.668095e+20,2.740351e+18,5.843461e+20,1.467137e+02,4.694513e+00,1.420192e+02,NaN,NaN,NaN,NaN,4.213277e-02,NaN,3.507955e+06,1.222752e-03
1.566867e+02,3.822673e+03,3.674073e+03,2.777061e+05,2.860838e+05,8.377752e+03,1.000000e+00,NaN,NaN,2.147589e-03,0.000000e+00,6.180599e+19,2.111798e+20,0.000000e+00,4.668094e+20,2.740351e+18,5.843461e+20,1.467137e+02,4.694513e+00,1.420192e+02,NaN,NaN,NaN,NaN,4.213277e-02,NaN,3.507955e+06,1.224515e-03
1.593085e+02,3.820176e+03,3.672078e+03,2.763260e+05,2.847037e+05,8.377751e+03,1.000000e+00,NaN,NaN,2.151041e-03,0.000000e+00,6.180599e+19,2.111798e+20,0.000000e+00,4.668094e+20,2.740351e+18,5.843461e+20,1.467137e+02,4.694513e+00,1.420192e+02,NaN,NaN,NaN,NaN,4.213277e-02,NaN,3.507955e+06,1.226283e-03
1.619434e+02,3.817678e+03,3.670082e+03,2.749521e+05,2.833299e+05,8.377751e+03,1.000000e+00,NaN,NaN,2.154502e-03,0.000000e+00,6.180599e+19,2.111798e+20,0.000000e+00,4.668094e+20,2.740351e+18,5.843461e+20,1.467137e+02,4.694512e+00,1.420192e+02,NaN,NaN,NaN,NaN,4.213277e-02,NaN,3.507955e+06,1.228057e-03
1.645915e+02,3.815181e+03,3.668083e+03,2.735845e+05,2.819622e+05,8.377751e+03,1.000000e+00,NaN,NaN,2.157970e-03,0.000000e+00,6.180599e+19,2.111798e+20,0.000000e+00,4.668094e+20,2.740351e+18,5.843461e+20,1.467137e+02,4.694512e+00,1.420192e+02,NaN,NaN,NaN,NaN,4.213277e-02,NaN,3.507955e+06,1.229837e-03
1.672528e+02,3.812683e+03,3.666084e+03,2.722231e+05,2.806008e+05,8.377750e+03,1.000000e+00,NaN,NaN,2.161446e-03,0.000000e+00,6.180599e+19,2.111798e+20,0.000000e+00,4.668094e+20,2.740351e+18,5.843461e+20,1.467137e+02,4.694512e+00,1.420192e+02,NaN,NaN,NaN,NaN,4.213277e-02,NaN,3.507955e+06,1.231623e-03
1.699274e+02,3.810186e+03,3.664083e+03,2.708679e+05,2.792457e+05,8.377750e+03,1.000000e+00,NaN,NaN,2.164931e-03,0.000000e+00,6.180599e+19,2.111798e+20,0.000000e+00,4.668094e+20,2.740350e+18,5.843461e+20,1.467137e+02,4.694512e+00,1.420192e+02,NaN,NaN,NaN,NaN,4.213277e-02,NaN,3.507955e+06,1.233414e-03
1.726155e+02,3.807688e+03,3.662080e+03,2.695189e+05,2.778967e+05,8.377750e+03,1.000000e+00,NaN,NaN,2.168424e-03,0.000000e+00,6.180599e+19,2.111798e+20,0.000000e+00,4.668094e+20,2.740350e+18,5.843461e+20,1.467137e+02,4.694512e+00,1.420192e+02,NaN,NaN,NaN,NaN,4.213277e-02,NaN,3.507955e+06,1.235212e-03
1.753169e+02,3.805191e+03,3.660076e+03,2.681761e+05,2.765538e+05,8.377749e+03,1.000000e+00,NaN,NaN,2.171925e-03,0.000000e+00,6.180599e+19,2.111798e+20,0.000000e+00,4.668094e+20,2.740350e+18,5.843461e+20,1.467137e+02,4.694512e+00,1.420192e+02,NaN,NaN,NaN,NaN,4.213277e-02,NaN,3.507955e+06,1.237015e-03
1.780319e+02,3.802693e+03,3.658070e+03,2.668393e+05,2.752171e+05,8.377749e+03,1.000000e+00,NaN,NaN,2.175434e-03,0.000000e+00,6.180599e+19,2.111798e+20,0.000000e+00,4.668094e+20,2.740350e+18,5.843461e+20,1.467137e+02,4.694511e+00,1.420192e+02,NaN,NaN,NaN,NaN,4.213277e-02,NaN,3.507955e+06,1.238823e-03
1.807605e+02,3.800196e+03,3.656062e+03,2.655087e+05,2.738865e+05,8.377749e+03,1.000000e+00,NaN,NaN,2.178952e-03,0.000000e+00,6.180599e+19,2.111798e+20,0.000000e+00,4.668093e+20,2.740350e+18,5.843461e+20,1.467137e+02,4.694511e+00,1.420192e+02,NaN,NaN,NaN,NaN,4.213277e-02,NaN,3.507955e+06,1.240638e-03
1.835028e+02,3.797698e+03,3.654054e+03,2.641842e+05,2.725620e+05,8.377748e+03,1.000000e+00,NaN,NaN,2.182477e-03,0.000000e+00,6.180599e+19,2.111798e+20,0.000000e+00,4.668093e+20,2.740350e+18,5.843461e+20,1.467137e+02,4.694511e+00,1.420192e+02,NaN,NaN,NaN,NaN,4.213277e-02,NaN,3.507955e+06,1.242459e-03
1.862589e+02,3.795201e+03,3.652043e+03,2.628658e+05,2.712435e+05,8.377748e+03,1.000000e+00,NaN,NaN,2.186011e-03,0.000000e+00,6.180599e+19,2.111798e+20,0.000000e+00,4.668093e+20,2.740350e+18,5.843461e+20,1.467137e+02,4.694511e+00,1.420192e+02,NaN,NaN,NaN,NaN,4.213277e-02,NaN,3.507955e+06,1.244286e-03
1.890287e+02,3.792703e+03,3.650031e+03,2.615534e+05,2.699312e+05,8.377747e+03,1.000000e+00,NaN,NaN,2.189553e-03,0.000000e+00,6.180599e+19,2.111798e+20,0.000000e+00,4.668093e+20,2.740350e+18,5.843461e+20,1.467137e+02,4.694511e+00,1.420192e+02,NaN,NaN,NaN,NaN,4.213277e-02,NaN,3.507955e+06,1.246118e-03
1.918125e+02,3.790206e+03,3.648018e+03,2.602470e+05,2.686248e+05,8.377747e+03,1.000000e+00,NaN,NaN,2.193104e-03,0.000000e+00,6.180599e+19,2.111798e+20,0.000000e+00,4.668093e+20,2.740350e+18,5.843461e+20,1.467137e+02,4.694510e+00,1.420192e+02,NaN,NaN,NaN,NaN,4.213277e-02,NaN,3.507955e+06,1.247957e-03
1.946102e+02,3.787708e+03,3.646003e+03,2.589467e+05,2.673244e+05,8.377747e+03,1.000000e+00,NaN,NaN,2.196663e-03,0.000000e+00,6.180599e+19,2.111798e+20,0.000000e+00,4.668093e+20,2.740349e+18,5.843461e+20,1.467137e+02,4.694510e+00,1.420192e+02,NaN,NaN,NaN,NaN,4.213277e-02,NaN,3.507955e+06,1.249801e-03
1.974220e+02,3.785211e+03,3.643987e+03,2.576523e+05,2.660300e+05,8.377746e+03,1.000000e+00,NaN,NaN,2.200230e-03,0.000000e+00,6.180599e+19,2.111798e+20,0.000000e+00,4.668093e+20,2.740349e+18,5.843461e+20,1.467137e+02,4.694510e+00,1.420192e+02,NaN,NaN,NaN,NaN,4.213277e-02,NaN,3.507955e+06,1.251652e-03
2.002479e+02,3.782713e+03,3.641969e+03,2.563639e+05,2.647416e+05,8.377746e+03,1.000000e+00,NaN,NaN,2.203805e-03,0.000000e+00,6.180599e+19,2.111798e+20,0.000000e+00,4.668093e+20,2.740349e+18,5.843461e+20,1.467137e+02,4.694510e+00,1.420192e+02,NaN,NaN,NaN,NaN,4.213277e-02,NaN,3.507955e+06,1.253509e-03
2.030880e+02,3.780216e+03,3.639949e+03,2.550814e+05,2.634591e+05,8.377745e+03,1.000000e+00,NaN,NaN,2.207389e-03,0.000000e+00,6.180599e+19,2.111798e+20,0.000000e+00,4.668093e+20,2.740349e+18,5.843461e+20,1.467137e+02,4.694510e+00,1.420192e+02,NaN,NaN,NaN,NaN,4.213277e-02,NaN,3.507955e+06,1.255371e-03
2.059424e+02,3.777718e+03,3.637928e+03,2.538048e+05,2.621826e+05,8.377745e+03,1.000000e+00,NaN,NaN,2.210982e-03,0.000000e+00,6.180599e+19,2.111798e+20,0.000000e+00,4.668092e+20,2.740349e+18,5.843461e+20,1.467137e+02,4.694509e+00,1.420192e+02,NaN,NaN,NaN,NaN,4.213277e-02,NaN,3.507955e+06,1.257240e-03
2.088112e+02,3.775221e+03,3.635906e+03,2.525341e+05,2.609119e+05,8.377745e+03,1.000000e+00,NaN,NaN,2.214582e-03,0.000000e+00,6.180599e+19,2.111798e+20,0.000000e+00,4.668092e+20,2.740349e+18,5.843461e+20,1.467137e+02,4.694509e+00,1.420192e+02,NaN,NaN,NaN,NaN,4.213277e-02,NaN,3.507955e+06,1.259115e-03
2.116944e+02,3.772723e+03,3.633882e+03,2.512693e+05,2.596471e+05,8.377744e+03,1.000000e+00,NaN,NaN,2.218191e-03,0.000000e+00,6.180599e+19,2.111798e+20,0.000000e+00,4.668092e+20,2.740349e+18,5.843461e+20,1.467137e+02,4.694509e+00,1.420192e+02,NaN,NaN,NaN,NaN,4.213277e-02,NaN,3.507955e+06,1.260997e-03
2.145921e+02,3.770226e+03,3.631856e+03,2.500104e+05,2.583881e+05,8.377744e+03,1.000000e+00,NaN,NaN,2.221809e-03,0.000000e+00,6.180599e+19,2.111798e+20,0.000000e+00,4.668092e+20,2.740349e+18,5.843461e+20,1.467137e+02,4.694509e+00,1.420192e+02,NaN,NaN,NaN,NaN,4.213277e-02,NaN,3.507955e+06,1.262884e-03
2.175044e+02,3.767728e+03,3.629829e+03,2.487572e+05,2.571350e+05,8.377743e+03,1.000000e+00,NaN,NaN,2.225435e-03,0.000000e+00,6.180599e+19,2.111798e+20,0.000000e+00,4.668092e+20,2.740349e+18,5.843461e+20,1.467137e+02,4.694509e+00,1.420192e+02,NaN,NaN,NaN,NaN,4.213277e-02,NaN,3.507955e+06,1.264778e-03
2.204314e+02,3.765231e+03,3.627801e+03,2.475099e+05,2.558877e+05,8.377743e+03,1.000000e+00,NaN,NaN,2.229069e-03,0.000000e+00,6.180599e+19,2.111798e+20,0.000000e+00,4.668092e+20,2.740348e+18,5.843461e+20,1.467137e+02,4.694508e+00,1.420192e+02,NaN,NaN,NaN,NaN,4.213277e-02,NaN,3.507955e+06,1.266678e-03
2.233731e+02,3.762733e+03,3.625771e+03,2.462684e+05,2.546461e+05,8.377743e+03,1.000000e+00,NaN,NaN,2.232713e-03,0.000000e+00,6.180599e+19,2.111798e+20,0.000000e+00,4.668092e+20,2.740348e+18,5.843461e+20,1.467137e+02,4.694508e+00,1.420192e+02,NaN,NaN,NaN,NaN,4.213277e-02,NaN,3.507955e+06,1.268584e-03
2.263297e+02,3.760236e+03,3.623740e+03,2.450326e+05,2.534103e+05,8.377742e+03,1.000000e+00,NaN,NaN,2.236364e-03,0.000000e+00,6.180599e+19,2.111798e+20,0.000000e+00,4.668092e+20,2.740348e+18,5.843461e+20,1.467137e+02,4.694508e+00,1.420192e+02,NaN,NaN,NaN,NaN,4.213277e-02,NaN,3.507955e+06,1.270497e-03
2.293012e+02,3.757738e+03,3.621707e+03,2.438025e+05,2.521803e+05,8.377742e+03,1.000000e+00,NaN,NaN,2.240024e-03,0.000000e+00,6.180599e+19,2.111798e+20,0.000000e+00,4.668091e+20,2.740348e+18,5.843461e+20,1.467137e+02,4.694508e+00,1.420192e+02,NaN,NaN,NaN,NaN,4.213277e-02,NaN,3.507955e+06,1.272416e-03
2.322877e+02,3.755241e+03,3.619673e+03,2.425782e+05,2.509560e+05,8.377741e+03,1.000000e+00,NaN,NaN,2.243693e-03,0.000000e+00,6.180599e+19,2.111798e+20,0.000000e+00,4.668091e+20,2.740348e+18,5.843461e+20,1.467137e+02,4.694508e+00,1.420192e+02,NaN,NaN,NaN,NaN,4.213277e-02,NaN,3.507955e+06,1.274341e-03
2.352892e+02,3.752743e+03,3.617637e+03,2.413596e+05,2.497373e+05,8.377741e+03,1.000000e+00,NaN,NaN,2.247370e-03,0.000000e+00,6.180599e+19,2.111798e+20,0.000000e+00,4.668091e+20,2.740348e+18,5.843461e+20,1.467137e+02,4.694507e+00,1.420192e+02,NaN,NaN,NaN,NaN,4.213277e-02,NaN,3.507955e+06,1.276273e-03
2.383059e+02,3.750246e+03,3.615595e+03,2.401579e+05,2.485356e+05,8.377741e+03,1.000000e+00,NaN,NaN,2.251030e-03,0.000000e+00,6.180599e+19,2.111798e+20,0.000000e+00,4.668091e+20,2.740348e+18,5.843461e+20,1.467137e+02,4.694507e+00,1.420192e+02,NaN,NaN,NaN,NaN,4.213277e-02,NaN,3.507955e+06,1.278211e-03
2.413378e+02,3.747748e+03,3.613561e+03,2.389394e+05,2.473171e+05,8.377740e+03,1.000000e+00,NaN,NaN,2.254751e-03,0.000000e+00,6.180599e+19,2.111798e+20,0.000000e+00,4.668091e+20,2.740348e+18,5.843461e+20,1.467137e+02,4.694507e+00,1.420192e+02,NaN,NaN,NaN,NaN,4.213277e-02,NaN,3.507955e+06,1.280156e-03
2.443851e+02,3.745251e+03,3.611520e+03,2.377377e+05,2.461154e+05,8.377740e+03,1.000000e+00,NaN,NaN,2.258454e-03,0.000000e+00,6.180599e+19,2.111798e+20,0.000000e+00,4.668091e+20,2.740347e+18,5.843461e+20,1.467137e+02,4.694507e+00,1.420192e+02,NaN,NaN,NaN,NaN,4.213277e-02,NaN,3.507955e+06,1.282107e-03
2.474478e+02,3.742753e+03,3.609479e+03,2.365416e+05,2.449194e+05,8.377739e+03,1.000000e+00,NaN,NaN,2.262166e-03,0.000000e+00,6.180599e+19,2.111798e+20,0.000000e+00,4.668091e+20,2.740347e+18,5.843461e+20,1.467137e+02,4.694506e+00,1.420192e+02,NaN,NaN,NaN,NaN,4.213277e-02,NaN,3.507955e+06,1.284064e-03
2.505259e+02,3.740256e+03,3.607436e+03,2.353512e+05,2.437289e+05,8.377739e+03,1.000000e+00,NaN,NaN,2.265887e-03,0.000000e+00,6.180599e+19,2.111798e+20,0.000000e+00,4.668091e+20,2.740347e+18,5.843461e+20,1.467137e+02,4.694506e+00,1.420192e+02,NaN,NaN,NaN,NaN,4.213277e-02,NaN,3.507955e+06,1.286029e-03
2.536197e+02,3.737758e+03,3.605391e+03,2.341663e+05,2.425440e+05,8.377738e+03,1.000000e+00,NaN,NaN,2.269616e-03,0.000000e+00,6.180599e+19,2.111798e+20,0.000000e+00,4.668090e+20,2.740347e+18,5.843461e+20,1.467137e+02,4.694506e+00,1.420192e+02,NaN,NaN,NaN,NaN,4.213277e-02,NaN,3.507955e+06,1.288000e-03
2.567291e+02,3.735261e+03,3.603345e+03,2.329869e+05,2.413646e+05,8.377738e+03,1.000000e+00,NaN,NaN,2.273354e-03,0.000000e+00,6.180599e+19,2.111798e+20,0.000000e+00,4.668090e+20,2.740347e+18,5.843461e+20,1.467137e+02,4.694506e+00,1.420192e+02,NaN,NaN,NaN,NaN,4.213277e-02,NaN,3.507955e+06,1.289977e-03
2.598542e+02,3.732763e+03,3.601298e+03,2.318131e+05,2.401908e+05,8.377738e+03,1.000000e+00,NaN,NaN,2.277101e-03,0.000000e+00,6.180599e+19,2.111798e+20,0.000000e+00,4.668090e+20,2.740347e+18,5.843461e+20,1.467137e+02,4.694506e+00,1.420192e+02,NaN,NaN,NaN,NaN,4.213277e-02,NaN,3.507955e+06,1.291961e-03
2.629952e+02,3.730266e+03,3.599249e+03,2.306447e+05,2.390225e+05,8.377737e+03,1.000000e+00,NaN,NaN,2.280857e-03,0.000000e+00,6.180599e+19,2.111798e+20,0.000000e+00,4.668090e+20,2.740347e+18,5.843461e+20,1.467137e+02,4.694505e+00,1.420192e+02,NaN,NaN,NaN,NaN,4.213277e-02,NaN,3.507955e+06,1.293952e-03
2.661520e+02,3.727769e+03,3.597198e+03,2.294819e+05,2.378596e+05,8.377737e+03,1.000000e+00,NaN,NaN,2.284621e-03,0.000000e+00,6.180599e+19,2.111798e+20,0.000000e+00,4.668090e+20,2.740347e+18,5.843461e+20,1.467137e+02,4.694505e+00,1.420192e+02,NaN,NaN,NaN,NaN,4.213277e-02,NaN,3.507955e+06,1.295950e-03
2.693249e+02,3.725271e+03,3.595146e+03,2.283245e+05,2.367022e+05,8.377736e+03,1.000000e+00,NaN,NaN,2.288395e-03,0.000000e+00,6.180599e+19,2.111798e+20,0.000000e+00,4.668090e+20,2.740346e+18,5.843461e+20,1.467137e+02,4.694505e+00,1.420192e+02,NaN,NaN,NaN,NaN,4.213277e-02,NaN,3.507955e+06,1.297954e-03
2.725138e+02,3.722774e+03,3.593093e+03,2.271726e+05,2.355503e+05,8.377736e+03,1.000000e+00,NaN,NaN,2.292177e-03,0.000000e+00,6.180599e+19,2.111798e+20,0.000000e+00,4.668090e+20,2.740346e+18,5.843461e+20,1.467137e+02,4.694505e+00,1.420192e+02,NaN,NaN,NaN,NaN,4.213277e-02,NaN,3.507955e+06,1.299965e-03
2.757190e+02,3.720276e+03,3.591038e+03,2.260260e+05,2.344038e+05,8.377735e+03,1.000000e+00,NaN,NaN,2.295968e-03,0.000000e+00,6.180599e+19,2.111798e+20,0.000000e+00,4.668089e+20,2.740346e+18,5.843461e+20,1.467137e+02,4.694504e+00,1.420192e+02,NaN,NaN,NaN,NaN,4.213277e-02,NaN,3.507955e+06,1.301983e-03
2.789404e+02,3.717779e+03,3.588982e+03,2.248849e+05,2.332626e+05,8.377735e+03,1.000000e+00,NaN,NaN,2.299768e-03,0.000000e+00,6.180599e+19,2.111798e+20,0.000000e+00,4.668089e+20,2.740346e+18,5.843461e+20,1.467137e+02,4.694504e+00,1.420192e+02,NaN,NaN,NaN,NaN,4.213277e-02,NaN,3.507955e+06,1.304008e-03
2.821781e+02,3.715281e+03,3.586925e+03,2.237491e+05,2.321268e+05,8.377735e+03,1.000000e+00,NaN,NaN,2.303577e-03,0.000000e+00,6.180599e+19,2.111798e+20,0.000000e+00,4.668089e+20,2.740346e+18,5.843461e+20,1.467137e+02,4.694504e+00,1.420192e+02,NaN,NaN,NaN,NaN,4.213277e-02,NaN,3.507955e+06,1.306039e-03
2.854323e+02,3.712784e+03,3.584866e+03,2.226187e+05,2.309964e+05,8.377734e+03,1.000000e+00,NaN,NaN,2.307395e-03,0.000000e+00,6.180599e+19,2.111798e+20,0.000000e+00,4.668089e+20,2.740346e+18,5.843461e+20,1.467137e+02,4.694504e+00,1.420192e+02,NaN,NaN,NaN,NaN,4.213277e-02,NaN,3.507955e+06,1.308078e-03
2.887030e+02,3.710286e+03,3.582806e+03,2.214936e+05,2.298714e+05,8.377734e+03,1.000000e+00,NaN,NaN,2.311222e-03,0.000000e+00,6.180599e+19,2.111798e+20,0.000000e+00,4.668089e+20,2.740346e+18,5.843461e+20,1.467137e+02,4.694504e+00,1.420192e+02,NaN,NaN,NaN,NaN,4.213277e-02,NaN,3.507955e+06,1.310123e-03
2.919903e+02,3.707789e+03,3.580744e+03,2.203739e+05,2.287516e+05,8.377733e+03,1.000000e+00,NaN,NaN,2.315058e-03,0.000000e+00,6.180599e+19,2.111798e+20,0.000000e+00,4.668089e+20,2.740345e+18,5.843461e+20,1.467137e+02,4.694503e+00,1.420192e+02,NaN,NaN,NaN,NaN,4.213277e-02,NaN,3.507955e+06,1.312176e-03
2.952943e+02,3.705291e+03,3.578681e+03,2.192594e+05,2.276371e+05,8.377733e+03,1.000000e+00,NaN,NaN,2.318903e-03,0.000000e+00,6.180599e+19,2.111798e+20,0.000000e+00,4.668089e+20,2.740345e+18,5.843461e+20,1.467137e+02,4.694503e+00,1.420192e+02,NaN,NaN,NaN,NaN,4.213277e-02,NaN,3.507955e+06,1.314235e-03
2.986151e+02,3.702794e+03,3.576616e+03,2.181502e+05,2.265279e+05,8.377732e+03,1.000000e+00,NaN,NaN,2.322756e-03,0.000000e+00,6.180599e+19,2.111798e+20,0.000000e+00,4.668089e+20,2.740345e+18,5.843461e+20,1.467137e+02,4.694503e+00,1.420192e+02,NaN,NaN,NaN,NaN,4.213277e-02,NaN,3.507955e+06,1.316302e-03
3.019529e+02,3.700296e+03,3.574550e+03,2.170462e+05,2.254239e+05,8.377732e+03,1.000000e+00,NaN,NaN,2.326619e-03,0.000000e+00,6.180600e+19,2.111798e+20,0.000000e+00,4.668088e+20,2.740345e+18,5.843461e+20,1.467137e+02,4.694503e+00,1.420192e+02,NaN,NaN,NaN,NaN,4.213277e-02,NaN,3.507955e+06,1.318376e-03
3.053075e+02,3.697799e+03,3.572482e+03,2.159475e+05,2.243252e+05,8.377731e+03,1.000000e+00,NaN,NaN,2.330492e-03,0.000000e+00,6.180600e+19,2.111798e+20,0.000000e+00,4.668088e+20,2.740345e+18,5.843461e+20,1.467137e+02,4.694502e+00,1.420192e+02,NaN,NaN,NaN,NaN,4.213277e-02,NaN,3.507955e+06,1.320456e-03
3.086793e+02,3.695301e+03,3.570414e+03,2.148539e+05,2.232317e+05,8.377731e+03,1.000000e+00,NaN,NaN,2.334373e-03,0.000000e+00,6.180600e+19,2.111798e+20,0.000000e+00,4.668088e+20,2.740345e+18,5.843461e+20,1.467137e+02,4.694502e+00,1.420192e+02,NaN,NaN,NaN,NaN,4.213277e-02,NaN,3.507955e+06,1.322544e-03
3.120682e+02,3.692804e+03,3.568343e+03,2.137656e+05,2.221433e+05,8.377730e+03,1.000000e+00,NaN,NaN,2.338263e-03,0.000000e+00,6.180600e+19,2.111798e+20,0.000000e+00,4.668088e+20,2.740345e+18,5.843461e+20,1.467137e+02,4.694502e+00,1.420192e+02,NaN,NaN,NaN,NaN,4.213277e-02,NaN,3.507955e+06,1.324639e-03
3.154744e+02,3.690307e+03,3.566272e+03,2.126824e+05,2.210601e+05,8.377730e+03,1.000000e+00,NaN,NaN,2.342163e-03,0.000000e+00,6.180600e+19,2.111798e+20,0.000000e+00,4.668088e+20,2.740345e+18,5.843461e+20,1.467137e+02,4.694502e+00,1.420192e+02,NaN,NaN,NaN,NaN,4.213277e-02,NaN,3.507955e+06,1.326742e-03
3.188979e+02,3.687809e+03,3.564199e+03,2.116044e+05,2.199821e+05,8.377729e+03,1.000000e+00,NaN,NaN,2.346071e-03,0.000000e+00,6.180600e+19,2.111798e+20,0.000000e+00,4.668088e+20,2.740344e+18,5.843461e+20,1.467137e+02,4.694501e+00,1.420192e+02,NaN,NaN,NaN,NaN,4.213277e-02,NaN,3.507955e+06,1.328851e-03
3.223389e+02,3.685312e+03,3.562124e+03,2.105314e+05,2.189092e+05,8.377729e+03,1.000000e+00,NaN,NaN,2.349989e-03,0.000000e+00,6.180600e+19,2.111798e+20,0.000000e+00,4.668088e+20,2.740344e+18,5.843461e+20,1.467137e+02,4.694501e+00,1.420192e+02,NaN,NaN,NaN,NaN,4.213277e-02,NaN,3.507955e+06,1.330968e-03
3.257974e+02,3.682814e+03,3.560049e+03,2.094636e+05,2.178414e+05,8.377729e+03,1.000000e+00,NaN,NaN,2.353917e-03,0.000000e+00,6.180600e+19,2.111798e+20,0.000000e+00,4.668087e+20,2.740344e+18,5.843461e+20,1.467137e+02,4.694501e+00,1.420192e+02,NaN,NaN,NaN,NaN,4.213277e-02,NaN,3.507955e+06,1.333092e-03
3.292735e+02,3.680317e+03,3.557972e+03,2.084009e+05,2.167786e+05,8.377728e+03,1.000000e+00,NaN,NaN,2.357853e-03,0.000000e+00,6.180600e+19,2.111798e+20,0.000000e+00,4.668087e+20,2.740344e+18,5.843461e+20,1.467137e+02,4.694501e+00,1.420192e+02,NaN,NaN,NaN,NaN,4.213277e-02,NaN,3.507955e+06,1.335224e-03
3.327674e+02,3.677819e+03,3.555893e+03,2.073432e+05,2.157209e+05,8.377728e+03,1.000000e+00,NaN,NaN,2.361799e-03,0.000000e+00,6.180600e+19,2.111798e+20,0.000000e+00,4.668087e+20,2.740344e+18,5.843461e+20,1.467137e+02,4.694500e+00,1.420192e+02,NaN,NaN,NaN,NaN,4.213277e-02,NaN,3.507955e+06,1.337362e-03
3.362791e+02,3.675322e+03,3.553813e+03,2.062906e+05,2.146683e+05,8.377727e+03,1.000000e+00,NaN,NaN,2.365754e-03,0.000000e+00,6.180600e+19,2.111798e+20,0.000000e+00,4.668087e+20,2.740344e+18,5.843461e+20,1.467137e+02,4.694500e+00,1.420192e+02,NaN,NaN,NaN,NaN,4.213277e-02,NaN,3.507955e+06,1.339509e-03
3.398087e+02,3.672824e+03,3.551732e+03,2.052429e+05,2.136207e+05,8.377727e+03,1.000000e+00,NaN,NaN,2.369718e-03,0.000000e+00,6.180600e+19,2.111798e+20,0.000000e+00,4.668087e+20,2.740344e+18,5.843461e+20,1.467137e+02,4.694500e+00,1.420192e+02,NaN,NaN,NaN,NaN,4.213277e-02,NaN,3.507955e+06,1.341663e-03
3.433564e+02,3.670327e+03,3.549649e+03,2.042003e+05,2.125781e+05,8.377726e+03,1.000000e+00,NaN,NaN,2.373692e-03,0.000000e+00,6.180600e+19,2.111798e+20,0.000000e+00,4.668087e+20,2.740343e+18,5.843461e+20,1.467137e+02,4.694500e+00,1.420192e+02,NaN,NaN,NaN,NaN,4.213277e-02,NaN,3.507955e+06,1.343824e-03
3.469221e+02,3.667829e+03,3.547565e+03,2.031627e+05,2.115404e+05,8.377726e+03,1.000000e+00,NaN,NaN,2.377675e-03,0.000000e+00,6.180600e+19,2.111798e+20,0.000000e+00,4.668086e+20,2.740343e+18,5.843461e+20,1.467137e+02,4.694499e+00,1.420192e+02,NaN,NaN,NaN,NaN,4.213277e-02,NaN,3.507955e+06,1.345993e-03
3.505061e+02,3.665332e+03,3.545480e+03,2.021300e+05,2.105077e+05,8.377725e+03,1.000000e+00,NaN,NaN,2.381667e-03,0.000000e+00,6.180600e+19,2.111798e+20,0.000000e+00,4.668086e+20,2.740343e+18,5.843461e+20,1.467137e+02,4.694499e+00,1.420192e+02,NaN,NaN,NaN,NaN,4.213277e-02,NaN,3.507955e+06,1.348169e-03
3.541083e+02,3.662835e+03,3.543393e+03,2.011022e+05,2.094800e+05,8.377725e+03,1.000000e+00,NaN,NaN,2.385669e-03,0.000000e+00,6.180600e+19,2.111798e+20,0.000000e+00,4.668086e+20,2.740343e+18,5.843461e+20,1.467137e+02,4.694499e+00,1.420192e+02,NaN,NaN,NaN,NaN,4.213277e-02,NaN,3.507955e+06,1.350353e-03
3.577290e+02,3.660337e+03,3.541305e+03,2.000794e+05,2.084571e+05,8.377724e+03,1.000000e+00,NaN,NaN,2.389681e-03,0.000000e+00,6.180600e+19,2.111798e+20,0.000000e+00,4.668086e+20,2.740343e+18,5.843460e+20,1.467137e+02,4.694499e+00,1.420192e+02,NaN,NaN,NaN,NaN,4.213277e-02,NaN,3.507955e+06,1.352545e-03
3.613682e+02,3.657840e+03,3.539216e+03,1.990615e+05,2.074392e+05,8.377724e+03,1.000000e+00,NaN,NaN,2.393702e-03,0.000000e+00,6.180600e+19,2.111798e+20,0.000000e+00,4.668086e+20,2.740343e+18,5.843460e+20,1.467137e+02,4.694498e+00,1.420192e+02,NaN,NaN,NaN,NaN,4.213277e-02,NaN,3.507955e+06,1.354744e-03
3.650260e+02,3.655342e+03,3.537125e+03,1.980484e+05,2.064261e+05,8.377723e+03,1.000000e+00,NaN,NaN,2.397732e-03,0.000000e+00,6.180600e+19,2.111798e+20,0.000000e+00,4.668086e+20,2.740342e+18,5.843460e+20,1.467137e+02,4.694498e+00,1.420192e+02,NaN,NaN,NaN,NaN,4.213277e-02,NaN,3.507955e+06,1.356951e-03
3.687026e+02,3.652845e+03,3.535033e+03,1.970402e+05,2.054179e+05,8.377723e+03,1.000000e+00,NaN,NaN,2.401772e-03,0.000000e+00,6.180600e+19,2.111798e+20,0.000000e+00,4.668086e+20,2.740342e+18,5.843460e+20,1.467137e+02,4.694498e+00,1.420192e+02,NaN,NaN,NaN,NaN,4.213277e-02,NaN,3.507955e+06,1.359166e-03
3.723979e+02,3.650347e+03,3.532939e+03,1.960368e+05,2.044145e+05,8.377722e+03,1.000000e+00,NaN,NaN,2.405822e-03,0.000000e+00,6.180600e+19,2.111798e+20,0.000000e+00,4.668085e+20,2.740342e+18,5.843460e+20,1.467137e+02,4.694498e+00,1.420192e+02,NaN,NaN,NaN,NaN,4.213277e-02,NaN,3.507955e+06,1.361389e-03
3.761122e+02,3.647850e+03,3.530845e+03,1.950382e+05,2.034160e+05,8.377722e+03,1.000000e+00,NaN,NaN,2.409881e-03,0.000000e+00,6.180600e+19,2.111798e+20,0.000000e+00,4.668085e+20,2.740342e+18,5.843460e+20,1.467137e+02,4.694497e+00,1.420192e+02,NaN,NaN,NaN,NaN,4.213277e-02,NaN,3.507955e+06,1.363619e-03
3.798454e+02,3.645352e+03,3.528748e+03,1.940445e+05,2.024222e+05,8.377721e+03,1.000000e+00,NaN,NaN,2.413950e-03,0.000000e+00,6.180600e+19,2.111798e+20,0.000000e+00,4.668085e+20,2.740342e+18,5.843460e+20,1.467137e+02,4.694497e+00,1.420192e+02,NaN,NaN,NaN,NaN,4.213277e-02,NaN,3.507955e+06,1.365857e-03
3.835978e+02,3.642855e+03,3.526651e+03,1.930555e+05,2.014332e+05,8.377721e+03,1.000000e+00,NaN,NaN,2.418028e-03,0.000000e+00,6.180600e+19,2.111798e+20,0.000000e+00,4.668085e+20,2.740342e+18,5.843460e+20,1.467137e+02,4.694497e+00,1.420192e+02,NaN,NaN,NaN,NaN,4.213277e-02,NaN,3.507955e+06,1.368104e-03
3.873695e+02,3.640357e+03,3.524552e+03,1.920712e+05,2.004490e+05,8.377720e+03,1.000000e+00,NaN,NaN,2.422116e-03,0.000000e+00,6.180600e+19,2.111798e+20,0.000000e+00,4.668085e+20,2.740342e+18,5.843460e+20,1.467137e+02,4.694497e+00,1.420192e+02,NaN,NaN,NaN,NaN,4.213277e-02,NaN,3.507955e+06,1.370358e-03
3.911604e+02,3.637860e+03,3.522452e+03,1.910917e+05,1.994695e+05,8.377719e+03,1.000000e+00,NaN,NaN,2.426214e-03,0.000000e+00,6.180600e+19,2.111798e+20,0.000000e+00,4.668085e+20,2.740341e+18,5.843460e+20,1.467137e+02,4.694496e+00,1.420192e+02,NaN,NaN,NaN,NaN,4.213277e-02,NaN,3.507955e+06,1.372620e-03
3.949708e+02,3.635363e+03,3.520351e+03,1.901169e+05,1.984947e+05,8.377719e+03,1.000000e+00,NaN,NaN,2.430321e-03,0.000000e+00,6.180600e+19,2.111798e+20,0.000000e+00,4.668084e+20,2.740341e+18,5.843460e+20,1.467137e+02,4.694496e+00,1.420192e+02,NaN,NaN,NaN,NaN,4.213277e-02,NaN,3.507955e+06,1.374890e-03
3.988007e+02,3.632865e+03,3.518248e+03,1.891469e+05,1.975246e+05,8.377718e+03,1.000000e+00,NaN,NaN,2.434439e-03,0.000000e+00,6.180600e+19,2.111798e+20,0.000000e+00,4.668084e+20,2.740341e+18,5.843460e+20,1.467137e+02,4.694496e+00,1.420192e+02,NaN,NaN,NaN,NaN,4.213277e-02,NaN,3.507955e+06,1.377169e-03
4.026503e+02,3.630368e+03,3.516144e+03,1.881814e+05,1.965591e+05,8.377718e+03,1.000000e+00,NaN,NaN,2.438566e-03,0.000000e+00,6.180600e+19,2.111798e+20,0.000000e+00,4.668084e+20,2.740341e+18,5.843460e+20,1.467137e+02,4.694496e+00,1.420192e+02,NaN,NaN,NaN,NaN,4.213277e-02,NaN,3.507955e+06,1.379455e-03
4.065196e+02,3.627870e+03,3.514039e+03,1.872207e+05,1.955984e+05,8.377717e+03,1.000000e+00,NaN,NaN,2.442703e-03,0.000000e+00,6.180600e+19,2.111798e+20,0.000000e+00,4.668084e+20,2.740341e+18,5.843460e+20,1.467137e+02,4.694495e+00,1.420192e+02,NaN,NaN,NaN,NaN,4.213277e-02,NaN,3.507955e+06,1.381750e-03
4.104088e+02,3.625373e+03,3.511932e+03,1.862645e+05,1.946422e+05,8.377717e+03,1.000000e+00,NaN,NaN,2.446849e-03,0.000000e+00,6.180600e+19,2.111798e+20,0.000000e+00,4.668084e+20,2.740341e+18,5.843460e+20,1.467137e+02,4.694495e+00,1.420192e+02,NaN,NaN,NaN,NaN,4.213277e-02,NaN,3.507955e+06,1.384052e-03
4.143180e+02,3.622875e+03,3.509824e+03,1.853130e+05,1.936907e+05,8.377716e+03,1.000000e+00,NaN,NaN,2.451006e-03,0.000000e+00,6.180600e+19,2.111798e+20,0.000000e+00,4.668084e+20,2.740340e+18,5.843460e+20,1.467137e+02,4.694495e+00,1.420192e+02,NaN,NaN,NaN,NaN,4.213277e-02,NaN,3.507955e+06,1.386363e-03
4.182472e+02,3.620378e+03,3.507715e+03,1.843661e+05,1.927438e+05,8.377716e+03,1.000000e+00,NaN,NaN,2.455172e-03,0.000000e+00,6.180600e+19,2.111798e+20,0.000000e+00,4.668083e+20,2.740340e+18,5.843460e+20,1.467137e+02,4.694494e+00,1.420192e+02,NaN,NaN,NaN,NaN,4.213277e-02,NaN,3.507955e+06,1.388683e-03
4.221966e+02,3.617880e+03,3.505604e+03,1.834237e+05,1.918014e+05,8.377715e+03,1.000000e+00,NaN,NaN,2.459349e-03,0.000000e+00,6.180600e+19,2.111798e+20,0.000000e+00,4.668083e+20,2.740340e+18,5.843460e+20,1.467137e+02,4.694494e+00,1.420192e+02,NaN,NaN,NaN,NaN,4.213277e-02,NaN,3.507955e+06,1.391010e-03
4.261663e+02,3.615383e+03,3.503492e+03,1.824859e+05,1.908636e+05,8.377715e+03,1.000000e+00,NaN,NaN,2.463535e-03,0.000000e+00,6.180600e+19,2.111798e+20,0.000000e+00,4.668083e+20,2.740340e+18,5.843460e+20,1.467137e+02,4.694494e+00,1.420192e+02,NaN,NaN,NaN,NaN,4.213277e-02,NaN,3.507955e+06,1.393346e-03
4.301564e+02,3.612886e+03,3.501379e+03,1.815527e+05,1.899304e+05,8.377714e+03,1.000000e+00,NaN,NaN,2.467732e-03,0.000000e+00,6.180600e+19,2.111798e+20,0.000000e+00,4.668083e+20,2.740340e+18,5.843460e+20,1.467137e+02,4.694494e+00,1.420192e+02,NaN,NaN,NaN,NaN,4.213277e-02,NaN,3.507955e+06,1.395691e-03
4.341670e+02,3.610388e+03,3.499265e+03,1.806239e+05,1.890016e+05,8.377714e+03,1.000000e+00,NaN,NaN,2.471938e-03,0.000000e+00,6.180600e+19,2.111798e+20,0.000000e+00,4.668083e+20,2.740340e+18,5.843460e+20,1.467137e+02,4.694493e+00,1.420192e+02,NaN,NaN,NaN,NaN,4.213277e-02,NaN,3.507955e+06,1.398043e-03
4.381982e+02,3.607891e+03,3.497149e+03,1.796997e+05,1.880774e+05,8.377713e+03,1.000000e+00,NaN,NaN,2.476154e-03,0.000000e+00,6.180600e+19,2.111798e+20,0.000000e+00,4.668083e+20,2.740339e+18,5.843460e+20,1.467137e+02,4.694493e+00,1.420192e+02,NaN,NaN,NaN,NaN,4.213277e-02,NaN,3.507955e+06,1.400405e-03
4.422502e+02,3.605393e+03,3.495032e+03,1.787799e+05,1.871576e+05,8.377712e+03,1.000000e+00,NaN,NaN,2.480381e-03,0.000000e+00,6.180600e+19,2.111798e+20,0.000000e+00,4.668082e+20,2.740339e+18,5.843460e+20,1.467137e+02,4.694493e+00,1.420192e+02,NaN,NaN,NaN,NaN,4.213277e-02,NaN,3.507955e+06,1.402774e-03
4.463230e+02,3.602896e+03,3.492914e+03,1.778646e+05,1.862423e+05,8.377712e+03,1.000000e+00,NaN,NaN,2.484617e-03,0.000000e+00,6.180600e+19,2.111798e+20,0.000000e+00,4.668082e+20,2.740339e+18,5.843460e+20,1.467137e+02,4.694492e+00,1.420192e+02,NaN,NaN,NaN,NaN,4.213277e-02,NaN,3.507955e+06,1.405153e-03
4.504168e+02,3.600398e+03,3.490794e+03,1.769537e+05,1.853314e+05,8.377711e+03,1.000000e+00,NaN,NaN,2.488864e-03,0.000000e+00,6.180600e+19,2.111798e+20,0.000000e+00,4.668082e+20,2.740339e+18,5.843460e+20,1.467137e+02,4.694492e+00,1.420192e+02,NaN,NaN,NaN,NaN,4.213277e-02,NaN,3.507955e+06,1.407540e-03
4.545316e+02,3.597901e+03,3.488674e+03,1.760473e+05,1.844250e+05,8.377711e+03,1.000000e+00,NaN,NaN,2.493121e-03,0.000000e+00,6.180600e+19,2.111798e+20,0.000000e+00,4.668082e+20,2.740339e+18,5.843460e+20,1.467137e+02,4.694492e+00,1.420192e+02,NaN,NaN,NaN,NaN,4.213277e-02,NaN,3.507955e+06,1.409935e-03
4.586677e+02,3.595404e+03,3.486552e+03,1.751452e+05,1.835229e+05,8.377710e+03,1.000000e+00,NaN,NaN,2.497388e-03,0.000000e+00,6.180600e+19,2.111798e+20,0.000000e+00,4.668082e+20,2.740339e+18,5.843460e+20,1.467137e+02,4.694492e+00,1.420192e+02,NaN,NaN,NaN,NaN,4.213277e-02,NaN,3.507955e+06,1.412340e-03
4.628250e+02,3.592906e+03,3.484428e+03,1.742475e+05,1.826253e+05,8.377710e+03,1.000000e+00,NaN,NaN,2.501665e-03,0.000000e+00,6.180600e+19,2.111798e+20,0.000000e+00,4.668082e+20,2.740338e+18,5.843460e+20,1.467137e+02,4.694491e+00,1.420192e+02,NaN,NaN,NaN,NaN,4.213277e-02,NaN,3.507955e+06,1.414753e-03
4.670038e+02,3.590409e+03,3.482304e+03,1.733542e+05,1.817319e+05,8.377709e+03,1.000000e+00,NaN,NaN,2.505953e-03,0.000000e+00,6.180600e+19,2.111798e+20,0.000000e+00,4.668081e+20,2.740338e+18,5.843460e+20,1.467137e+02,4.694491e+00,1.420192e+02,NaN,NaN,NaN,NaN,4.213277e-02,NaN,3.507955e+06,1.417175e-03
4.712041e+02,3.587911e+03,3.480178e+03,1.724653e+05,1.808430e+05,8.377708e+03,1.000000e+00,NaN,NaN,2.510251e-03,0.000000e+00,6.180600e+19,2.111798e+20,0.000000e+00,4.668081e+20,2.740338e+18,5.843460e+20,1.467137e+02,4.694491e+00,1.420192e+02,NaN,NaN,NaN,NaN,4.213277e-02,NaN,3.507955e+06,1.419605e-03
4.754261e+02,3.585414e+03,3.478051e+03,1.715806e+05,1.799583e+05,8.377708e+03,1.000000e+00,NaN,NaN,2.514559e-03,0.000000e+00,6.180600e+19,2.111798e+20,0.000000e+00,4.668081e+20,2.740338e+18,5.843460e+20,1.467137e+02,4.694490e+00,1.420192e+02,NaN,NaN,NaN,NaN,4.213277e-02,NaN,3.507955e+06,1.422045e-03
4.796698e+02,3.582916e+03,3.475923e+03,1.707003e+05,1.790780e+05,8.377707e+03,1.000000e+00,NaN,NaN,2.518877e-03,0.000000e+00,6.180600e+19,2.111798e+20,0.000000e+00,4.668081e+20,2.740338e+18,5.843460e+20,1.467137e+02,4.694490e+00,1.420192e+02,NaN,NaN,NaN,NaN,4.213277e-02,NaN,3.507955e+06,1.424493e-03
4.839354e+02,3.580419e+03,3.473793e+03,1.698242e+05,1.782019e+05,8.377707e+03,1.000000e+00,NaN,NaN,2.523206e-03,0.000000e+00,6.180600e+19,2.111798e+20,0.000000e+00,4.668081e+20,2.740338e+18,5.843460e+20,1.467137e+02,4.694490e+00,1.420192e+02,NaN,NaN,NaN,NaN,4.213277e-02,NaN,3.507955e+06,1.426951e-03
4.882231e+02,3.577922e+03,3.471662e+03,1.689524e+05,1.773301e+05,8.377706e+03,1.000000e+00,NaN,NaN,2.527545e-03,0.000000e+00,6.180600e+19,2.111798e+20,0.000000e+00,4.668081e+20,2.740337e+18,5.843460e+20,1.467137e+02,4.694490e+00,1.420192e+02,NaN,NaN,NaN,NaN,4.213277e-02,NaN,3.507955e+06,1.429417e-03
4.925328e+02,3.575424e+03,3.469530e+03,1.680849e+05,1.764626e+05,8.377705e+03,1.000000e+00,NaN,NaN,2.531895e-03,0.000000e+00,6.180600e+19,2.111798e+20,0.000000e+00,4.668080e+20,2.740337e+18,5.843460e+20,1.467137e+02,4.694489e+00,1.420192e+02,NaN,NaN,NaN,NaN,4.213277e-02,NaN,3.507955e+06,1.431893e-03
4.968648e+02,3.572927e+03,3.467397e+03,1.672216e+05,1.755993e+05,8.377705e+03,1.000000e+00,NaN,NaN,2.536255e-03,0.000000e+00,6.180600e+19,2.111798e+20,0.000000e+00,4.668080e+20,2.740337e+18,5.843460e+20,1.467137e+02,4.694489e+00,1.420192e+02,NaN,NaN,NaN,NaN,4.213277e-02,NaN,3.507955e+06,1.434377e-03
5.012192e+02,3.570429e+03,3.465263e+03,1.663625e+05,1.747402e+05,8.377704e+03,1.000000e+00,NaN,NaN,2.540626e-03,0.000000e+00,6.180600e+19,2.111798e+20,0.000000e+00,4.668080e+20,2.740337e+18,5.843460e+20,1.467137e+02,4.694489e+00,1.420192e+02,NaN,NaN,NaN,NaN,4.213277e-02,NaN,3.507955e+06,1.436871e-03
5.055960e+02,3.567932e+03,3.463127e+03,1.655076e+05,1.738853e+05,8.377704e+03,1.000000e+00,NaN,NaN,2.545007e-03,0.000000e+00,6.180600e+19,2.111798e+20,0.000000e+00,4.668080e+20,2.740337e+18,5.843460e+20,1.467137e+02,4.694488e+00,1.420192e+02,NaN,NaN,NaN,NaN,4.213277e-02,NaN,3.507955e+06,1.439374e-03
5.099955e+02,3.565434e+03,3.460990e+03,1.646568e+05,1.730345e+05,8.377703e+03,1.000000e+00,NaN,NaN,2.549399e-03,0.000000e+00,6.180600e+19,2.111798e+20,0.000000e+00,4.668080e+20,2.740337e+18,5.843460e+20,1.467137e+02,4.694488e+00,1.420192e+02,NaN,NaN,NaN,NaN,4.213277e-02,NaN,3.507955e+06,1.441886e-03
5.144177e+02,3.562937e+03,3.458852e+03,1.638103e+05,1.721880e+05,8.377702e+03,1.000000e+00,NaN,NaN,2.553801e-03,0.000000e+00,6.180600e+19,2.111798e+20,0.000000e+00,4.668079e+20,2.740336e+18,5.843460e+20,1.467137e+02,4.694488e+00,1.420192e+02,NaN,NaN,NaN,NaN,4.213278e-02,NaN,3.507955e+06,1.444408e-03
5.188627e+02,3.560440e+03,3.456712e+03,1.629678e+05,1.713455e+05,8.377702e+03,1.000000e+00,NaN,NaN,2.558214e-03,0.000000e+00,6.180600e+19,2.111798e+20,0.000000e+00,4.668079e+20,2.740336e+18,5.843460e+20,1.467137e+02,4.694487e+00,1.420192e+02,NaN,NaN,NaN,NaN,4.213278e-02,NaN,3.507955e+06,1.446939e-03
5.233308e+02,3.557942e+03,3.454572e+03,1.621295e+05,1.705072e+05,8.377701e+03,1.000000e+00,NaN,NaN,2.562638e-03,0.000000e+00,6.180600e+19,2.111798e+20,0.000000e+00,4.668079e+20,2.740336e+18,5.843460e+20,1.467137e+02,4.694487e+00,1.420192e+02,NaN,NaN,NaN,NaN,4.213278e-02,NaN,3.507955e+06,1.449479e-03
5.278219e+02,3.555445e+03,3.452430e+03,1.612953e+05,1.696730e+05,8.377701e+03,1.000000e+00,NaN,NaN,2.567072e-03,0.000000e+00,6.180600e+19,2.111798e+20,0.000000e+00,4.668079e+20,2.740336e+18,5.843460e+20,1.467137e+02,4.694487e+00,1.420192e+02,NaN,NaN,NaN,NaN,4.213278e-02,NaN,3.507955e+06,1.452029e-03
5.323363e+02,3.552947e+03,3.450287e+03,1.604651e+05,1.688428e+05,8.377700e+03,1.000000e+00,NaN,NaN,2.571517e-03,0.000000e+00,6.180600e+19,2.111798e+20,0.000000e+00,4.668079e+20,2.740336e+18,5.843460e+20,1.467137e+02,4.694486e+00,1.420192e+02,NaN,NaN,NaN,NaN,4.213278e-02,NaN,3.507955e+06,1.454588e-03
5.368740e+02,3.550450e+03,3.448143e+03,1.596390e+05,1.680167e+05,8.377699e+03,1.000000e+00,NaN,NaN,2.575973e-03,0.000000e+00,6.180600e+19,2.111798e+20,0.000000e+00,4.668078e+20,2.740335e+18,5.843460e+20,1.467137e+02,4.694486e+00,1.420192e+02,NaN,NaN,NaN,NaN,4.213278e-02,NaN,3.507955e+06,1.457157e-03
5.414352e+02,3.547952e+03,3.445998e+03,1.588170e+05,1.671947e+05,8.377699e+03,1.000000e+00,NaN,NaN,2.580439e-03,0.000000e+00,6.180600e+19,2.111798e+20,0.000000e+00,4.668078e+20,2.740335e+18,5.843460e+20,1.467137e+02,4.694486e+00,1.420192e+02,NaN,NaN,NaN,NaN,4.213278e-02,NaN,3.507955e+06,1.459735e-03
5.460201e+02,3.545455e+03,3.443851e+03,1.579990e+05,1.663766e+05,8.377698e+03,1.000000e+00,NaN,NaN,2.584917e-03,0.000000e+00,6.180600e+19,2.111798e+20,0.000000e+00,4.668078e+20,2.740335e+18,5.843460e+20,1.467137e+02,4.694485e+00,1.420192e+02,NaN,NaN,NaN,NaN,4.213278e-02,NaN,3.507955e+06,1.462323e-03
5.506286e+02,3.542958e+03,3.441703e+03,1.571849e+05,1.655626e+05,8.377697e+03,1.000000e+00,NaN,NaN,2.589405e-03,0.000000e+00,6.180600e+19,2.111798e+20,0.000000e+00,4.668078e+20,2.740335e+18,5.843460e+20,1.467137e+02,4.694485e+00,1.420192e+02,NaN,NaN,NaN,NaN,4.213278e-02,NaN,3.507955e+06,1.464920e-03
5.552610e+02,3.540460e+03,3.439554e+03,1.563749e+05,1.647526e+05,8.377697e+03,1.000000e+00,NaN,NaN,2.593905e-03,0.000000e+00,6.180600e+19,2.111798e+20,0.000000e+00,4.668078e+20,2.740335e+18,5.843460e+20,1.467137e+02,4.694485e+00,1.420192e+02,NaN,NaN,NaN,NaN,4.213278e-02,NaN,3.507955e+06,1.467528e-03
5.599175e+02,3.537963e+03,3.437404e+03,1.555689e+05,1.639466e+05,8.377696e+03,1.000000e+00,NaN,NaN,2.598415e-03,0.000000e+00,6.180600e+19,2.111798e+20,0.000000e+00,4.668078e+20,2.740334e+18,5.843460e+20,1.467137e+02,4.694484e+00,1.420192e+02,NaN,NaN,NaN,NaN,4.213278e-02,NaN,3.507955e+06,1.470145e-03
5.645980e+02,3.535465e+03,3.435253e+03,1.547668e+05,1.631445e+05,8.377696e+03,1.000000e+00,NaN,NaN,2.602936e-03,0.000000e+00,6.180600e+19,2.111798e+20,0.000000e+00,4.668077e+20,2.740334e+18,5.843460e+20,1.467137e+02,4.694484e+00,1.420192e+02,NaN,NaN,NaN,NaN,4.213278e-02,NaN,3.507955e+06,1.472772e-03
5.693029e+02,3.532968e+03,3.433100e+03,1.539686e+05,1.623463e+05,8.377695e+03,1.000000e+00,NaN,NaN,2.607468e-03,0.000000e+00,6.180600e+19,2.111798e+20,0.000000e+00,4.668077e+20,2.740334e+18,5.843460e+20,1.467137e+02,4.694484e+00,1.420192e+02,NaN,NaN,NaN,NaN,4.213278e-02,NaN,3.507955e+06,1.475409e-03
5.740321e+02,3.530471e+03,3.430947e+03,1.531744e+05,1.615521e+05,8.377694e+03,1.000000e+00,NaN,NaN,2.612011e-03,0.000000e+00,6.180600e+19,2.111798e+20,0.000000e+00,4.668077e+20,2.740334e+18,5.843460e+20,1.467137e+02,4.694483e+00,1.420192e+02,NaN,NaN,NaN,NaN,4.213278e-02,NaN,3.507955e+06,1.478055e-03
5.787858e+02,3.527973e+03,3.428792e+03,1.523840e+05,1.607617e+05,8.377694e+03,1.000000e+00,NaN,NaN,2.616566e-03,0.000000e+00,6.180600e+19,2.111798e+20,0.000000e+00,4.668077e+20,2.740334e+18,5.843460e+20,1.467137e+02,4.694483e+00,1.420192e+02,NaN,NaN,NaN,NaN,4.213278e-02,NaN,3.507955e+06,1.480712e-03
5.835642e+02,3.525476e+03,3.426636e+03,1.515975e+05,1.599752e+05,8.377693e+03,1.000000e+00,NaN,NaN,2.621131e-03,0.000000e+00,6.180600e+19,2.111798e+20,0.000000e+00,4.668077e+20,2.740333e+18,5.843460e+20,1.467137e+02,4.694483e+00,1.420192e+02,NaN,NaN,NaN,NaN,4.213278e-02,NaN,3.507955e+06,1.483379e-03
5.883674e+02,3.522978e+03,3.424479e+03,1.508149e+05,1.591926e+05,8.377692e+03,1.000000e+00,NaN,NaN,2.625707e-03,0.000000e+00,6.180600e+19,2.111798e+20,0.000000e+00,4.668076e+20,2.740333e+18,5.843460e+20,1.467137e+02,4.694482e+00,1.420192e+02,NaN,NaN,NaN,NaN,4.213278e-02,NaN,3.507955e+06,1.486056e-03
5.931955e+02,3.520481e+03,3.422321e+03,1.500362e+05,1.584139e+05,8.377692e+03,1.000000e+00,NaN,NaN,2.630295e-03,0.000000e+00,6.180600e+19,2.111798e+20,0.000000e+00,4.668076e+20,2.740333e+18,5.843460e+20,1.467137e+02,4.694482e+00,1.420192e+02,NaN,NaN,NaN,NaN,4.213278e-02,NaN,3.507955e+06,1.488743e-03
5.980487e+02,3.517983e+03,3.420161e+03,1.492613e+05,1.576390e+05,8.377691e+03,1.000000e+00,NaN,NaN,2.634894e-03,0.000000e+00,6.180600e+19,2.111798e+20,0.000000e+00,4.668076e+20,2.740333e+18,5.843460e+20,1.467137e+02,4.694482e+00,1.420192e+02,NaN,NaN,NaN,NaN,4.213278e-02,NaN,3.507955e+06,1.491440e-03
6.029270e+02,3.515486e+03,3.418000e+03,1.484901e+05,1.568678e+05,8.377690e+03,1.000000e+00,NaN,NaN,2.639504e-03,0.000000e+00,6.180600e+19,2.111798e+20,0.000000e+00,4.668076e+20,2.740333e+18,5.843460e+20,1.467137e+02,4.694481e+00,1.420192e+02,NaN,NaN,NaN,NaN,4.213278e-02,NaN,3.507955e+06,1.494148e-03
6.078308e+02,3.512989e+03,3.415839e+03,1.477228e+05,1.561005e+05,8.377690e+03,1.000000e+00,NaN,NaN,2.644126e-03,0.000000e+00,6.180600e+19,2.111798e+20,0.000000e+00,4.668076e+20,2.740332e+18,5.843460e+20,1.467137e+02,4.694481e+00,1.420192e+02,NaN,NaN,NaN,NaN,4.213278e-02,NaN,3.507955e+06,1.496866e-03
6.127599e+02,3.510491e+03,3.413676e+03,1.469593e+05,1.553370e+05,8.377689e+03,1.000000e+00,NaN,NaN,2.648759e-03,0.000000e+00,6.180600e+19,2.111798e+20,0.000000e+00,4.668075e+20,2.740332e+18,5.843460e+20,1.467137e+02,4.694481e+00,1.420192e+02,NaN,NaN,NaN,NaN,4.213278e-02,NaN,3.507955e+06,1.499594e-03
6.177147e+02,3.507994e+03,3.411512e+03,1.461995e+05,1.545772e+05,8.377688e+03,1.000000e+00,NaN,NaN,2.653403e-03,0.000000e+00,6.180600e+19,2.111798e+20,0.000000e+00,4.668075e+20,2.740332e+18,5.843460e+20,1.467137e+02,4.694480e+00,1.420192e+02,NaN,NaN,NaN,NaN,4.213278e-02,NaN,3.507955e+06,1.502333e-03
6.226953e+02,3.505496e+03,3.409347e+03,1.454434e+05,1.538211e+05,8.377688e+03,1.000000e+00,NaN,NaN,2.658059e-03,0.000000e+00,6.180600e+19,2.111798e+20,0.000000e+00,4.668075e+20,2.740332e+18,5.843460e+20,1.467137e+02,4.694480e+00,1.420192e+02,NaN,NaN,NaN,NaN,4.213278e-02,NaN,3.507955e+06,1.505082e-03
6.277017e+02,3.502999e+03,3.407180e+03,1.446911e+05,1.530688e+05,8.377687e+03,1.000000e+00,NaN,NaN,2.662726e-03,0.000000e+00,6.180600e+19,2.111798e+20,0.000000e+00,4.668075e+20,2.740332e+18,5.843460e+20,1.467137e+02,4.694480e+00,1.420192e+02,NaN,NaN,NaN,NaN,4.213278e-02,NaN,3.507955e+06,1.507841e-03
6.327342e+02,3.500502e+03,3.405013e+03,1.439425e+05,1.523202e+05,8.377686e+03,1.000000e+00,NaN,NaN,2.667404e-03,0.000000e+00,6.180600e+19,2.111798e+20,0.000000e+00,4.668074e+20,2.740331e+18,5.843460e+20,1.467137e+02,4.694479e+00,1.420192e+02,NaN,NaN,NaN,NaN,4.213278e-02,NaN,3.507955e+06,1.510611e-03
6.377929e+02,3.498004e+03,3.402844e+03,1.431976e+05,1.515753e+05,8.377685e+03,1.000000e+00,NaN,NaN,2.672095e-03,0.000000e+00,6.180600e+19,2.111798e+20,0.000000e+00,4.668074e+20,2.740331e+18,5.843460e+20,1.467137e+02,4.694479e+00,1.420192e+02,NaN,NaN,NaN,NaN,4.213278e-02,NaN,3.507955e+06,1.513392e-03
6.428778e+02,3.495507e+03,3.400675e+03,1.424563e+05,1.508340e+05,8.377685e+03,1.000000e+00,NaN,NaN,2.676796e-03,0.000000e+00,6.180600e+19,2.111798e+20,0.000000e+00,4.668074e+20,2.740331e+18,5.843460e+20,1.467137e+02,4.694479e+00,1.420192e+02,NaN,NaN,NaN,NaN,4.213278e-02,NaN,3.507955e+06,1.516184e-03
6.479893e+02,3.493009e+03,3.398504e+03,1.417187e+05,1.500964e+05,8.377684e+03,1.000000e+00,NaN,NaN,2.681510e-03,0.000000e+00,6.180600e+19,2.111798e+20,0.000000e+00,4.668074e+20,2.740331e+18,5.843460e+20,1.467137e+02,4.694478e+00,1.420192e+02,NaN,NaN,NaN,NaN,4.213278e-02,NaN,3.507955e+06,1.518986e-03
6.531273e+02,3.490512e+03,3.396332e+03,1.409847e+05,1.493624e+05,8.377683e+03,1.000000e+00,NaN,NaN,2.686235e-03,0.000000e+00,6.180600e+19,2.111798e+20,0.000000e+00,4.668074e+20,2.740331e+18,5.843460e+20,1.467137e+02,4.694478e+00,1.420192e+02,NaN,NaN,NaN,NaN,4.213278e-02,NaN,3.507955e+06,1.521799e-03
6.582921e+02,3.488015e+03,3.394159e+03,1.402544e+05,1.486321e+05,8.377683e+03,1.000000e+00,NaN,NaN,2.690971e-03,0.000000e+00,6.180600e+19,2.111798e+20,0.000000e+00,4.668073e+20,2.740330e+18,5.843460e+20,1.467137e+02,4.694478e+00,1.420192e+02,NaN,NaN,NaN,NaN,4.213278e-02,NaN,3.507955e+06,1.524623e-03
6.634838e+02,3.485517e+03,3.391985e+03,1.395277e+05,1.479053e+05,8.377682e+03,1.000000e+00,NaN,NaN,2.695720e-03,0.000000e+00,6.180600e+19,2.111798e+20,0.000000e+00,4.668073e+20,2.740330e+18,5.843460e+20,1.467137e+02,4.694477e+00,1.420192e+02,NaN,NaN,NaN,NaN,4.213278e-02,NaN,3.507955e+06,1.527458e-03
6.687025e+02,3.483020e+03,3.389810e+03,1.388045e+05,1.471822e+05,8.377681e+03,1.000000e+00,NaN,NaN,2.700480e-03,0.000000e+00,6.180600e+19,2.111798e+20,0.000000e+00,4.668073e+20,2.740330e+18,5.843460e+20,1.467137e+02,4.694477e+00,1.420192e+02,NaN,NaN,NaN,NaN,4.213278e-02,NaN,3.507955e+06,1.530304e-03
6.739484e+02,3.480522e+03,3.387633e+03,1.380849e+05,1.464626e+05,8.377680e+03,1.000000e+00,NaN,NaN,2.705252e-03,0.000000e+00,6.180600e+19,2.111798e+20,0.000000e+00,4.668073e+20,2.740330e+18,5.843460e+20,1.467137e+02,4.694476e+00,1.420192e+02,NaN,NaN,NaN,NaN,4.213278e-02,NaN,3.507955e+06,1.533161e-03
6.792217e+02,3.478025e+03,3.385456e+03,1.373689e+05,1.457466e+05,8.377680e+03,1.000000e+00,NaN,NaN,2.710036e-03,0.000000e+00,6.180600e+19,2.111798e+20,0.000000e+00,4.668073e+20,2.740330e+18,5.843460e+20,1.467137e+02,4.694476e+00,1.420192e+02,NaN,NaN,NaN,NaN,4.213278e-02,NaN,3.507955e+06,1.536029e-03
6.845224e+02,3.475528e+03,3.383277e+03,1.366564e+05,1.450341e+05,8.377679e+03,1.000000e+00,NaN,NaN,2.714831e-03,0.000000e+00,6.180601e+19,2.111798e+20,0.000000e+00,4.668072e+20,2.740329e+18,5.843459e+20,1.467137e+02,4.694476e+00,1.420192e+02,NaN,NaN,NaN,NaN,4.213278e-02,NaN,3.507955e+06,1.538909e-03
6.898508e+02,3.473030e+03,3.381098e+03,1.359474e+05,1.443251e+05,8.377678e+03,1.000000e+00,NaN,NaN,2.719639e-03,0.000000e+00,6.180601e+19,2.111798e+20,0.000000e+00,4.668072e+20,2.740329e+18,5.843459e+20,1.467137e+02,4.694475e+00,1.420192e+02,NaN,NaN,NaN,NaN,4.213278e-02,NaN,3.507955e+06,1.541799e-03
6.952070e+02,3.470533e+03,3.378917e+03,1.352420e+05,1.436196e+05,8.377677e+03,1.000000e+00,NaN,NaN,2.724458e-03,0.000000e+00,6.180601e+19,2.111798e+20,0.000000e+00,4.668072e+20,2.740329e+18,5.843459e+20,1.467137e+02,4.694475e+00,1.420192e+02,NaN,NaN,NaN,NaN,4.213278e-02,NaN,3.507955e+06,1.544701e-03
7.005911e+02,3.468035e+03,3.376735e+03,1.345400e+05,1.429177e+05,8.377677e+03,1.000000e+00,NaN,NaN,2.729290e-03,0.000000e+00,6.180601e+19,2.111798e+20,0.000000e+00,4.668072e+20,2.740329e+18,5.843459e+20,1.467137e+02,4.694475e+00,1.420192e+02,NaN,NaN,NaN,NaN,4.213278e-02,NaN,3.507955e+06,1.547614e-03
7.060034e+02,3.465538e+03,3.374552e+03,1.338415e+05,1.422191e+05,8.377676e+03,1.000000e+00,NaN,NaN,2.734134e-03,0.000000e+00,6.180601e+19,2.111798e+20,0.000000e+00,4.668071e+20,2.740328e+18,5.843459e+20,1.467137e+02,4.694474e+00,1.420192e+02,NaN,NaN,NaN,NaN,4.213278e-02,NaN,3.507955e+06,1.550538e-03
7.114438e+02,3.463041e+03,3.372368e+03,1.331464e+05,1.415241e+05,8.377675e+03,1.000000e+00,NaN,NaN,2.738990e-03,0.000000e+00,6.180601e+19,2.111798e+20,0.000000e+00,4.668071e+20,2.740328e+18,5.843459e+20,1.467137e+02,4.694474e+00,1.420192e+02,NaN,NaN,NaN,NaN,4.213278e-02,NaN,3.507955e+06,1.553474e-03
7.169127e+02,3.460543e+03,3.370183e+03,1.324548e+05,1.408325e+05,8.377674e+03,1.000000e+00,NaN,NaN,2.743857e-03,0.000000e+00,6.180601e+19,2.111798e+20,0.000000e+00,4.668071e+20,2.740328e+18,5.843459e+20,1.467137e+02,4.694473e+00,1.420192e+02,NaN,NaN,NaN,NaN,4.213278e-02,NaN,3.507955e+06,1.556422e-03
7.224101e+02,3.458046e+03,3.367997e+03,1.317666e+05,1.401443e+05,8.377674e+03,1.000000e+00,NaN,NaN,2.748738e-03,0.000000e+00,6.180601e+19,2.111798e+20,0.000000e+00,4.668071e+20,2.740328e+18,5.843459e+20,1.467137e+02,4.694473e+00,1.420192e+02,NaN,NaN,NaN,NaN,4.213278e-02,NaN,3.507955e+06,1.559381e-03
7.279362e+02,3.455548e+03,3.365810e+03,1.310818e+05,1.394595e+05,8.377673e+03,1.000000e+00,NaN,NaN,2.753630e-03,0.000000e+00,6.180601e+19,2.111798e+20,0.000000e+00,4.668070e+20,2.740328e+18,5.843459e+20,1.467137e+02,4.694473e+00,1.420192e+02,NaN,NaN,NaN,NaN,4.213278e-02,NaN,3.507955e+06,1.562352e-03
7.334912e+02,3.453051e+03,3.363622e+03,1.304004e+05,1.387781e+05,8.377672e+03,1.000000e+00,NaN,NaN,2.758535e-03,0.000000e+00,6.180601e+19,2.111798e+20,0.000000e+00,4.668070e+20,2.740327e+18,5.843459e+20,1.467137e+02,4.694472e+00,1.420192e+02,NaN,NaN,NaN,NaN,4.213278e-02,NaN,3.507955e+06,1.565334e-03
7.390753e+02,3.450554e+03,3.361433e+03,1.297224e+05,1.381000e+05,8.377671e+03,1.000000e+00,NaN,NaN,2.763451e-03,0.000000e+00,6.180601e+19,2.111798e+20,0.000000e+00,4.668070e+20,2.740327e+18,5.843459e+20,1.467137e+02,4.694472e+00,1.420192e+02,NaN,NaN,NaN,NaN,4.213278e-02,NaN,3.507955e+06,1.568329e-03
7.446885e+02,3.448056e+03,3.359242e+03,1.290477e+05,1.374254e+05,8.377671e+03,1.000000e+00,NaN,NaN,2.768381e-03,0.000000e+00,6.180601e+19,2.111798e+20,0.000000e+00,4.668070e+20,2.740327e+18,5.843459e+20,1.467137e+02,4.694471e+00,1.420192e+02,NaN,NaN,NaN,NaN,4.213278e-02,NaN,3.507955e+06,1.571335e-03
7.503311e+02,3.445559e+03,3.357051e+03,1.283764e+05,1.367540e+05,8.377670e+03,1.000000e+00,NaN,NaN,2.773323e-03,0.000000e+00,6.180601e+19,2.111798e+20,0.000000e+00,4.668070e+20,2.740327e+18,5.843459e+20,1.467137e+02,4.694471e+00,1.420192e+02,NaN,NaN,NaN,NaN,4.213278e-02,NaN,3.507955e+06,1.574353e-03
7.560032e+02,3.443061e+03,3.354859e+03,1.277084e+05,1.360860e+05,8.377669e+03,1.000000e+00,NaN,NaN,2.778277e-03,0.000000e+00,6.180601e+19,2.111798e+20,0.000000e+00,4.668069e+20,2.740326e+18,5.843459e+20,1.467137e+02,4.694471e+00,1.420192e+02,NaN,NaN,NaN,NaN,4.213278e-02,NaN,3.507955e+06,1.577383e-03
7.617050e+02,3.440564e+03,3.352665e+03,1.270437e+05,1.354213e+05,8.377668e+03,1.000000e+00,NaN,NaN,2.783243e-03,0.000000e+00,6.180601e+19,2.111798e+20,0.000000e+00,4.668069e+20,2.740326e+18,5.843459e+20,1.467137e+02,4.694470e+00,1.420192e+02,NaN,NaN,NaN,NaN,4.213278e-02,NaN,3.507955e+06,1.580425e-03
7.674366e+02,3.438067e+03,3.350471e+03,1.263822e+05,1.347599e+05,8.377668e+03,1.000000e+00,NaN,NaN,2.788223e-03,0.000000e+00,6.180601e+19,2.111798e+20,0.000000e+00,4.668069e+20,2.740326e+18,5.843459e+20,1.467137e+02,4.694470e+00,1.420192e+02,NaN,NaN,NaN,NaN,4.213278e-02,NaN,3.507955e+06,1.583479e-03
7.731982e+02,3.435569e+03,3.348275e+03,1.257241e+05,1.341018e+05,8.377667e+03,1.000000e+00,NaN,NaN,2.793214e-03,0.000000e+00,6.180601e+19,2.111798e+20,0.000000e+00,4.668069e+20,2.740326e+18,5.843459e+20,1.467137e+02,4.694469e+00,1.420192e+02,NaN,NaN,NaN,NaN,4.213278e-02,NaN,3.507955e+06,1.586546e-03
7.789900e+02,3.433072e+03,3.346079e+03,1.250692e+05,1.334469e+05,8.377666e+03,1.000000e+00,NaN,NaN,2.798219e-03,0.000000e+00,6.180601e+19,2.111798e+20,0.000000e+00,4.668068e+20,2.740325e+18,5.843459e+20,1.467137e+02,4.694469e+00,1.420192e+02,NaN,NaN,NaN,NaN,4.213278e-02,NaN,3.507955e+06,1.589624e-03
7.848121e+02,3.430574e+03,3.343881e+03,1.244176e+05,1.327953e+05,8.377665e+03,1.000000e+00,NaN,NaN,2.803236e-03,0.000000e+00,6.180601e+19,2.111798e+20,0.000000e+00,4.668068e+20,2.740325e+18,5.843459e+20,1.467137e+02,4.694469e+00,1.420192e+02,NaN,NaN,NaN,NaN,4.213278e-02,NaN,3.507955e+06,1.592715e-03
7.906646e+02,3.428077e+03,3.341682e+03,1.237692e+05,1.321469e+05,8.377664e+03,1.000000e+00,NaN,NaN,2.808266e-03,0.000000e+00,6.180601e+19,2.111798e+20,0.000000e+00,4.668068e+20,2.740325e+18,5.843459e+20,1.467137e+02,4.694468e+00,1.420192e+02,NaN,NaN,NaN,NaN,4.213278e-02,NaN,3.507955e+06,1.595819e-03
7.965479e+02,3.425580e+03,3.339483e+03,1.231241e+05,1.315017e+05,8.377664e+03,1.000000e+00,NaN,NaN,2.813309e-03,0.000000e+00,6.180601e+19,2.111798e+20,0.000000e+00,4.668068e+20,2.740325e+18,5.843459e+20,1.467137e+02,4.694468e+00,1.420192e+02,NaN,NaN,NaN,NaN,4.213278e-02,NaN,3.507955e+06,1.598935e-03
8.024620e+02,3.423082e+03,3.337282e+03,1.224821e+05,1.308597e+05,8.377663e+03,1.000000e+00,NaN,NaN,2.818364e-03,0.000000e+00,6.180601e+19,2.111798e+20,0.000000e+00,4.668067e+20,2.740324e+18,5.843459e+20,1.467137e+02,4.694467e+00,1.420192e+02,NaN,NaN,NaN,NaN,4.213278e-02,NaN,3.507955e+06,1.602063e-03
8.084071e+02,3.420585e+03,3.335080e+03,1.218433e+05,1.302209e+05,8.377662e+03,1.000000e+00,NaN,NaN,2.823433e-03,0.000000e+00,6.180601e+19,2.111798e+20,0.000000e+00,4.668067e+20,2.740324e+18,5.843459e+20,1.467137e+02,4.694467e+00,1.420192e+02,NaN,NaN,NaN,NaN,4.213278e-02,NaN,3.507955e+06,1.605204e-03
8.143833e+02,3.418088e+03,3.332878e+03,1.212077e+05,1.295853e+05,8.377661e+03,1.000000e+00,NaN,NaN,2.828514e-03,0.000000e+00,6.180601e+19,2.111798e+20,0.000000e+00,4.668067e+20,2.740324e+18,5.843459e+20,1.467137e+02,4.694467e+00,1.420192e+02,NaN,NaN,NaN,NaN,4.213278e-02,NaN,3.507955e+06,1.608357e-03
8.203909e+02,3.415590e+03,3.330674e+03,1.205752e+05,1.289528e+05,8.377660e+03,1.000000e+00,NaN,NaN,2.833608e-03,0.000000e+00,6.180601e+19,2.111798e+20,0.000000e+00,4.668067e+20,2.740324e+18,5.843459e+20,1.467137e+02,4.694466e+00,1.420192e+02,NaN,NaN,NaN,NaN,4.213278e-02,NaN,3.507955e+06,1.611524e-03
8.264301e+02,3.413093e+03,3.328469e+03,1.199458e+05,1.283235e+05,8.377659e+03,1.000000e+00,NaN,NaN,2.838715e-03,0.000000e+00,6.180601e+19,2.111798e+20,0.000000e+00,4.668066e+20,2.740323e+18,5.843459e+20,1.467137e+02,4.694466e+00,1.420192e+02,NaN,NaN,NaN,NaN,4.213278e-02,NaN,3.507955e+06,1.614703e-03
8.325009e+02,3.410595e+03,3.326263e+03,1.193196e+05,1.276973e+05,8.377659e+03,1.000000e+00,NaN,NaN,2.843836e-03,0.000000e+00,6.180601e+19,2.111798e+20,0.000000e+00,4.668066e+20,2.740323e+18,5.843459e+20,1.467137e+02,4.694465e+00,1.420192e+02,NaN,NaN,NaN,NaN,4.213278e-02,NaN,3.507955e+06,1.617895e-03
8.386035e+02,3.408098e+03,3.324057e+03,1.186965e+05,1.270742e+05,8.377658e+03,1.000000e+00,NaN,NaN,2.848969e-03,0.000000e+00,6.180601e+19,2.111798e+20,0.000000e+00,4.668066e+20,2.740323e+18,5.843459e+20,1.467137e+02,4.694465e+00,1.420192e+02,NaN,NaN,NaN,NaN,4.213278e-02,NaN,3.507955e+06,1.621100e-03
8.447383e+02,3.405601e+03,3.321849e+03,1.180765e+05,1.264542e+05,8.377657e+03,1.000000e+00,NaN,NaN,2.854116e-03,0.000000e+00,6.180601e+19,2.111798e+20,0.000000e+00,4.668066e+20,2.740323e+18,5.843459e+20,1.467137e+02,4.694464e+00,1.420192e+02,NaN,NaN,NaN,NaN,4.213278e-02,NaN,3.507955e+06,1.624318e-03
8.509052e+02,3.403103e+03,3.319640e+03,1.174596e+05,1.258372e+05,8.377656e+03,1.000000e+00,NaN,NaN,2.859276e-03,0.000000e+00,6.180601e+19,2.111798e+20,0.000000e+00,4.668065e+20,2.740322e+18,5.843459e+20,1.467137e+02,4.694464e+00,1.420192e+02,NaN,NaN,NaN,NaN,4.213278e-02,NaN,3.507955e+06,1.627549e-03
8.571045e+02,3.400606e+03,3.317431e+03,1.168457e+05,1.252234e+05,8.377655e+03,1.000000e+00,NaN,NaN,2.864449e-03,0.000000e+00,6.180601e+19,2.111798e+20,0.000000e+00,4.668065e+20,2.740322e+18,5.843459e+20,1.467137e+02,4.694463e+00,1.420192e+02,NaN,NaN,NaN,NaN,4.213278e-02,NaN,3.507955e+06,1.630793e-03
8.633364e+02,3.398108e+03,3.315220e+03,1.162349e+05,1.246125e+05,8.377654e+03,1.000000e+00,NaN,NaN,2.869636e-03,0.000000e+00,6.180601e+19,2.111798e+20,0.000000e+00,4.668065e+20,2.740322e+18,5.843459e+20,1.467137e+02,4.694463e+00,1.420192e+02,NaN,NaN,NaN,NaN,4.213278e-02,NaN,3.507955e+06,1.634051e-03
8.696011e+02,3.395611e+03,3.313008e+03,1.156271e+05,1.240047e+05,8.377653e+03,1.000000e+00,NaN,NaN,2.874835e-03,0.000000e+00,6.180601e+19,2.111798e+20,0.000000e+00,4.668064e+20,2.740322e+18,5.843459e+20,1.467137e+02,4.694463e+00,1.420192e+02,NaN,NaN,NaN,NaN,4.213278e-02,NaN,3.507955e+06,1.637322e-03
8.758986e+02,3.393114e+03,3.310796e+03,1.150223e+05,1.234000e+05,8.377653e+03,1.000000e+00,NaN,NaN,2.880049e-03,0.000000e+00,6.180601e+19,2.111798e+20,0.000000e+00,4.668064e+20,2.740321e+18,5.843459e+20,1.467137e+02,4.694462e+00,1.420192e+02,NaN,NaN,NaN,NaN,4.213278e-02,NaN,3.507955e+06,1.640606e-03
8.822293e+02,3.390616e+03,3.308582e+03,1.144205e+05,1.227982e+05,8.377652e+03,1.000000e+00,NaN,NaN,2.885275e-03,0.000000e+00,6.180601e+19,2.111798e+20,0.000000e+00,4.668064e+20,2.740321e+18,5.843459e+20,1.467137e+02,4.694462e+00,1.420192e+02,NaN,NaN,NaN,NaN,4.213278e-02,NaN,3.507955e+06,1.643904e-03
8.885933e+02,3.388119e+03,3.306368e+03,1.138217e+05,1.221994e+05,8.377651e+03,1.000000e+00,NaN,NaN,2.890516e-03,0.000000e+00,6.180601e+19,2.111798e+20,0.000000e+00,4.668064e+20,2.740321e+18,5.843459e+20,1.467137e+02,4.694461e+00,1.420192e+02,NaN,NaN,NaN,NaN,4.213278e-02,NaN,3.507955e+06,1.647215e-03
8.949908e+02,3.385622e+03,3.304152e+03,1.132259e+05,1.216036e+05,8.377650e+03,1.000000e+00,NaN,NaN,2.895770e-03,0.000000e+00,6.180601e+19,2.111798e+20,0.000000e+00,4.668063e+20,2.740321e+18,5.843459e+20,1.467137e+02,4.694461e+00,1.420192e+02,NaN,NaN,NaN,NaN,4.213278e-02,NaN,3.507955e+06,1.650540e-03
9.014220e+02,3.383124e+03,3.301935e+03,1.126331e+05,1.210107e+05,8.377649e+03,1.000000e+00,NaN,NaN,2.901037e-03,0.000000e+00,6.180601e+19,2.111798e+20,0.000000e+00,4.668063e+20,2.740320e+18,5.843459e+20,1.467137e+02,4.694460e+00,1.420192e+02,NaN,NaN,NaN,NaN,4.213278e-02,NaN,3.507955e+06,1.653878e-03
9.078870e+02,3.380627e+03,3.299718e+03,1.120432e+05,1.204208e+05,8.377648e+03,1.000000e+00,NaN,NaN,2.906319e-03,0.000000e+00,6.180601e+19,2.111798e+20,0.000000e+00,4.668063e+20,2.740320e+18,5.843459e+20,1.467137e+02,4.694460e+00,1.420192e+02,NaN,NaN,NaN,NaN,4.213278e-02,NaN,3.507955e+06,1.657231e-03
9.143860e+02,3.378129e+03,3.297500e+03,1.114562e+05,1.198338e+05,8.377647e+03,1.000000e+00,NaN,NaN,2.911614e-03,0.000000e+00,6.180601e+19,2.111798e+20,0.000000e+00,4.668063e+20,2.740320e+18,5.843459e+20,1.467137e+02,4.694459e+00,1.420192e+02,NaN,NaN,NaN,NaN,4.213278e-02,NaN,3.507955e+06,1.660597e-03
9.209193e+02,3.375632e+03,3.295280e+03,1.108721e+05,1.192498e+05,8.377646e+03,1.000000e+00,NaN,NaN,2.916922e-03,0.000000e+00,6.180601e+19,2.111798e+20,0.000000e+00,4.668062e+20,2.740320e+18,5.843459e+20,1.467137e+02,4.694459e+00,1.420192e+02,NaN,NaN,NaN,NaN,4.213278e-02,NaN,3.507955e+06,1.663977e-03
9.274870e+02,3.373135e+03,3.293060e+03,1.102909e+05,1.186686e+05,8.377645e+03,1.000000e+00,NaN,NaN,2.922245e-03,0.000000e+00,6.180601e+19,2.111798e+20,0.000000e+00,4.668062e+20,2.740319e+18,5.843459e+20,1.467137e+02,4.694459e+00,1.420192e+02,NaN,NaN,NaN,NaN,4.213278e-02,NaN,3.507955e+06,1.667371e-03
9.340893e+02,3.370637e+03,3.290839e+03,1.097127e+05,1.180903e+05,8.377645e+03,1.000000e+00,NaN,NaN,2.927582e-03,0.000000e+00,6.180601e+19,2.111798e+20,0.000000e+00,4.668062e+20,2.740319e+18,5.843459e+20,1.467137e+02,4.694458e+00,1.420192e+02,NaN,NaN,NaN,NaN,4.213278e-02,NaN,3.507955e+06,1.670779e-03
9.407264e+02,3.368140e+03,3.288616e+03,1.091373e+05,1.175149e+05,8.377644e+03,1.000000e+00,NaN,NaN,2.932932e-03,0.000000e+00,6.180601e+19,2.111798e+20,0.000000e+00,4.668062e+20,2.740319e+18,5.843459e+20,1.467137e+02,4.694458e+00,1.420192e+02,NaN,NaN,NaN,NaN,4.213278e-02,NaN,3.507955e+06,1.674202e-03
9.473985e+02,3.365643e+03,3.286393e+03,1.085647e+05,1.169424e+05,8.377643e+03,1.000000e+00,NaN,NaN,2.938297e-03,0.000000e+00,6.180601e+19,2.111798e+20,0.000000e+00,4.668061e+20,2.740318e+18,5.843459e+20,1.467137e+02,4.694457e+00,1.420192e+02,NaN,NaN,NaN,NaN,4.213279e-02,NaN,3.507955e+06,1.677638e-03
9.541058e+02,3.363145e+03,3.284169e+03,1.079950e+05,1.163727e+05,8.377642e+03,1.000000e+00,NaN,NaN,2.943676e-03,0.000000e+00,6.180601e+19,2.111798e+20,0.000000e+00,4.668061e+20,2.740318e+18,5.843459e+20,1.467137e+02,4.694457e+00,1.420192e+02,NaN,NaN,NaN,NaN,4.213279e-02,NaN,3.507955e+06,1.681089e-03
9.608485e+02,3.360648e+03,3.281944e+03,1.074281e+05,1.158058e+05,8.377641e+03,1.000000e+00,NaN,NaN,2.949068e-03,0.000000e+00,6.180601e+19,2.111798e+20,0.000000e+00,4.668061e+20,2.740318e+18,5.843459e+20,1.467137e+02,4.694456e+00,1.420192e+02,NaN,NaN,NaN,NaN,4.213279e-02,NaN,3.507955e+06,1.684555e-03
9.676268e+02,3.358150e+03,3.279718e+03,1.068641e+05,1.152417e+05,8.377640e+03,1.000000e+00,NaN,NaN,2.954475e-03,0.000000e+00,6.180601e+19,2.111798e+20,0.000000e+00,4.668060e+20,2.740318e+18,5.843459e+20,1.467137e+02,4.694456e+00,1.420192e+02,NaN,NaN,NaN,NaN,4.213279e-02,NaN,3.507955e+06,1.688035e-03
9.744408e+02,3.355653e+03,3.277491e+03,1.063028e+05,1.146805e+05,8.377639e+03,1.000000e+00,NaN,NaN,2.959897e-03,0.000000e+00,6.180601e+19,2.111798e+20,0.000000e+00,4.668060e+20,2.740317e+18,5.843459e+20,1.467137e+02,4.694455e+00,1.420192e+02,NaN,NaN,NaN,NaN,4.213279e-02,NaN,3.507955e+06,1.691529e-03
9.812909e+02,3.353156e+03,3.275263e+03,1.057444e+05,1.141220e+05,8.377638e+03,1.000000e+00,NaN,NaN,2.965332e-03,0.000000e+00,6.180601e+19,2.111798e+20,0.000000e+00,4.668060e+20,2.740317e+18,5.843458e+20,1.467137e+02,4.694455e+00,1.420192e+02,NaN,NaN,NaN,NaN,4.213279e-02,NaN,3.507955e+06,1.695038e-03
9.881771e+02,3.350658e+03,3.273035e+03,1.051887e+05,1.135663e+05,8.377637e+03,1.000000e+00,NaN,NaN,2.970782e-03,0.000000e+00,6.180601e+19,2.111798e+20,0.000000e+00,4.668060e+20,2.740317e+18,5.843458e+20,1.467137e+02,4.694454e+00,1.420192e+02,NaN,NaN,NaN,NaN,4.213279e-02,NaN,3.507955e+06,1.698562e-03
9.950997e+02,3.348161e+03,3.270805e+03,1.046357e+05,1.130134e+05,8.377636e+03,1.000000e+00,NaN,NaN,2.976247e-03,0.000000e+00,6.180601e+19,2.111798e+20,0.000000e+00,4.668059e+20,2.740317e+18,5.843458e+20,1.467137e+02,4.694454e+00,1.420192e+02,NaN,NaN,NaN,NaN,4.213279e-02,NaN,3.507955e+06,1.702101e-03
1.002059e+03,3.345664e+03,3.268574e+03,1.040856e+05,1.124632e+05,8.377635e+03,1.000000e+00,NaN,NaN,2.981726e-03,0.000000e+00,6.180601e+19,2.111798e+20,0.000000e+00,4.668059e+20,2.740316e+18,5.843458e+20,1.467137e+02,4.694453e+00,1.420192e+02,NaN,NaN,NaN,NaN,4.213279e-02,NaN,3.507955e+06,1.705655e-03
1.009055e+03,3.343166e+03,3.266343e+03,1.035381e+05,1.119157e+05,8.377634e+03,1.000000e+00,NaN,NaN,2.987219e-03,0.000000e+00,6.180601e+19,2.111798e+20,0.000000e+00,4.668059e+20,2.740316e+18,5.843458e+20,1.467137e+02,4.694453e+00,1.420192e+02,NaN,NaN,NaN,NaN,4.213279e-02,NaN,3.507955e+06,1.709224e-03
1.016088e+03,3.340669e+03,3.264111e+03,1.029934e+05,1.113710e+05,8.377633e+03,1.000000e+00,NaN,NaN,2.992727e-03,0.000000e+00,6.180601e+19,2.111798e+20,0.000000e+00,4.668058e+20,2.740316e+18,5.843458e+20,1.467137e+02,4.694452e+00,1.420192e+02,NaN,NaN,NaN,NaN,4.213279e-02,NaN,3.507955e+06,1.712807e-03
1.023158e+03,3.338172e+03,3.261877e+03,1.024514e+05,1.108290e+05,8.377632e+03,1.000000e+00,NaN,NaN,2.998250e-03,0.000000e+00,6.180601e+19,2.111798e+20,0.000000e+00,4.668058e+20,2.740315e+18,5.843458e+20,1.467137e+02,4.694452e+00,1.420192e+02,NaN,NaN,NaN,NaN,4.213279e-02,NaN,3.507955e+06,1.716407e-03
1.030266e+03,3.335674e+03,3.259643e+03,1.019120e+05,1.102897e+05,8.377631e+03,1.000000e+00,NaN,NaN,3.003787e-03,0.000000e+00,6.180601e+19,2.111798e+20,0.000000e+00,4.668058e+20,2.740315e+18,5.843458e+20,1.467137e+02,4.694451e+00,1.420192e+02,NaN,NaN,NaN,NaN,4.213279e-02,NaN,3.507955e+06,1.720021e-03
1.037411e+03,3.333177e+03,3.257408e+03,1.013754e+05,1.097530e+05,8.377630e+03,1.000000e+00,NaN,NaN,3.009340e-03,0.000000e+00,6.180601e+19,2.111798e+20,0.000000e+00,4.668057e+20,2.740315e+18,5.843458e+20,1.467137e+02,4.694451e+00,1.420192e+02,NaN,NaN,NaN,NaN,4.213279e-02,NaN,3.507955e+06,1.723651e-03
1.044594e+03,3.330679e+03,3.255172e+03,1.008414e+05,1.092190e+05,8.377629e+03,1.000000e+00,NaN,NaN,3.014907e-03,0.000000e+00,6.180601e+19,2.111798e+20,0.000000e+00,4.668057e+20,2.740314e+18,5.843458e+20,1.467137e+02,4.694450e+00,1.420192e+02,NaN,NaN,NaN,NaN,4.213279e-02,NaN,3.507955e+06,1.727296e-03
1.051815e+03,3.328182e+03,3.252935e+03,1.003100e+05,1.086877e+05,8.377628e+03,1.000000e+00,NaN,NaN,3.020489e-03,0.000000e+00,6.180601e+19,2.111798e+20,0.000000e+00,4.668057e+20,2.740314e+18,5.843458e+20,1.467137e+02,4.694450e+00,1.420192e+02,NaN,NaN,NaN,NaN,4.213279e-02,NaN,3.507955e+06,1.730956e-03
1.059074e+03,3.325685e+03,3.250697e+03,9.978135e+04,1.081590e+05,8.377627e+03,1.000000e+00,NaN,NaN,3.026086e-03,0.000000e+00,6.180601e+19,2.111798e+20,0.000000e+00,4.668057e+20,2.740314e+18,5.843458e+20,1.467136e+02,4.694449e+00,1.420192e+02,NaN,NaN,NaN,NaN,4.213279e-02,NaN,3.507955e+06,1.734633e-03
1.066372e+03,3.323187e+03,3.248459e+03,9.925528e+04,1.076329e+05,8.377626e+03,1.000000e+00,NaN,NaN,3.031698e-03,0.000000e+00,6.180601e+19,2.111798e+20,0.000000e+00,4.668056e+20,2.740314e+18,5.843458e+20,1.467136e+02,4.694449e+00,1.420192e+02,NaN,NaN,NaN,NaN,4.213279e-02,NaN,3.507955e+06,1.738325e-03
1.073708e+03,3.320690e+03,3.246219e+03,9.873183e+04,1.071095e+05,8.377625e+03,1.000000e+00,NaN,NaN,3.037325e-03,0.000000e+00,6.180602e+19,2.111798e+20,0.000000e+00,4.668056e+20,2.740313e+18,5.843458e+20,1.467136e+02,4.694448e+00,1.420192e+02,NaN,NaN,NaN,NaN,4.213279e-02,NaN,3.507955e+06,1.742033e-03
1.081084e+03,3.318193e+03,3.243979e+03,9.821097e+04,1.065886e+05,8.377624e+03,1.000000e+00,NaN,NaN,3.042968e-03,0.000000e+00,6.180602e+19,2.111798e+20,0.000000e+00,4.668056e+20,2.740313e+18,5.843458e+20,1.467136e+02,4.694448e+00,1.420192e+02,NaN,NaN,NaN,NaN,4.213279e-02,NaN,3.507955e+06,1.745757e-03
1.088498e+03,3.315695e+03,3.241738e+03,9.769270e+04,1.060703e+05,8.377623e+03,1.000000e+00,NaN,NaN,3.048625e-03,0.000000e+00,6.180602e+19,2.111798e+20,0.000000e+00,4.668055e+20,2.740313e+18,5.843458e+20,1.467136e+02,4.694447e+00,1.420192e+02,NaN,NaN,NaN,NaN,4.213279e-02,NaN,3.507955e+06,1.749497e-03
1.095952e+03,3.313198e+03,3.239496e+03,9.717700e+04,1.055546e+05,8.377622e+03,1.000000e+00,NaN,NaN,3.054298e-03,0.000000e+00,6.180602e+19,2.111798e+20,0.000000e+00,4.668055e+20,2.740312e+18,5.843458e+20,1.467136e+02,4.694447e+00,1.420192e+02,NaN,NaN,NaN,NaN,4.213279e-02,NaN,3.507955e+06,1.753253e-03
1.103446e+03,3.310701e+03,3.237253e+03,9.666387e+04,1.050415e+05,8.377621e+03,1.000000e+00,NaN,NaN,3.059987e-03,0.000000e+00,6.180602e+19,2.111798e+20,0.000000e+00,4.668055e+20,2.740312e+18,5.843458e+20,1.467136e+02,4.694446e+00,1.420192e+02,NaN,NaN,NaN,NaN,4.213279e-02,NaN,3.507955e+06,1.757025e-03
1.110979e+03,3.308203e+03,3.235009e+03,9.615328e+04,1.045309e+05,8.377620e+03,1.000000e+00,NaN,NaN,3.065691e-03,0.000000e+00,6.180602e+19,2.111798e+20,0.000000e+00,4.668054e+20,2.740312e+18,5.843458e+20,1.467136e+02,4.694446e+00,1.420192e+02,NaN,NaN,NaN,NaN,4.213279e-02,NaN,3.507955e+06,1.760813e-03
1.118552e+03,3.305706e+03,3.232764e+03,9.564523e+04,1.040228e+05,8.377619e+03,1.000000e+00,NaN,NaN,3.071410e-03,0.000000e+00,6.180602e+19,2.111798e+20,0.000000e+00,4.668054e+20,2.740311e+18,5.843458e+20,1.467136e+02,4.694445e+00,1.420192e+02,NaN,NaN,NaN,NaN,4.213279e-02,NaN,3.507955e+06,1.764618e-03
1.126165e+03,3.303209e+03,3.230518e+03,9.513969e+04,1.035173e+05,8.377618e+03,1.000000e+00,NaN,NaN,3.077145e-03,0.000000e+00,6.180602e+19,2.111798e+20,0.000000e+00,4.668054e+20,2.740311e+18,5.843458e+20,1.467136e+02,4.694444e+00,1.420192e+02,NaN,NaN,NaN,NaN,4.213279e-02,NaN,3.507955e+06,1.768439e-03
1.133819e+03,3.300711e+03,3.228272e+03,9.463667e+04,1.030143e+05,8.377617e+03,1.000000e+00,NaN,NaN,3.082895e-03,0.000000e+00,6.180602e+19,2.111798e+20,0.000000e+00,4.668053e+20,2.740311e+18,5.843458e+20,1.467136e+02,4.694444e+00,1.420192e+02,NaN,NaN,NaN,NaN,4.213279e-02,NaN,3.507955e+06,1.772277e-03
1.141514e+03,3.298214e+03,3.226025e+03,9.413615e+04,1.025138e+05,8.377616e+03,1.000000e+00,NaN,NaN,3.088662e-03,0.000000e+00,6.180602e+19,2.111798e+20,0.000000e+00,4.668053e+20,2.740310e+18,5.843458e+20,1.467136e+02,4.694443e+00,1.420192e+02,NaN,NaN,NaN,NaN,4.213279e-02,NaN,3.507955e+06,1.776132e-03
1.149249e+03,3.295716e+03,3.223777e+03,9.363811e+04,1.020157e+05,8.377615e+03,1.000000e+00,NaN,NaN,3.094444e-03,0.000000e+00,6.180602e+19,2.111798e+20,0.000000e+00,4.668053e+20,2.740310e+18,5.843458e+20,1.467136e+02,4.694443e+00,1.420192e+02,NaN,NaN,NaN,NaN,4.213279e-02,NaN,3.507955e+06,1.780004e-03
1.157026e+03,3.293219e+03,3.221528e+03,9.314254e+04,1.015202e+05,8.377614e+03,1.000000e+00,NaN,NaN,3.100241e-03,0.000000e+00,6.180602e+19,2.111798e+20,0.000000e+00,4.668052e+20,2.740310e+18,5.843457e+20,1.467136e+02,4.694442e+00,1.420192e+02,NaN,NaN,NaN,NaN,4.213279e-02,NaN,3.507955e+06,1.783892e-03
1.164844e+03,3.290722e+03,3.219278e+03,9.264943e+04,1.010270e+05,8.377613e+03,1.000000e+00,NaN,NaN,3.106055e-03,0.000000e+00,6.180602e+19,2.111798e+20,0.000000e+00,4.668052e+20,2.740310e+18,5.843457e+20,1.467136e+02,4.694442e+00,1.420192e+02,NaN,NaN,NaN,NaN,4.213279e-02,NaN,3.507955e+06,1.787797e-03
1.172703e+03,3.288224e+03,3.217027e+03,9.215877e+04,1.005364e+05,8.377612e+03,1.000000e+00,NaN,NaN,3.111885e-03,0.000000e+00,6.180602e+19,2.111798e+20,0.000000e+00,4.668052e+20,2.740309e+18,5.843457e+20,1.467136e+02,4.694441e+00,1.420192e+02,NaN,NaN,NaN,NaN,4.213279e-02,NaN,3.507955e+06,1.791720e-03
1.180605e+03,3.285727e+03,3.214776e+03,9.167054e+04,1.000482e+05,8.377610e+03,1.000000e+00,NaN,NaN,3.117731e-03,0.000000e+00,6.180602e+19,2.111798e+20,0.000000e+00,4.668051e+20,2.740309e+18,5.843457e+20,1.467136e+02,4.694441e+00,1.420192e+02,NaN,NaN,NaN,NaN,4.213279e-02,NaN,3.507955e+06,1.795659e-03
1.188549e+03,3.283230e+03,3.212523e+03,9.118474e+04,9.956235e+04,8.377609e+03,1.000000e+00,NaN,NaN,3.123593e-03,0.000000e+00,6.180602e+19,2.111798e+20,0.000000e+00,4.668051e+20,2.740309e+18,5.843457e+20,1.467136e+02,4.694440e+00,1.420192e+02,NaN,NaN,NaN,NaN,4.213279e-02,NaN,3.507955e+06,1.799616e-03
1.196534e+03,3.280732e+03,3.210270e+03,9.070134e+04,9.907895e+04,8.377608e+03,1.000000e+00,NaN,NaN,3.129471e-03,0.000000e+00,6.180602e+19,2.111798e+20,0.000000e+00,4.668051e+20,2.740308e+18,5.843457e+20,1.467136e+02,4.694439e+00,1.420192e+02,NaN,NaN,NaN,NaN,4.213279e-02,NaN,3.507955e+06,1.803591e-03
1.204563e+03,3.278235e+03,3.208016e+03,9.022034e+04,9.859795e+04,8.377607e+03,1.000000e+00,NaN,NaN,3.135366e-03,0.000000e+00,6.180602e+19,2.111798e+20,0.000000e+00,4.668050e+20,2.740308e+18,5.843457e+20,1.467136e+02,4.694439e+00,1.420192e+02,NaN,NaN,NaN,NaN,4.213279e-02,NaN,3.507955e+06,1.807583e-03
1.212634e+03,3.275738e+03,3.205761e+03,8.974173e+04,9.811934e+04,8.377606e+03,1.000000e+00,NaN,NaN,3.141277e-03,0.000000e+00,6.180602e+19,2.111798e+20,0.000000e+00,4.668050e+20,2.740308e+18,5.843457e+20,1.467136e+02,4.694438e+00,1.420192e+02,NaN,NaN,NaN,NaN,4.213279e-02,NaN,3.507955e+06,1.811592e-03
1.220748e+03,3.273240e+03,3.203506e+03,8.926549e+04,9.764309e+04,8.377605e+03,1.000000e+00,NaN,NaN,3.147204e-03,0.000000e+00,6.180602e+19,2.111798e+20,0.000000e+00,4.668050e+20,2.740307e+18,5.843457e+20,1.467136e+02,4.694438e+00,1.420192e+02,NaN,NaN,NaN,NaN,4.213279e-02,NaN,3.507955e+06,1.815620e-03
1.228906e+03,3.270743e+03,3.201249e+03,8.879161e+04,9.716922e+04,8.377604e+03,1.000000e+00,NaN,NaN,3.153148e-03,0.000000e+00,6.180602e+19,2.111798e+20,0.000000e+00,4.668049e+20,2.740307e+18,5.843457e+20,1.467136e+02,4.694437e+00,1.420192e+02,NaN,NaN,NaN,NaN,4.213279e-02,NaN,3.507955e+06,1.819665e-03
1.237107e+03,3.268246e+03,3.198992e+03,8.832008e+04,9.669769e+04,8.377603e+03,1.000000e+00,NaN,NaN,3.159108e-03,0.000000e+00,6.180602e+19,2.111798e+20,0.000000e+00,4.668049e+20,2.740307e+18,5.843457e+20,1.467136e+02,4.694437e+00,1.420192e+02,NaN,NaN,NaN,NaN,4.213279e-02,NaN,3.507955e+06,1.823728e-03
1.245352e+03,3.265748e+03,3.196734e+03,8.785089e+04,9.622849e+04,8.377602e+03,1.000000e+00,NaN,NaN,3.165085e-03,0.000000e+00,6.180602e+19,2.111798e+20,0.000000e+00,4.668049e+20,2.740306e+18,5.843457e+20,1.467136e+02,4.694436e+00,1.420192e+02,NaN,NaN,NaN,NaN,4.213279e-02,NaN,3.507955e+06,1.827809e-03
1.253641e+03,3.263251e+03,3.194475e+03,8.738403e+04,9.576163e+04,8.377600e+03,1.000000e+00,NaN,NaN,3.171079e-03,0.000000e+00,6.180602e+19,2.111798e+20,0.000000e+00,4.668048e+20,2.740306e+18,5.843457e+20,1.467136e+02,4.694435e+00,1.420192e+02,NaN,NaN,NaN,NaN,4.213279e-02,NaN,3.507955e+06,1.831908e-03
1.261975e+03,3.260754e+03,3.192215e+03,8.691947e+04,9.529707e+04,8.377599e+03,1.000000e+00,NaN,NaN,3.177089e-03,0.000000e+00,6.180602e+19,2.111798e+20,0.000000e+00,4.668048e+20,2.740305e+18,5.843457e+20,1.467136e+02,4.694435e+00,1.420192e+02,NaN,NaN,NaN,NaN,4.213279e-02,NaN,3.507955e+06,1.836026e-03
1.270352e+03,3.258256e+03,3.189955e+03,8.645722e+04,9.483482e+04,8.377598e+03,1.000000e+00,NaN,NaN,3.183117e-03,0.000000e+00,6.180602e+19,2.111798e+20,0.000000e+00,4.668048e+20,2.740305e+18,5.843457e+20,1.467136e+02,4.694434e+00,1.420192e+02,NaN,NaN,NaN,NaN,4.213279e-02,NaN,3.507955e+06,1.840162e-03
1.278775e+03,3.255759e+03,3.187694e+03,8.599726e+04,9.437486e+04,8.377597e+03,1.000000e+00,NaN,NaN,3.189161e-03,0.000000e+00,6.180602e+19,2.111798e+20,0.000000e+00,4.668047e+20,2.740305e+18,5.843457e+20,1.467136e+02,4.694434e+00,1.420192e+02,NaN,NaN,NaN,NaN,4.213279e-02,NaN,3.507955e+06,1.844316e-03
1.287243e+03,3.253262e+03,3.185432e+03,8.553958e+04,9.391718e+04,8.377596e+03,1.000000e+00,NaN,NaN,3.195223e-03,0.000000e+00,6.180602e+19,2.111798e+20,0.000000e+00,4.668047e+20,2.740304e+18,5.843457e+20,1.467136e+02,4.694433e+00,1.420192e+02,NaN,NaN,NaN,NaN,4.213279e-02,NaN,3.507955e+06,1.848489e-03
1.295756e+03,3.250764e+03,3.183169e+03,8.508417e+04,9.346176e+04,8.377595e+03,1.000000e+00,NaN,NaN,3.201301e-03,0.000000e+00,6.180602e+19,2.111798e+20,0.000000e+00,4.668047e+20,2.740304e+18,5.843457e+20,1.467136e+02,4.694432e+00,1.420192e+02,NaN,NaN,NaN,NaN,4.213279e-02,NaN,3.507955e+06,1.852681e-03
1.304314e+03,3.248267e+03,3.180905e+03,8.463101e+04,9.300860e+04,8.377593e+03,1.000000e+00,NaN,NaN,3.207397e-03,0.000000e+00,6.180602e+19,2.111798e+20,0.000000e+00,4.668046e+20,2.740304e+18,5.843457e+20,1.467136e+02,4.694432e+00,1.420192e+02,NaN,NaN,NaN,NaN,4.213279e-02,NaN,3.507955e+06,1.856892e-03
1.312919e+03,3.245770e+03,3.178641e+03,8.418009e+04,9.255769e+04,8.377592e+03,1.000000e+00,NaN,NaN,3.213510e-03,0.000000e+00,6.180602e+19,2.111798e+20,0.000000e+00,4.668046e+20,2.740303e+18,5.843457e+20,1.467136e+02,4.694431e+00,1.420192e+02,NaN,NaN,NaN,NaN,4.213279e-02,NaN,3.507955e+06,1.861121e-03
1.321569e+03,3.243272e+03,3.176376e+03,8.373141e+04,9.210900e+04,8.377591e+03,1.000000e+00,NaN,NaN,3.219641e-03,0.000000e+00,6.180602e+19,2.111798e+20,0.000000e+00,4.668045e+20,2.740303e+18,5.843457e+20,1.467136e+02,4.694431e+00,1.420192e+02,NaN,NaN,NaN,NaN,4.213279e-02,NaN,3.507955e+06,1.865370e-03
1.330266e+03,3.240775e+03,3.174110e+03,8.328495e+04,9.166254e+04,8.377590e+03,1.000000e+00,NaN,NaN,3.225789e-03,0.000000e+00,6.180602e+19,2.111798e+20,0.000000e+00,4.668045e+20,2.740303e+18,5.843457e+20,1.467136e+02,4.694430e+00,1.420192e+02,NaN,NaN,NaN,NaN,4.213279e-02,NaN,3.507955e+06,1.869638e-03
1.339010e+03,3.238278e+03,3.171843e+03,8.284070e+04,9.121828e+04,8.377589e+03,1.000000e+00,NaN,NaN,3.231954e-03,0.000000e+00,6.180602e+19,2.111798e+20,0.000000e+00,4.668045e+20,2.740302e+18,5.843457e+20,1.467136e+02,4.694429e+00,1.420192e+02,NaN,NaN,NaN,NaN,4.213279e-02,NaN,3.507955e+06,1.873925e-03
1.347800e+03,3.235780e+03,3.169575e+03,8.239864e+04,9.077623e+04,8.377587e+03,1.000000e+00,NaN,NaN,3.238137e-03,0.000000e+00,6.180602e+19,2.111798e+20,0.000000e+00,4.668044e+20,2.740302e+18,5.843457e+20,1.467136e+02,4.694429e+00,1.420192e+02,NaN,NaN,NaN,NaN,4.213279e-02,NaN,3.507955e+06,1.878232e-03
1.356637e+03,3.233283e+03,3.167307e+03,8.195877e+04,9.033636e+04,8.377586e+03,1.000000e+00,NaN,NaN,3.244338e-03,0.000000e+00,6.180602e+19,2.111798e+20,0.000000e+00,4.668044e+20,2.740302e+18,5.843457e+20,1.467136e+02,4.694428e+00,1.420192e+02,NaN,NaN,NaN,NaN,4.213279e-02,NaN,3.507955e+06,1.882558e-03
1.365522e+03,3.230786e+03,3.165038e+03,8.152108e+04,8.989867e+04,8.377585e+03,1.000000e+00,NaN,NaN,3.250556e-03,0.000000e+00,6.180602e+19,2.111798e+20,0.000000e+00,4.668044e+20,2.740301e+18,5.843456e+20,1.467136e+02,4.694428e+00,1.420192e+02,NaN,NaN,NaN,NaN,4.213279e-02,NaN,3.507955e+06,1.886904e-03
1.374455e+03,3.228288e+03,3.162768e+03,8.108556e+04,8.946314e+04,8.377584e+03,1.000000e+00,NaN,NaN,3.256792e-03,0.000000e+00,6.180602e+19,2.111798e+20,0.000000e+00,4.668043e+20,2.740301e+18,5.843456e+20,1.467136e+02,4.694427e+00,1.420192e+02,NaN,NaN,NaN,NaN,4.213279e-02,NaN,3.507955e+06,1.891270e-03
1.383436e+03,3.225791e+03,3.160498e+03,8.065218e+04,8.902977e+04,8.377582e+03,1.000000e+00,NaN,NaN,3.263047e-03,0.000000e+00,6.180602e+19,2.111798e+20,0.000000e+00,4.668043e+20,2.740300e+18,5.843456e+20,1.467136e+02,4.694426e+00,1.420192e+02,NaN,NaN,NaN,NaN,4.213280e-02,NaN,3.507955e+06,1.895655e-03
1.392465e+03,3.223294e+03,3.158226e+03,8.022095e+04,8.859853e+04,8.377581e+03,1.000000e+00,NaN,NaN,3.269319e-03,0.000000e+00,6.180602e+19,2.111798e+20,0.000000e+00,4.668042e+20,2.740300e+18,5.843456e+20,1.467136e+02,4.694426e+00,1.420192e+02,NaN,NaN,NaN,NaN,4.213280e-02,NaN,3.507955e+06,1.900061e-03
1.401542e+03,3.220796e+03,3.155954e+03,7.979185e+04,8.816943e+04,8.377580e+03,1.000000e+00,NaN,NaN,3.275609e-03,0.000000e+00,6.180602e+19,2.111798e+20,0.000000e+00,4.668042e+20,2.740300e+18,5.843456e+20,1.467136e+02,4.694425e+00,1.420192e+02,NaN,NaN,NaN,NaN,4.213280e-02,NaN,3.507955e+06,1.904487e-03
1.410669e+03,3.218299e+03,3.153681e+03,7.936487e+04,8.774245e+04,8.377579e+03,1.000000e+00,NaN,NaN,3.281918e-03,0.000000e+00,6.180602e+19,2.111798e+20,0.000000e+00,4.668042e+20,2.740299e+18,5.843456e+20,1.467136e+02,4.694424e+00,1.420192e+02,NaN,NaN,NaN,NaN,4.213280e-02,NaN,3.507955e+06,1.908933e-03
1.419844e+03,3.215802e+03,3.151408e+03,7.894001e+04,8.731758e+04,8.377577e+03,1.000000e+00,NaN,NaN,3.288245e-03,0.000000e+00,6.180602e+19,2.111798e+20,0.000000e+00,4.668041e+20,2.740299e+18,5.843456e+20,1.467136e+02,4.694424e+00,1.420192e+02,NaN,NaN,NaN,NaN,4.213280e-02,NaN,3.507955e+06,1.913400e-03
1.429069e+03,3.213305e+03,3.149133e+03,7.851724e+04,8.689481e+04,8.377576e+03,1.000000e+00,NaN,NaN,3.294590e-03,0.000000e+00,6.180602e+19,2.111798e+20,0.000000e+00,4.668041e+20,2.740299e+18,5.843456e+20,1.467136e+02,4.694423e+00,1.420192e+02,NaN,NaN,NaN,NaN,4.213280e-02,NaN,3.507955e+06,1.917887e-03
1.438343e+03,3.210807e+03,3.146858e+03,7.809655e+04,8.647413e+04,8.377575e+03,1.000000e+00,NaN,NaN,3.300954e-03,0.000000e+00,6.180602e+19,2.111798e+20,0.000000e+00,4.668041e+20,2.740298e+18,5.843456e+20,1.467136e+02,4.694422e+00,1.420192e+02,NaN,NaN,NaN,NaN,4.213280e-02,NaN,3.507955e+06,1.922395e-03
1.447668e+03,3.208310e+03,3.144583e+03,7.767795e+04,8.605552e+04,8.377574e+03,1.000000e+00,NaN,NaN,3.307336e-03,0.000000e+00,6.180602e+19,2.111798e+20,0.000000e+00,4.668040e+20,2.740298e+18,5.843456e+20,1.467136e+02,4.694422e+00,1.420192e+02,NaN,NaN,NaN,NaN,4.213280e-02,NaN,3.507955e+06,1.926923e-03
1.457043e+03,3.205813e+03,3.142306e+03,7.726141e+04,8.563898e+04,8.377572e+03,1.000000e+00,NaN,NaN,3.313737e-03,0.000000e+00,6.180603e+19,2.111798e+20,0.000000e+00,4.668040e+20,2.740297e+18,5.843456e+20,1.467136e+02,4.694421e+00,1.420192e+02,NaN,NaN,NaN,NaN,4.213280e-02,NaN,3.507955e+06,1.931473e-03
1.466468e+03,3.203315e+03,3.140029e+03,7.684693e+04,8.522450e+04,8.377571e+03,1.000000e+00,NaN,NaN,3.320157e-03,0.000000e+00,6.180603e+19,2.111798e+20,0.000000e+00,4.668039e+20,2.740297e+18,5.843456e+20,1.467136e+02,4.694420e+00,1.420192e+02,NaN,NaN,NaN,NaN,4.213280e-02,NaN,3.507955e+06,1.936044e-03
1.475944e+03,3.200818e+03,3.137751e+03,7.643449e+04,8.481206e+04,8.377570e+03,1.000000e+00,NaN,NaN,3.326596e-03,0.000000e+00,6.180603e+19,2.111798e+20,0.000000e+00,4.668039e+20,2.740297e+18,5.843456e+20,1.467136e+02,4.694420e+00,1.420192e+02,NaN,NaN,NaN,NaN,4.213280e-02,NaN,3.507955e+06,1.940636e-03
1.485471e+03,3.198321e+03,3.135472e+03,7.602409e+04,8.440166e+04,8.377568e+03,1.000000e+00,NaN,NaN,3.333053e-03,0.000000e+00,6.180603e+19,2.111798e+20,0.000000e+00,4.668039e+20,2.740296e+18,5.843456e+20,1.467136e+02,4.694419e+00,1.420192e+02,NaN,NaN,NaN,NaN,4.213280e-02,NaN,3.507955e+06,1.945249e-03
1.495050e+03,3.195823e+03,3.133193e+03,7.561572e+04,8.399328e+04,8.377567e+03,1.000000e+00,NaN,NaN,3.339529e-03,0.000000e+00,6.180603e+19,2.111798e+20,0.000000e+00,4.668038e+20,2.740296e+18,5.843456e+20,1.467136e+02,4.694418e+00,1.420192e+02,NaN,NaN,NaN,NaN,4.213280e-02,NaN,3.507955e+06,1.949884e-03
1.504680e+03,3.193326e+03,3.130912e+03,7.520935e+04,8.358692e+04,8.377566e+03,1.000000e+00,NaN,NaN,3.346025e-03,0.000000e+00,6.180603e+19,2.111798e+20,0.000000e+00,4.668038e+20,2.740295e+18,5.843456e+20,1.467136e+02,4.694418e+00,1.420192e+02,NaN,NaN,NaN,NaN,4.213280e-02,NaN,3.507955e+06,1.954540e-03
1.514363e+03,3.190829e+03,3.128631e+03,7.480500e+04,8.318256e+04,8.377564e+03,1.000000e+00,NaN,NaN,3.352540e-03,0.000000e+00,6.180603e+19,2.111798e+20,0.000000e+00,4.668037e+20,2.740295e+18,5.843456e+20,1.467136e+02,4.694417e+00,1.420192e+02,NaN,NaN,NaN,NaN,4.213280e-02,NaN,3.507955e+06,1.959219e-03
1.524098e+03,3.188331e+03,3.126350e+03,7.440263e+04,8.278019e+04,8.377563e+03,1.000000e+00,NaN,NaN,3.359074e-03,0.000000e+00,6.180603e+19,2.111798e+20,0.000000e+00,4.668037e+20,2.740295e+18,5.843456e+20,1.467136e+02,4.694416e+00,1.420192e+02,NaN,NaN,NaN,NaN,4.213280e-02,NaN,3.507955e+06,1.963919e-03
1.533885e+03,3.185834e+03,3.124068e+03,7.400225e+04,8.237981e+04,8.377562e+03,1.000000e+00,NaN,NaN,3.365627e-03,0.000000e+00,6.180603e+19,2.111798e+20,0.000000e+00,4.668037e+20,2.740294e+18,5.843456e+20,1.467136e+02,4.694416e+00,1.420192e+02,NaN,NaN,NaN,NaN,4.213280e-02,NaN,3.507955e+06,1.968641e-03
1.543726e+03,3.183337e+03,3.121785e+03,7.360384e+04,8.198140e+04,8.377560e+03,1.000000e+00,NaN,NaN,3.372200e-03,0.000000e+00,6.180603e+19,2.111798e+20,0.000000e+00,4.668036e+20,2.740294e+18,5.843456e+20,1.467136e+02,4.694415e+00,1.420192e+02,NaN,NaN,NaN,NaN,4.213280e-02,NaN,3.507955e+06,1.973385e-03
1.553619e+03,3.180840e+03,3.119501e+03,7.320739e+04,8.158495e+04,8.377559e+03,1.000000e+00,NaN,NaN,3.378793e-03,0.000000e+00,6.180603e+19,2.111798e+20,0.000000e+00,4.668036e+20,2.740293e+18,5.843456e+20,1.467136e+02,4.694414e+00,1.420192e+02,NaN,NaN,NaN,NaN,4.213280e-02,NaN,3.507955e+06,1.978152e-03
1.563567e+03,3.178342e+03,3.117216e+03,7.281290e+04,8.119046e+04,8.377558e+03,1.000000e+00,NaN,NaN,3.385405e-03,0.000000e+00,6.180603e+19,2.111798e+20,0.000000e+00,4.668035e+20,2.740293e+18,5.843456e+20,1.467136e+02,4.694414e+00,1.420192e+02,NaN,NaN,NaN,NaN,4.213280e-02,NaN,3.507955e+06,1.982941e-03
1.573568e+03,3.175845e+03,3.114931e+03,7.242035e+04,8.079790e+04,8.377556e+03,1.000000e+00,NaN,NaN,3.392037e-03,0.000000e+00,6.180603e+19,2.111798e+20,0.000000e+00,4.668035e+20,2.740293e+18,5.843456e+20,1.467136e+02,4.694413e+00,1.420192e+02,NaN,NaN,NaN,NaN,4.213280e-02,NaN,3.507955e+06,1.987753e-03
1.583623e+03,3.173348e+03,3.112645e+03,7.202973e+04,8.040728e+04,8.377555e+03,1.000000e+00,NaN,NaN,3.398689e-03,0.000000e+00,6.180603e+19,2.111798e+20,0.000000e+00,4.668034e+20,2.740292e+18,5.843456e+20,1.467136e+02,4.694412e+00,1.420192e+02,NaN,NaN,NaN,NaN,4.213280e-02,NaN,3.507955e+06,1.992588e-03
1.593733e+03,3.170850e+03,3.110359e+03,7.164103e+04,8.001858e+04,8.377553e+03,1.000000e+00,NaN,NaN,3.405361e-03,0.000000e+00,6.180603e+19,2.111798e+20,0.000000e+00,4.668034e+20,2.740292e+18,5.843456e+20,1.467136e+02,4.694411e+00,1.420192e+02,NaN,NaN,NaN,NaN,4.213280e-02,NaN,3.507955e+06,1.997445e-03
1.603898e+03,3.168353e+03,3.108072e+03,7.125425e+04,7.963180e+04,8.377552e+03,1.000000e+00,NaN,NaN,3.412053e-03,0.000000e+00,6.180603e+19,2.111798e+20,0.000000e+00,4.668034e+20,2.740291e+18,5.843456e+20,1.467136e+02,4.694411e+00,1.420192e+02,NaN,NaN,NaN,NaN,4.213280e-02,NaN,3.507955e+06,2.002326e-03
1.614118e+03,3.165856e+03,3.105784e+03,7.086937e+04,7.924692e+04,8.377551e+03,1.000000e+00,NaN,NaN,3.418765e-03,0.000000e+00,6.180603e+19,2.111798e+20,0.000000e+00,4.668033e+20,2.740291e+18,5.843456e+20,1.467136e+02,4.694410e+00,1.420192e+02,NaN,NaN,NaN,NaN,4.213280e-02,NaN,3.507955e+06,2.007230e-03
1.624394e+03,3.163358e+03,3.103495e+03,7.048638e+04,7.886393e+04,8.377549e+03,1.000000e+00,NaN,NaN,3.425498e-03,0.000000e+00,6.180603e+19,2.111798e+20,0.000000e+00,4.668033e+20,2.740291e+18,5.843456e+20,1.467136e+02,4.694409e+00,1.420192e+02,NaN,NaN,NaN,NaN,4.213280e-02,NaN,3.507955e+06,2.012157e-03
1.634725e+03,3.160861e+03,3.101206e+03,7.010527e+04,7.848282e+04,8.377548e+03,1.000000e+00,NaN,NaN,3.432251e-03,0.000000e+00,6.180603e+19,2.111798e+20,0.000000e+00,4.668032e+20,2.740290e+18,5.843456e+20,1.467136e+02,4.694408e+00,1.420192e+02,NaN,NaN,NaN,NaN,4.213280e-02,NaN,3.507955e+06,2.017108e-03
1.645113e+03,3.158364e+03,3.098916e+03,6.972604e+04,7.810359e+04,8.377546e+03,1.000000e+00,NaN,NaN,3.439024e-03,0.000000e+00,6.180603e+19,2.111798e+20,0.000000e+00,4.668032e+20,2.740290e+18,5.843456e+20,1.467136e+02,4.694408e+00,1.420192e+02,NaN,NaN,NaN,NaN,4.213280e-02,NaN,3.507955e+06,2.022082e-03
1.655557e+03,3.155867e+03,3.096625e+03,6.934867e+04,7.772622e+04,8.377545e+03,1.000000e+00,NaN,NaN,3.445818e-03,0.000000e+00,6.180603e+19,2.111798e+20,0.000000e+00,4.668031e+20,2.740289e+18,5.843456e+20,1.467136e+02,4.694407e+00,1.420192e+02,NaN,NaN,NaN,NaN,4.213280e-02,NaN,3.507955e+06,2.027080e-03
1.666058e+03,3.153369e+03,3.094334e+03,6.897316e+04,7.735070e+04,8.377543e+03,1.000000e+00,NaN,NaN,3.452633e-03,0.000000e+00,6.180603e+19,2.111798e+20,0.000000e+00,4.668031e+20,2.740289e+18,5.843455e+20,1.467136e+02,4.694406e+00,1.420192e+02,NaN,NaN,NaN,NaN,4.213280e-02,NaN,3.507955e+06,2.032102e-03
1.676616e+03,3.150872e+03,3.092042e+03,6.859949e+04,7.697703e+04,8.377542e+03,1.000000e+00,NaN,NaN,3.459469e-03,0.000000e+00,6.180603e+19,2.111798e+20,0.000000e+00,4.668031e+20,2.740288e+18,5.843455e+20,1.467136e+02,4.694405e+00,1.420192e+02,NaN,NaN,NaN,NaN,4.213280e-02,NaN,3.507955e+06,2.037149e-03
1.687232e+03,3.148375e+03,3.089749e+03,6.822765e+04,7.660519e+04,8.377541e+03,1.000000e+00,NaN,NaN,3.466325e-03,0.000000e+00,6.180603e+19,2.111798e+20,0.000000e+00,4.668030e+20,2.740288e+18,5.843455e+20,1.467136e+02,4.694405e+00,1.420192e+02,NaN,NaN,NaN,NaN,4.213280e-02,NaN,3.507955e+06,2.042219e-03
1.697906e+03,3.145878e+03,3.087456e+03,6.785766e+04,7.623520e+04,8.377539e+03,1.000000e+00,NaN,NaN,3.473202e-03,0.000000e+00,6.180603e+19,2.111798e+20,0.000000e+00,4.668030e+20,2.740287e+18,5.843455e+20,1.467136e+02,4.694404e+00,1.420192e+02,NaN,NaN,NaN,NaN,4.213280e-02,NaN,3.507955e+06,2.047314e-03
1.708662e+03,3.143383e+03,3.085164e+03,6.748974e+04,7.586728e+04,8.377538e+03,1.000000e+00,NaN,NaN,3.480096e-03,0.000000e+00,6.180603e+19,2.111798e+20,0.000000e+00,4.668029e+20,2.740287e+18,5.843455e+20,1.467136e+02,4.694403e+00,1.420192e+02,NaN,NaN,NaN,NaN,4.213280e-02,NaN,3.507955e+06,2.052429e-03
1.719534e+03,3.140889e+03,3.082872e+03,6.712380e+04,7.550133e+04,8.377536e+03,1.000000e+00,NaN,NaN,3.487007e-03,0.000000e+00,6.180603e+19,2.111798e+20,0.000000e+00,4.668029e+20,2.740286e+18,5.843455e+20,1.467137e+02,4.694402e+00,1.420193e+02,NaN,NaN,NaN,NaN,4.213280e-02,NaN,3.507955e+06,2.057567e-03
1.730542e+03,3.138395e+03,3.080580e+03,6.675976e+04,7.513729e+04,8.377535e+03,9.999040e-01,NaN,NaN,3.493938e-03,0.000000e+00,6.180603e+19,2.111798e+20,0.000000e+00,4.668028e+20,2.740286e+18,5.843455e+20,1.467137e+02,4.694401e+00,1.420193e+02,NaN,NaN,NaN,NaN,4.213280e-02,NaN,3.507955e+06,2.062728e-03
1.741703e+03,3.135903e+03,3.078288e+03,6.639759e+04,7.477512e+04,8.377533e+03,9.996815e-01,NaN,NaN,3.500888e-03,0.000000e+00,6.180603e+19,2.111798e+20,0.000000e+00,4.668028e+20,2.740285e+18,5.843455e+20,1.467137e+02,4.694400e+00,1.420193e+02,NaN,NaN,NaN,NaN,4.213280e-02,NaN,3.507955e+06,2.067913e-03
1.753032e+03,3.133410e+03,3.075996e+03,6.603726e+04,7.441480e+04,8.377531e+03,9.993852e-01,NaN,NaN,3.507859e-03,0.000000e+00,6.180603e+19,2.111798e+20,0.000000e+00,4.668027e+20,2.740285e+18,5.843455e+20,1.467137e+02,4.694399e+00,1.420193e+02,NaN,NaN,NaN,NaN,4.213280e-02,NaN,3.507955e+06,2.073123e-03
1.764524e+03,3.130916e+03,3.073703e+03,6.567854e+04,7.405607e+04,8.377530e+03,9.990299e-01,NaN,NaN,3.514854e-03,0.000000e+00,6.180603e+19,2.111798e+20,0.000000e+00,4.668027e+20,2.740284e+18,5.843455e+20,1.467137e+02,4.694399e+00,1.420193e+02,NaN,NaN,NaN,NaN,4.213280e-02,NaN,3.507955e+06,2.078360e-03
1.776154e+03,3.128422e+03,3.071407e+03,6.532146e+04,7.369899e+04,8.377528e+03,9.986242e-01,NaN,NaN,3.521873e-03,0.000000e+00,6.180603e+19,2.111798e+20,0.000000e+00,4.668026e+20,2.740284e+18,5.843455e+20,1.467137e+02,4.694398e+00,1.420193e+02,NaN,NaN,NaN,NaN,4.213280e-02,NaN,3.507955e+06,2.083625e-03
1.787913e+03,3.125927e+03,3.069111e+03,6.496608e+04,7.334361e+04,8.377527e+03,9.981735e-01,NaN,NaN,3.528916e-03,0.000000e+00,6.180603e+19,2.111798e+20,0.000000e+00,4.668026e+20,2.740283e+18,5.843455e+20,1.467137e+02,4.694397e+00,1.420193e+02,NaN,NaN,NaN,NaN,4.213280e-02,NaN,3.507955e+06,2.088916e-03
1.799795e+03,3.123432e+03,3.066814e+03,6.461240e+04,7.298992e+04,8.377525e+03,9.976819e-01,NaN,NaN,3.535981e-03,0.000000e+00,6.180603e+19,2.111798e+20,0.000000e+00,4.668025e+20,2.740283e+18,5.843455e+20,1.467137e+02,4.694396e+00,1.420193e+02,NaN,NaN,NaN,NaN,4.213280e-02,NaN,3.507955e+06,2.094233e-03
1.811797e+03,3.120937e+03,3.064517e+03,6.426041e+04,7.263794e+04,8.377523e+03,9.971526e-01,NaN,NaN,3.543068e-03,0.000000e+00,6.180603e+19,2.111798e+20,0.000000e+00,4.668025e+20,2.740282e+18,5.843455e+20,1.467137e+02,4.694395e+00,1.420193e+02,NaN,NaN,NaN,NaN,4.213280e-02,NaN,3.507955e+06,2.099577e-03
1.823915e+03,3.118442e+03,3.062218e+03,6.391013e+04,7.228765e+04,8.377522e+03,9.965879e-01,NaN,NaN,3.550179e-03,0.000000e+00,6.180603e+19,2.111798e+20,0.000000e+00,4.668024e+20,2.740282e+18,5.843455e+20,1.467137e+02,4.694394e+00,1.420193e+02,NaN,NaN,NaN,NaN,4.213281e-02,NaN,3.507955e+06,2.104948e-03
1.836147e+03,3.115947e+03,3.059919e+03,6.356155e+04,7.193907e+04,8.377520e+03,9.959899e-01,NaN,NaN,3.557312e-03,0.000000e+00,6.180604e+19,2.111798e+20,0.000000e+00,4.668024e+20,2.740281e+18,5.843455e+20,1.467137e+02,4.694393e+00,1.420193e+02,NaN,NaN,NaN,NaN,4.213281e-02,NaN,3.507955e+06,2.110345e-03
1.848492e+03,3.113451e+03,3.057619e+03,6.321465e+04,7.159217e+04,8.377518e+03,9.953602e-01,NaN,NaN,3.564468e-03,0.000000e+00,6.180604e+19,2.111798e+20,0.000000e+00,4.668023e+20,2.740280e+18,5.843455e+20,1.467137e+02,4.694392e+00,1.420193e+02,NaN,NaN,NaN,NaN,4.213281e-02,NaN,3.507955e+06,2.115769e-03
1.860948e+03,3.110956e+03,3.055318e+03,6.286943e+04,7.124695e+04,8.377517e+03,9.947005e-01,NaN,NaN,3.571646e-03,0.000000e+00,6.180604e+19,2.111798e+20,0.000000e+00,4.668023e+20,2.740280e+18,5.843455e+20,1.467137e+02,4.694391e+00,1.420193e+02,NaN,NaN,NaN,NaN,4.213281e-02,NaN,3.507955e+06,2.121220e-03
1.873515e+03,3.108460e+03,3.053016e+03,6.252589e+04,7.090341e+04,8.377515e+03,9.940118e-01,NaN,NaN,3.578848e-03,0.000000e+00,6.180604e+19,2.111798e+20,0.000000e+00,4.668022e+20,2.740279e+18,5.843455e+20,1.467137e+02,4.694390e+00,1.420193e+02,NaN,NaN,NaN,NaN,4.213281e-02,NaN,3.507955e+06,2.126699e-03
1.886191e+03,3.105964e+03,3.050714e+03,6.218402e+04,7.056154e+04,8.377513e+03,9.932954e-01,NaN,NaN,3.586073e-03,0.000000e+00,6.180604e+19,2.111798e+20,0.000000e+00,4.668022e+20,2.740279e+18,5.843455e+20,1.467137e+02,4.694389e+00,1.420193e+02,NaN,NaN,NaN,NaN,4.213281e-02,NaN,3.507955e+06,2.132204e-03
1.898975e+03,3.103468e+03,3.048411e+03,6.184381e+04,7.022132e+04,8.377511e+03,9.925523e-01,NaN,NaN,3.593321e-03,0.000000e+00,6.180604e+19,2.111798e+20,0.000000e+00,4.668021e+20,2.740278e+18,5.843455e+20,1.467137e+02,4.694388e+00,1.420193e+02,NaN,NaN,NaN,NaN,4.213281e-02,NaN,3.507955e+06,2.137737e-03
1.911868e+03,3.100973e+03,3.046108e+03,6.150525e+04,6.988276e+04,8.377509e+03,9.917832e-01,NaN,NaN,3.600592e-03,0.000000e+00,6.180604e+19,2.111798e+20,0.000000e+00,4.668021e+20,2.740278e+18,5.843455e+20,1.467137e+02,4.694387e+00,1.420193e+02,NaN,NaN,NaN,NaN,4.213281e-02,NaN,3.507955e+06,2.143298e-03
1.924868e+03,3.098477e+03,3.043804e+03,6.116833e+04,6.954584e+04,8.377508e+03,9.909891e-01,NaN,NaN,3.607887e-03,0.000000e+00,6.180604e+19,2.111798e+20,0.000000e+00,4.668020e+20,2.740277e+18,5.843455e+20,1.467137e+02,4.694386e+00,1.420193e+02,NaN,NaN,NaN,NaN,4.213281e-02,NaN,3.507955e+06,2.148887e-03
1.937970e+03,3.095981e+03,3.041499e+03,6.083302e+04,6.921053e+04,8.377506e+03,9.901709e-01,NaN,NaN,3.615206e-03,0.000000e+00,6.180604e+19,2.111798e+20,0.000000e+00,4.668020e+20,2.740277e+18,5.843455e+20,1.467137e+02,4.694385e+00,1.420193e+02,NaN,NaN,NaN,NaN,4.213281e-02,NaN,3.507955e+06,2.154504e-03
1.951173e+03,3.093484e+03,3.039193e+03,6.049934e+04,6.887684e+04,8.377504e+03,9.893362e-01,NaN,NaN,3.622549e-03,0.000000e+00,6.180604e+19,2.111798e+20,0.000000e+00,4.668019e+20,2.740276e+18,5.843455e+20,1.467137e+02,4.694384e+00,1.420193e+02,NaN,NaN,NaN,NaN,4.213281e-02,NaN,3.507955e+06,2.160150e-03
1.964473e+03,3.090988e+03,3.036887e+03,6.016726e+04,6.854476e+04,8.377502e+03,9.884875e-01,NaN,NaN,3.629916e-03,0.000000e+00,6.180604e+19,2.111798e+20,0.000000e+00,4.668018e+20,2.740275e+18,5.843454e+20,1.467137e+02,4.694383e+00,1.420193e+02,NaN,NaN,NaN,NaN,4.213281e-02,NaN,3.507955e+06,2.165824e-03
1.977868e+03,3.088491e+03,3.034579e+03,5.983679e+04,6.821429e+04,8.377500e+03,9.876252e-01,NaN,NaN,3.637306e-03,0.000000e+00,6.180604e+19,2.111798e+20,0.000000e+00,4.668018e+20,2.740275e+18,5.843454e+20,1.467137e+02,4.694382e+00,1.420193e+02,NaN,NaN,NaN,NaN,4.213281e-02,NaN,3.507955e+06,2.171527e-03
1.991357e+03,3.085995e+03,3.032272e+03,5.950792e+04,6.788542e+04,8.377499e+03,9.867495e-01,NaN,NaN,3.644721e-03,0.000000e+00,6.180604e+19,2.111798e+20,0.000000e+00,4.668017e+20,2.740274e+18,5.843454e+20,1.467137e+02,4.694381e+00,1.420193e+02,NaN,NaN,NaN,NaN,4.213281e-02,NaN,3.507955e+06,2.177258e-03
2.004941e+03,3.083498e+03,3.029963e+03,5.918066e+04,6.755815e+04,8.377497e+03,9.858608e-01,NaN,NaN,3.652160e-03,0.000000e+00,6.180604e+19,2.111798e+20,0.000000e+00,4.668017e+20,2.740274e+18,5.843454e+20,1.467137e+02,4.694380e+00,1.420193e+02,NaN,NaN,NaN,NaN,4.213281e-02,NaN,3.507955e+06,2.183019e-03
2.018619e+03,3.081002e+03,3.027654e+03,5.885498e+04,6.723248e+04,8.377495e+03,9.849591e-01,NaN,NaN,3.659623e-03,0.000000e+00,6.180604e+19,2.111798e+20,0.000000e+00,4.668016e+20,2.740273e+18,5.843454e+20,1.467137e+02,4.694379e+00,1.420193e+02,NaN,NaN,NaN,NaN,4.213281e-02,NaN,3.507955e+06,2.188809e-03
2.032393e+03,3.078505e+03,3.025345e+03,5.853090e+04,6.690839e+04,8.377493e+03,9.840447e-01,NaN,NaN,3.667111e-03,0.000000e+00,6.180604e+19,2.111798e+20,0.000000e+00,4.668016e+20,2.740273e+18,5.843454e+20,1.467137e+02,4.694378e+00,1.420193e+02,NaN,NaN,NaN,NaN,4.213281e-02,NaN,3.507955e+06,2.194628e-03
2.046263e+03,3.076009e+03,3.023035e+03,5.820838e+04,6.658587e+04,8.377491e+03,9.831178e-01,NaN,NaN,3.674623e-03,0.000000e+00,6.180604e+19,2.111798e+20,0.000000e+00,4.668015e+20,2.740272e+18,5.843454e+20,1.467137e+02,4.694377e+00,1.420193e+02,NaN,NaN,NaN,NaN,4.213281e-02,NaN,3.507955e+06,2.200477e-03
2.060228e+03,3.073512e+03,3.020724e+03,5.788744e+04,6.626493e+04,8.377489e+03,9.821787e-01,NaN,NaN,3.682160e-03,0.000000e+00,6.180604e+19,2.111798e+20,0.000000e+00,4.668014e+20,2.740271e+18,5.843454e+20,1.467137e+02,4.694376e+00,1.420193e+02,NaN,NaN,NaN,NaN,4.213281e-02,NaN,3.507955e+06,2.206355e-03
2.074290e+03,3.071016e+03,3.018412e+03,5.756805e+04,6.594554e+04,8.377487e+03,9.812273e-01,NaN,NaN,3.689721e-03,0.000000e+00,6.180604e+19,2.111798e+20,0.000000e+00,4.668014e+20,2.740271e+18,5.843454e+20,1.467137e+02,4.694375e+00,1.420193e+02,NaN,NaN,NaN,NaN,4.213281e-02,NaN,3.507955e+06,2.212263e-03
2.088448e+03,3.068519e+03,3.016100e+03,5.725022e+04,6.562770e+04,8.377485e+03,9.802640e-01,NaN,NaN,3.697307e-03,0.000000e+00,6.180604e+19,2.111798e+20,0.000000e+00,4.668013e+20,2.740270e+18,5.843454e+20,1.467137e+02,4.694374e+00,1.420193e+02,NaN,NaN,NaN,NaN,4.213281e-02,NaN,3.507955e+06,2.218202e-03
2.102704e+03,3.066022e+03,3.013788e+03,5.693393e+04,6.531141e+04,8.377483e+03,9.792889e-01,NaN,NaN,3.704919e-03,0.000000e+00,6.180604e+19,2.111798e+20,0.000000e+00,4.668013e+20,2.740270e+18,5.843454e+20,1.467137e+02,4.694373e+00,1.420193e+02,NaN,NaN,NaN,NaN,4.213281e-02,NaN,3.507955e+06,2.224171e-03
2.117058e+03,3.063526e+03,3.011475e+03,5.661917e+04,6.499665e+04,8.377481e+03,9.783021e-01,NaN,NaN,3.712555e-03,0.000000e+00,6.180604e+19,2.111798e+20,0.000000e+00,4.668012e+20,2.740269e+18,5.843454e+20,1.467137e+02,4.694372e+00,1.420193e+02,NaN,NaN,NaN,NaN,4.213281e-02,NaN,3.507955e+06,2.230170e-03
2.131510e+03,3.061029e+03,3.009161e+03,5.630595e+04,6.468342e+04,8.377479e+03,9.773037e-01,NaN,NaN,3.720217e-03,0.000000e+00,6.180604e+19,2.111798e+20,0.000000e+00,4.668011e+20,2.740268e+18,5.843454e+20,1.467137e+02,4.694371e+00,1.420193e+02,NaN,NaN,NaN,NaN,4.213281e-02,NaN,3.507955e+06,2.236201e-03
2.146060e+03,3.058533e+03,3.006847e+03,5.599424e+04,6.437172e+04,8.377477e+03,9.762939e-01,NaN,NaN,3.727904e-03,0.000000e+00,6.180604e+19,2.111798e+20,0.000000e+00,4.668011e+20,2.740268e+18,5.843454e+20,1.467137e+02,4.694370e+00,1.420193e+02,NaN,NaN,NaN,NaN,4.213281e-02,NaN,3.507955e+06,2.242262e-03
2.160710e+03,3.056036e+03,3.004532e+03,5.568404e+04,6.406152e+04,8.377475e+03,9.752728e-01,NaN,NaN,3.735617e-03,0.000000e+00,6.180604e+19,2.111798e+20,0.000000e+00,4.668010e+20,2.740267e+18,5.843454e+20,1.467137e+02,4.694369e+00,1.420193e+02,NaN,NaN,NaN,NaN,4.213281e-02,NaN,3.507955e+06,2.248354e-03
2.175460e+03,3.053539e+03,3.002216e+03,5.537535e+04,6.375283e+04,8.377473e+03,9.742405e-01,NaN,NaN,3.743356e-03,0.000000e+00,6.180604e+19,2.111798e+20,0.000000e+00,4.668010e+20,2.740266e+18,5.843454e+20,1.467137e+02,4.694368e+00,1.420193e+02,NaN,NaN,NaN,NaN,4.213281e-02,NaN,3.507955e+06,2.254478e-03
2.190310e+03,3.051043e+03,2.999900e+03,5.506816e+04,6.344563e+04,8.377471e+03,9.731972e-01,NaN,NaN,3.751120e-03,0.000000e+00,6.180604e+19,2.111798e+20,0.000000e+00,4.668009e+20,2.740266e+18,5.843454e+20,1.467137e+02,4.694367e+00,1.420193e+02,NaN,NaN,NaN,NaN,4.213281e-02,NaN,3.507955e+06,2.260634e-03
2.205261e+03,3.048546e+03,2.997584e+03,5.476245e+04,6.313992e+04,8.377469e+03,9.721429e-01,NaN,NaN,3.758911e-03,0.000000e+00,6.180604e+19,2.111798e+20,0.000000e+00,4.668008e+20,2.740265e+18,5.843453e+20,1.467137e+02,4.694366e+00,1.420193e+02,NaN,NaN,NaN,NaN,4.213281e-02,NaN,3.507955e+06,2.266821e-03
2.220313e+03,3.046050e+03,2.995267e+03,5.445823e+04,6.283570e+04,8.377467e+03,9.710777e-01,NaN,NaN,3.766728e-03,0.000000e+00,6.180605e+19,2.111798e+20,0.000000e+00,4.668008e+20,2.740265e+18,5.843453e+20,1.467137e+02,4.694365e+00,1.420193e+02,NaN,NaN,NaN,NaN,4.213281e-02,NaN,3.507955e+06,2.273041e-03
2.235468e+03,3.043553e+03,2.992949e+03,5.415548e+04,6.253294e+04,8.377465e+03,9.700018e-01,NaN,NaN,3.774571e-03,0.000000e+00,6.180605e+19,2.111798e+20,0.000000e+00,4.668007e+20,2.740264e+18,5.843453e+20,1.467137e+02,4.694364e+00,1.420193e+02,NaN,NaN,NaN,NaN,4.213281e-02,NaN,3.507955e+06,2.279293e-03
2.250724e+03,3.041056e+03,2.990631e+03,5.385420e+04,6.223166e+04,8.377463e+03,9.689152e-01,NaN,NaN,3.782440e-03,0.000000e+00,6.180605e+19,2.111798e+20,0.000000e+00,4.668006e+20,2.740263e+18,5.843453e+20,1.467137e+02,4.694362e+00,1.420193e+02,NaN,NaN,NaN,NaN,4.213282e-02,NaN,3.507955e+06,2.285577e-03
2.266084e+03,3.038560e+03,2.988312e+03,5.355437e+04,6.193183e+04,8.377461e+03,9.678180e-01,NaN,NaN,3.790336e-03,0.000000e+00,6.180605e+19,2.111798e+20,0.000000e+00,4.668006e+20,2.740263e+18,5.843453e+20,1.467137e+02,4.694361e+00,1.420193e+02,NaN,NaN,NaN,NaN,4.213282e-02,NaN,3.507955e+06,2.291895e-03
2.281548e+03,3.036063e+03,2.985992e+03,5.325599e+04,6.163345e+04,8.377458e+03,9.667104e-01,NaN,NaN,3.798260e-03,0.000000e+00,6.180605e+19,2.111798e+20,0.000000e+00,4.668005e+20,2.740262e+18,5.843453e+20,1.467137e+02,4.694360e+00,1.420193e+02,NaN,NaN,NaN,NaN,4.213282e-02,NaN,3.507955e+06,2.298245e-03
2.297116e+03,3.033566e+03,2.983672e+03,5.295906e+04,6.133652e+04,8.377456e+03,9.655923e-01,NaN,NaN,3.806210e-03,0.000000e+00,6.180605e+19,2.111797e+20,0.000000e+00,4.668004e+20,2.740261e+18,5.843453e+20,1.467137e+02,4.694359e+00,1.420193e+02,NaN,NaN,NaN,NaN,4.213282e-02,NaN,3.507955e+06,2.304628e-03
2.312789e+03,3.031070e+03,2.981352e+03,5.266356e+04,6.104102e+04,8.377454e+03,9.644639e-01,NaN,NaN,3.814187e-03,0.000000e+00,6.180605e+19,2.111797e+20,0.000000e+00,4.668004e+20,2.740261e+18,5.843453e+20,1.467137e+02,4.694358e+00,1.420193e+02,NaN,NaN,NaN,NaN,4.213282e-02,NaN,3.507955e+06,2.311046e-03
2.328567e+03,3.028573e+03,2.979031e+03,5.236950e+04,6.074695e+04,8.377452e+03,9.633252e-01,NaN,NaN,3.822191e-03,0.000000e+00,6.180605e+19,2.111797e+20,0.000000e+00,4.668003e+20,2.740260e+18,5.843452e+20,1.467137e+02,4.694357e+00,1.420193e+02,NaN,NaN,NaN,NaN,4.213282e-02,NaN,3.507955e+06,2.317496e-03
2.344452e+03,3.026076e+03,2.976709e+03,5.207685e+04,6.045430e+04,8.377450e+03,9.621764e-01,NaN,NaN,3.830223e-03,0.000000e+00,6.180605e+19,2.111797e+20,0.000000e+00,4.668002e+20,2.740259e+18,5.843452e+20,1.467137e+02,4.694356e+00,1.420193e+02,NaN,NaN,NaN,NaN,4.213282e-02,NaN,3.507955e+06,2.323981e-03
2.360443e+03,3.023580e+03,2.974387e+03,5.178561e+04,6.016306e+04,8.377448e+03,9.610175e-01,NaN,NaN,3.838283e-03,0.000000e+00,6.180605e+19,2.111797e+20,0.000000e+00,4.668002e+20,2.740259e+18,5.843452e+20,1.467137e+02,4.694354e+00,1.420193e+02,NaN,NaN,NaN,NaN,4.213282e-02,NaN,3.507955e+06,2.330500e-03
2.376542e+03,3.021083e+03,2.972064e+03,5.149579e+04,5.987323e+04,8.377445e+03,9.598485e-01,NaN,NaN,3.846370e-03,0.000000e+00,6.180605e+19,2.111797e+20,0.000000e+00,4.668001e+20,2.740258e+18,5.843452e+20,1.467137e+02,4.694353e+00,1.420193e+02,NaN,NaN,NaN,NaN,4.213282e-02,NaN,3.507955e+06,2.337054e-03
2.392749e+03,3.018586e+03,2.969741e+03,5.120736e+04,5.958480e+04,8.377443e+03,9.586695e-01,NaN,NaN,3.854485e-03,0.000000e+00,6.180605e+19,2.111797e+20,0.000000e+00,4.668000e+20,2.740257e+18,5.843452e+20,1.467137e+02,4.694352e+00,1.420193e+02,NaN,NaN,NaN,NaN,4.213282e-02,NaN,3.507955e+06,2.343642e-03
2.409065e+03,3.016090e+03,2.967418e+03,5.092032e+04,5.929776e+04,8.377441e+03,9.574807e-01,NaN,NaN,3.862628e-03,0.000000e+00,6.180605e+19,2.111797e+20,0.000000e+00,4.668000e+20,2.740257e+18,5.843452e+20,1.467137e+02,4.694351e+00,1.420193e+02,NaN,NaN,NaN,NaN,4.213282e-02,NaN,3.507955e+06,2.350265e-03
2.425490e+03,3.013593e+03,2.965093e+03,5.063467e+04,5.901211e+04,8.377439e+03,9.562819e-01,NaN,NaN,3.870800e-03,0.000000e+00,6.180605e+19,2.111797e+20,0.000000e+00,4.667999e+20,2.740256e+18,5.843452e+20,1.467136e+02,4.694350e+00,1.420193e+02,NaN,NaN,NaN,NaN,4.213282e-02,NaN,3.507955e+06,2.356923e-03
2.442026e+03,3.011096e+03,2.962769e+03,5.035040e+04,5.872783e+04,8.377436e+03,9.550734e-01,NaN,NaN,3.879000e-03,0.000000e+00,6.180605e+19,2.111797e+20,0.000000e+00,4.667998e+20,2.740255e+18,5.843452e+20,1.467136e+02,4.694349e+00,1.420193e+02,NaN,NaN,NaN,NaN,4.213282e-02,NaN,3.507955e+06,2.363617e-03
2.458672e+03,3.008600e+03,2.960443e+03,5.006749e+04,5.844493e+04,8.377434e+03,9.538552e-01,NaN,NaN,3.887228e-03,0.000000e+00,6.180605e+19,2.111797e+20,0.000000e+00,4.667998e+20,2.740254e+18,5.843452e+20,1.467136e+02,4.694347e+00,1.420193e+02,NaN,NaN,NaN,NaN,4.213282e-02,NaN,3.507955e+06,2.370347e-03
2.475430e+03,3.006103e+03,2.958117e+03,4.978595e+04,5.816338e+04,8.377432e+03,9.526273e-01,NaN,NaN,3.895485e-03,0.000000e+00,6.180605e+19,2.111797e+20,0.000000e+00,4.667997e+20,2.740254e+18,5.843452e+20,1.467136e+02,4.694346e+00,1.420193e+02,NaN,NaN,NaN,NaN,4.213282e-02,NaN,3.507955e+06,2.377112e-03
2.492300e+03,3.003606e+03,2.955791e+03,4.950577e+04,5.788320e+04,8.377429e+03,9.513897e-01,NaN,NaN,3.903772e-03,0.000000e+00,6.180605e+19,2.111797e+20,0.000000e+00,4.667996e+20,2.740253e+18,5.843452e+20,1.467136e+02,4.694345e+00,1.420193e+02,NaN,NaN,NaN,NaN,4.213282e-02,NaN,3.507955e+06,2.383914e-03
2.509283e+03,3.001110e+03,2.953464e+03,4.922693e+04,5.760436e+04,8.377427e+03,9.501426e-01,NaN,NaN,3.912087e-03,0.000000e+00,6.180605e+19,2.111797e+20,0.000000e+00,4.667996e+20,2.740252e+18,5.843452e+20,1.467136e+02,4.694344e+00,1.420193e+02,NaN,NaN,NaN,NaN,4.213282e-02,NaN,3.507955e+06,2.390752e-03
2.526380e+03,2.998613e+03,2.951137e+03,4.894944e+04,5.732686e+04,8.377425e+03,9.488859e-01,NaN,NaN,3.920432e-03,0.000000e+00,6.180605e+19,2.111797e+20,0.000000e+00,4.667995e+20,2.740252e+18,5.843452e+20,1.467136e+02,4.694342e+00,1.420193e+02,NaN,NaN,NaN,NaN,4.213282e-02,NaN,3.507955e+06,2.397627e-03
2.543591e+03,2.996116e+03,2.948809e+03,4.867328e+04,5.705070e+04,8.377422e+03,9.476198e-01,NaN,NaN,3.928806e-03,0.000000e+00,6.180605e+19,2.111797e+20,0.000000e+00,4.667994e+20,2.740251e+18,5.843452e+20,1.467136e+02,4.694341e+00,1.420193e+02,NaN,NaN,NaN,NaN,4.213282e-02,NaN,3.507955e+06,2.404539e-03
2.560917e+03,2.993620e+03,2.946480e+03,4.839845e+04,5.677587e+04,8.377420e+03,9.463442e-01,NaN,NaN,3.937210e-03,0.000000e+00,6.180605e+19,2.111797e+20,0.000000e+00,4.667993e+20,2.740250e+18,5.843452e+20,1.467136e+02,4.694340e+00,1.420193e+02,NaN,NaN,NaN,NaN,4.213282e-02,NaN,3.507955e+06,2.411489e-03
2.578360e+03,2.991123e+03,2.944152e+03,4.812494e+04,5.650236e+04,8.377417e+03,9.450593e-01,NaN,NaN,3.945643e-03,0.000000e+00,6.180605e+19,2.111797e+20,0.000000e+00,4.667993e+20,2.740249e+18,5.843452e+20,1.467136e+02,4.694339e+00,1.420193e+02,NaN,NaN,NaN,NaN,4.213282e-02,NaN,3.507955e+06,2.418476e-03
2.595919e+03,2.988626e+03,2.941822e+03,4.785275e+04,5.623016e+04,8.377415e+03,9.437650e-01,NaN,NaN,3.954107e-03,0.000000e+00,6.180605e+19,2.111797e+20,0.000000e+00,4.667992e+20,2.740249e+18,5.843452e+20,1.467136e+02,4.694337e+00,1.420193e+02,NaN,NaN,NaN,NaN,4.213282e-02,NaN,3.507955e+06,2.425501e-03
2.613595e+03,2.986130e+03,2.939492e+03,4.758186e+04,5.595927e+04,8.377413e+03,9.424615e-01,NaN,NaN,3.962601e-03,0.000000e+00,6.180606e+19,2.111797e+20,0.000000e+00,4.667991e+20,2.740248e+18,5.843452e+20,1.467136e+02,4.694336e+00,1.420193e+02,NaN,NaN,NaN,NaN,4.213282e-02,NaN,3.507955e+06,2.432564e-03
2.631390e+03,2.983633e+03,2.937162e+03,4.731228e+04,5.568969e+04,8.377410e+03,9.411486e-01,NaN,NaN,3.971125e-03,0.000000e+00,6.180606e+19,2.111797e+20,0.000000e+00,4.667990e+20,2.740247e+18,5.843451e+20,1.467136e+02,4.694335e+00,1.420193e+02,NaN,NaN,NaN,NaN,4.213282e-02,NaN,3.507955e+06,2.439665e-03
2.649303e+03,2.981136e+03,2.934831e+03,4.704399e+04,5.542139e+04,8.377408e+03,9.398266e-01,NaN,NaN,3.979680e-03,0.000000e+00,6.180606e+19,2.111797e+20,0.000000e+00,4.667990e+20,2.740246e+18,5.843451e+20,1.467136e+02,4.694333e+00,1.420193e+02,NaN,NaN,NaN,NaN,4.213282e-02,NaN,3.507955e+06,2.446805e-03
2.667337e+03,2.978640e+03,2.932499e+03,4.677698e+04,5.515439e+04,8.377405e+03,9.384954e-01,NaN,NaN,3.988265e-03,0.000000e+00,6.180606e+19,2.111797e+20,0.000000e+00,4.667989e+20,2.740246e+18,5.843451e+20,1.467136e+02,4.694332e+00,1.420193e+02,NaN,NaN,NaN,NaN,4.213282e-02,NaN,3.507955e+06,2.453985e-03
2.685491e+03,2.976143e+03,2.930167e+03,4.651126e+04,5.488866e+04,8.377403e+03,9.371551e-01,NaN,NaN,3.996882e-03,0.000000e+00,6.180606e+19,2.111797e+20,0.000000e+00,4.667988e+20,2.740245e+18,5.843451e+20,1.467136e+02,4.694331e+00,1.420193e+02,NaN,NaN,NaN,NaN,4.213283e-02,NaN,3.507955e+06,2.461203e-03
2.703767e+03,2.973646e+03,2.927835e+03,4.624681e+04,5.462421e+04,8.377400e+03,9.358056e-01,NaN,NaN,4.005529e-03,0.000000e+00,6.180606e+19,2.111797e+20,0.000000e+00,4.667987e+20,2.740244e+18,5.843451e+20,1.467136e+02,4.694330e+00,1.420193e+02,NaN,NaN,NaN,NaN,4.213283e-02,NaN,3.507955e+06,2.468461e-03
2.722164e+03,2.971150e+03,2.925502e+03,4.598363e+04,5.436103e+04,8.377398e+03,9.344471e-01,NaN,NaN,4.014208e-03,0.000000e+00,6.180606e+19,2.111797e+20,0.000000e+00,4.667987e+20,2.740243e+18,5.843451e+20,1.467136e+02,4.694328e+00,1.420193e+02,NaN,NaN,NaN,NaN,4.213283e-02,NaN,3.507955e+06,2.475759e-03
2.740685e+03,2.968653e+03,2.923169e+03,4.572172e+04,5.409911e+04,8.377395e+03,9.330796e-01,NaN,NaN,4.022919e-03,0.000000e+00,6.180606e+19,2.111797e+20,0.000000e+00,4.667986e+20,2.740242e+18,5.843451e+20,1.467136e+02,4.694327e+00,1.420193e+02,NaN,NaN,NaN,NaN,4.213283e-02,NaN,3.507955e+06,2.483097e-03
2.759330e+03,2.966156e+03,2.920835e+03,4.546105e+04,5.383844e+04,8.377392e+03,9.317030e-01,NaN,NaN,4.031661e-03,0.000000e+00,6.180606e+19,2.111797e+20,0.000000e+00,4.667985e+20,2.740242e+18,5.843451e+20,1.467136e+02,4.694326e+00,1.420193e+02,NaN,NaN,NaN,NaN,4.213283e-02,NaN,3.507955e+06,2.490475e-03
2.778099e+03,2.963660e+03,2.918501e+03,4.520164e+04,5.357903e+04,8.377390e+03,9.303175e-01,NaN,NaN,4.040435e-03,0.000000e+00,6.180606e+19,2.111797e+20,0.000000e+00,4.667984e+20,2.740241e+18,5.843451e+20,1.467136e+02,4.694324e+00,1.420193e+02,NaN,NaN,NaN,NaN,4.213283e-02,NaN,3.507955e+06,2.497895e-03
2.796994e+03,2.961163e+03,2.916166e+03,4.494346e+04,5.332085e+04,8.377387e+03,9.289231e-01,NaN,NaN,4.049242e-03,0.000000e+00,6.180606e+19,2.111797e+20,0.000000e+00,4.667983e+20,2.740240e+18,5.843451e+20,1.467136e+02,4.694323e+00,1.420193e+02,NaN,NaN,NaN,NaN,4.213283e-02,NaN,3.507955e+06,2.505355e-03
2.816016e+03,2.958666e+03,2.913830e+03,4.468652e+04,5.306391e+04,8.377385e+03,9.275198e-01,NaN,NaN,4.058080e-03,0.000000e+00,6.180606e+19,2.111797e+20,0.000000e+00,4.667983e+20,2.740239e+18,5.843451e+20,1.467136e+02,4.694321e+00,1.420193e+02,NaN,NaN,NaN,NaN,4.213283e-02,NaN,3.507955e+06,2.512857e-03
2.835165e+03,2.956170e+03,2.911495e+03,4.443081e+04,5.280820e+04,8.377382e+03,9.261076e-01,NaN,NaN,4.066951e-03,0.000000e+00,6.180606e+19,2.111797e+20,0.000000e+00,4.667982e+20,2.740238e+18,5.843451e+20,1.467136e+02,4.694320e+00,1.420193e+02,NaN,NaN,NaN,NaN,4.213283e-02,NaN,3.507955e+06,2.520400e-03
2.854442e+03,2.953673e+03,2.909158e+03,4.417633e+04,5.255371e+04,8.377379e+03,9.246866e-01,NaN,NaN,4.075855e-03,0.000000e+00,6.180606e+19,2.111797e+20,0.000000e+00,4.667981e+20,2.740238e+18,5.843451e+20,1.467136e+02,4.694319e+00,1.420193e+02,NaN,NaN,NaN,NaN,4.213283e-02,NaN,3.507955e+06,2.527986e-03
2.873848e+03,2.951176e+03,2.906822e+03,4.392306e+04,5.230043e+04,8.377377e+03,9.232568e-01,NaN,NaN,4.084792e-03,0.000000e+00,6.180606e+19,2.111797e+20,0.000000e+00,4.667980e+20,2.740237e+18,5.843451e+20,1.467136e+02,4.694317e+00,1.420193e+02,NaN,NaN,NaN,NaN,4.213283e-02,NaN,3.507955e+06,2.535614e-03
2.893384e+03,2.948680e+03,2.904484e+03,4.367100e+04,5.204837e+04,8.377374e+03,9.218182e-01,NaN,NaN,4.093762e-03,0.000000e+00,6.180606e+19,2.111797e+20,0.000000e+00,4.667979e+20,2.740236e+18,5.843451e+20,1.467136e+02,4.694316e+00,1.420193e+02,NaN,NaN,NaN,NaN,4.213283e-02,NaN,3.507955e+06,2.543284e-03
2.913051e+03,2.946183e+03,2.902147e+03,4.342014e+04,5.179751e+04,8.377371e+03,9.203708e-01,NaN,NaN,4.102766e-03,0.000000e+00,6.180606e+19,2.111797e+20,0.000000e+00,4.667979e+20,2.740235e+18,5.843451e+20,1.467136e+02,4.694314e+00,1.420193e+02,NaN,NaN,NaN,NaN,4.213283e-02,NaN,3.507955e+06,2.550997e-03
2.932850e+03,2.943686e+03,2.899809e+03,4.317048e+04,5.154785e+04,8.377369e+03,9.189147e-01,NaN,NaN,4.111802e-03,0.000000e+00,6.180606e+19,2.111797e+20,0.000000e+00,4.667978e+20,2.740234e+18,5.843450e+20,1.467136e+02,4.694313e+00,1.420193e+02,NaN,NaN,NaN,NaN,4.213283e-02,NaN,3.507955e+06,2.558754e-03
2.952782e+03,2.941190e+03,2.897470e+03,4.292202e+04,5.129938e+04,8.377366e+03,9.174499e-01,NaN,NaN,4.120873e-03,0.000000e+00,6.180606e+19,2.111797e+20,0.000000e+00,4.667977e+20,2.740233e+18,5.843450e+20,1.467136e+02,4.694311e+00,1.420193e+02,NaN,NaN,NaN,NaN,4.213283e-02,NaN,3.507955e+06,2.566554e-03
2.972847e+03,2.938693e+03,2.895131e+03,4.267473e+04,5.105210e+04,8.377363e+03,9.159764e-01,NaN,NaN,4.129978e-03,0.000000e+00,6.180606e+19,2.111797e+20,0.000000e+00,4.667976e+20,2.740233e+18,5.843450e+20,1.467136e+02,4.694310e+00,1.420193e+02,NaN,NaN,NaN,NaN,4.213283e-02,NaN,3.507955e+06,2.574399e-03
2.993047e+03,2.936196e+03,2.892792e+03,4.242863e+04,5.080599e+04,8.377360e+03,9.144943e-01,NaN,NaN,4.139117e-03,0.000000e+00,6.180607e+19,2.111797e+20,0.000000e+00,4.667975e+20,2.740232e+18,5.843450e+20,1.467136e+02,4.694309e+00,1.420193e+02,NaN,NaN,NaN,NaN,4.213283e-02,NaN,3.507955e+06,2.582287e-03
3.013382e+03,2.933700e+03,2.890452e+03,4.218370e+04,5.056106e+04,8.377357e+03,9.130036e-01,NaN,NaN,4.148290e-03,0.000000e+00,6.180607e+19,2.111797e+20,0.000000e+00,4.667974e+20,2.740231e+18,5.843450e+20,1.467136e+02,4.694307e+00,1.420193e+02,NaN,NaN,NaN,NaN,4.213283e-02,NaN,3.507955e+06,2.590221e-03
3.033854e+03,2.931203e+03,2.888111e+03,4.193994e+04,5.031729e+04,8.377355e+03,9.115042e-01,NaN,NaN,4.157499e-03,0.000000e+00,6.180607e+19,2.111797e+20,0.000000e+00,4.667973e+20,2.740230e+18,5.843450e+20,1.467136e+02,4.694306e+00,1.420193e+02,NaN,NaN,NaN,NaN,4.213283e-02,NaN,3.507955e+06,2.598199e-03
3.054464e+03,2.928707e+03,2.885770e+03,4.169734e+04,5.007469e+04,8.377352e+03,9.099963e-01,NaN,NaN,4.166742e-03,0.000000e+00,6.180607e+19,2.111797e+20,0.000000e+00,4.667973e+20,2.740229e+18,5.843450e+20,1.467136e+02,4.694304e+00,1.420193e+02,NaN,NaN,NaN,NaN,4.213283e-02,NaN,3.507955e+06,2.606222e-03
3.075212e+03,2.926210e+03,2.883429e+03,4.145589e+04,4.983324e+04,8.377349e+03,9.084798e-01,NaN,NaN,4.176020e-03,0.000000e+00,6.180607e+19,2.111797e+20,0.000000e+00,4.667972e+20,2.740228e+18,5.843450e+20,1.467136e+02,4.694303e+00,1.420193e+02,NaN,NaN,NaN,NaN,4.213283e-02,NaN,3.507955e+06,2.614291e-03
3.096099e+03,2.923713e+03,2.881087e+03,4.121560e+04,4.959294e+04,8.377346e+03,9.069547e-01,NaN,NaN,4.185333e-03,0.000000e+00,6.180607e+19,2.111797e+20,0.000000e+00,4.667971e+20,2.740227e+18,5.843450e+20,1.467136e+02,4.694301e+00,1.420193e+02,NaN,NaN,NaN,NaN,4.213283e-02,NaN,3.507955e+06,2.622407e-03
3.117127e+03,2.921217e+03,2.878745e+03,4.097644e+04,4.935379e+04,8.377343e+03,9.054212e-01,NaN,NaN,4.194683e-03,0.000000e+00,6.180607e+19,2.111797e+20,0.000000e+00,4.667970e+20,2.740226e+18,5.843450e+20,1.467136e+02,4.694299e+00,1.420193e+02,NaN,NaN,NaN,NaN,4.213283e-02,NaN,3.507955e+06,2.630568e-03
3.138297e+03,2.918720e+03,2.876402e+03,4.073843e+04,4.911577e+04,8.377340e+03,9.038792e-01,NaN,NaN,4.204068e-03,0.000000e+00,6.180607e+19,2.111797e+20,0.000000e+00,4.667969e+20,2.740226e+18,5.843450e+20,1.467136e+02,4.694298e+00,1.420193e+02,NaN,NaN,NaN,NaN,4.213284e-02,NaN,3.507955e+06,2.638776e-03
3.159609e+03,2.916223e+03,2.874059e+03,4.050154e+04,4.887888e+04,8.377337e+03,9.023286e-01,NaN,NaN,4.213489e-03,0.000000e+00,6.180607e+19,2.111797e+20,0.000000e+00,4.667968e+20,2.740225e+18,5.843450e+20,1.467136e+02,4.694296e+00,1.420193e+02,NaN,NaN,NaN,NaN,4.213284e-02,NaN,3.507955e+06,2.647032e-03
3.181064e+03,2.913727e+03,2.871716e+03,4.026578e+04,4.864312e+04,8.377334e+03,9.007697e-01,NaN,NaN,4.222946e-03,0.000000e+00,6.180607e+19,2.111797e+20,0.000000e+00,4.667967e+20,2.740224e+18,5.843450e+20,1.467136e+02,4.694295e+00,1.420193e+02,NaN,NaN,NaN,NaN,4.213284e-02,NaN,3.507955e+06,2.655335e-03
3.202664e+03,2.911230e+03,2.869372e+03,4.003114e+04,4.840848e+04,8.377331e+03,8.992022e-01,NaN,NaN,4.232440e-03,0.000000e+00,6.180607e+19,2.111797e+20,0.000000e+00,4.667966e+20,2.740223e+18,5.843450e+20,1.467136e+02,4.694293e+00,1.420193e+02,NaN,NaN,NaN,NaN,4.213284e-02,NaN,3.507955e+06,2.663685e-03
3.224410e+03,2.908733e+03,2.867028e+03,3.979762e+04,4.817495e+04,8.377328e+03,8.976264e-01,NaN,NaN,4.241971e-03,0.000000e+00,6.180607e+19,2.111797e+20,0.000000e+00,4.667965e+20,2.740222e+18,5.843449e+20,1.467136e+02,4.694292e+00,1.420193e+02,NaN,NaN,NaN,NaN,4.213284e-02,NaN,3.507955e+06,2.672084e-03
3.246303e+03,2.906237e+03,2.864683e+03,3.956520e+04,4.794253e+04,8.377325e+03,8.960422e-01,NaN,NaN,4.251538e-03,0.000000e+00,6.180607e+19,2.111797e+20,0.000000e+00,4.667965e+20,2.740221e+18,5.843449e+20,1.467136e+02,4.694290e+00,1.420193e+02,NaN,NaN,NaN,NaN,4.213284e-02,NaN,3.507955e+06,2.680532e-03
3.268343e+03,2.903740e+03,2.862338e+03,3.933389e+04,4.771121e+04,8.377322e+03,8.944495e-01,NaN,NaN,4.261143e-03,0.000000e+00,6.180607e+19,2.111797e+20,0.000000e+00,4.667964e+20,2.740220e+18,5.843449e+20,1.467136e+02,4.694288e+00,1.420193e+02,NaN,NaN,NaN,NaN,4.213284e-02,NaN,3.507955e+06,2.689028e-03
3.290532e+03,2.901243e+03,2.859992e+03,3.910367e+04,4.748099e+04,8.377319e+03,8.928486e-01,NaN,NaN,4.270786e-03,0.000000e+00,6.180607e+19,2.111797e+20,0.000000e+00,4.667963e+20,2.740219e+18,5.843449e+20,1.467136e+02,4.694287e+00,1.420193e+02,NaN,NaN,NaN,NaN,4.213284e-02,NaN,3.507955e+06,2.697574e-03
3.312871e+03,2.898747e+03,2.857646e+03,3.887455e+04,4.725187e+04,8.377316e+03,8.912392e-01,NaN,NaN,4.280466e-03,0.000000e+00,6.180607e+19,2.111797e+20,0.000000e+00,4.667962e+20,2.740218e+18,5.843448e+20,1.467136e+02,4.694285e+00,1.420193e+02,NaN,NaN,NaN,NaN,4.213284e-02,NaN,3.507955e+06,2.706170e-03
3.335362e+03,2.896250e+03,2.855299e+03,3.864651e+04,4.702382e+04,8.377313e+03,8.896215e-01,NaN,NaN,4.290185e-03,0.000000e+00,6.180607e+19,2.111797e+20,0.000000e+00,4.667961e+20,2.740217e+18,5.843448e+20,1.467136e+02,4.694284e+00,1.420193e+02,NaN,NaN,NaN,NaN,4.213284e-02,NaN,3.507955e+06,2.714815e-03
3.358004e+03,2.893754e+03,2.852952e+03,3.841955e+04,4.679686e+04,8.377310e+03,8.879955e-01,NaN,NaN,4.299941e-03,0.000000e+00,6.180607e+19,2.111797e+20,0.000000e+00,4.667960e+20,2.740216e+18,5.843448e+20,1.467136e+02,4.694282e+00,1.420193e+02,NaN,NaN,NaN,NaN,4.213284e-02,NaN,3.507955e+06,2.723511e-03
3.380800e+03,2.891257e+03,2.850605e+03,3.819367e+04,4.657097e+04,8.377307e+03,8.863613e-01,NaN,NaN,4.309737e-03,0.000000e+00,6.180608e+19,2.111797e+20,0.000000e+00,4.667959e+20,2.740215e+18,5.843448e+20,1.467137e+02,4.694280e+00,1.420194e+02,NaN,NaN,NaN,NaN,4.213284e-02,NaN,3.507955e+06,2.732258e-03
3.403750e+03,2.888760e+03,2.848257e+03,3.796885e+04,4.634616e+04,8.377304e+03,8.847187e-01,NaN,NaN,4.319571e-03,0.000000e+00,6.180608e+19,2.111797e+20,0.000000e+00,4.667958e+20,2.740214e+18,5.843448e+20,1.467137e+02,4.694279e+00,1.420194e+02,NaN,NaN,NaN,NaN,4.213284e-02,NaN,3.507955e+06,2.741057e-03
3.426856e+03,2.886264e+03,2.845909e+03,3.774510e+04,4.612240e+04,8.377300e+03,8.830678e-01,NaN,NaN,4.329444e-03,0.000000e+00,6.180608e+19,2.111797e+20,0.000000e+00,4.667957e+20,2.740213e+18,5.843448e+20,1.467137e+02,4.694277e+00,1.420194e+02,NaN,NaN,NaN,NaN,4.213284e-02,NaN,3.507955e+06,2.749907e-03
3.450119e+03,2.883767e+03,2.843561e+03,3.752241e+04,4.589971e+04,8.377297e+03,8.814087e-01,NaN,NaN,4.339356e-03,0.000000e+00,6.180608e+19,2.111797e+20,0.000000e+00,4.667956e+20,2.740212e+18,5.843448e+20,1.467137e+02,4.694275e+00,1.420194e+02,NaN,NaN,NaN,NaN,4.213284e-02,NaN,3.507955e+06,2.758809e-03
3.473539e+03,2.881270e+03,2.841212e+03,3.730077e+04,4.567807e+04,8.377294e+03,8.797413e-01,NaN,NaN,4.349308e-03,0.000000e+00,6.180608e+19,2.111797e+20,0.000000e+00,4.667955e+20,2.740211e+18,5.843448e+20,1.467137e+02,4.694274e+00,1.420194e+02,NaN,NaN,NaN,NaN,4.213284e-02,NaN,3.507955e+06,2.767764e-03
3.497119e+03,2.878774e+03,2.838862e+03,3.708018e+04,4.545747e+04,8.377291e+03,8.780657e-01,NaN,NaN,4.359300e-03,0.000000e+00,6.180608e+19,2.111797e+20,0.000000e+00,4.667954e+20,2.740210e+18,5.843448e+20,1.467137e+02,4.694272e+00,1.420194e+02,NaN,NaN,NaN,NaN,4.213284e-02,NaN,3.507955e+06,2.776772e-03
3.520859e+03,2.876277e+03,2.836512e+03,3.686063e+04,4.523792e+04,8.377287e+03,8.763819e-01,NaN,NaN,4.369332e-03,0.000000e+00,6.180608e+19,2.111797e+20,0.000000e+00,4.667953e+20,2.740209e+18,5.843448e+20,1.467137e+02,4.694270e+00,1.420194e+02,NaN,NaN,NaN,NaN,4.213284e-02,NaN,3.507955e+06,2.785833e-03
3.544761e+03,2.873781e+03,2.834162e+03,3.664212e+04,4.501940e+04,8.377284e+03,8.746899e-01,NaN,NaN,4.379405e-03,0.000000e+00,6.180608e+19,2.111797e+20,0.000000e+00,4.667952e+20,2.740208e+18,5.843448e+20,1.467137e+02,4.694268e+00,1.420194e+02,NaN,NaN,NaN,NaN,4.213284e-02,NaN,3.507955e+06,2.794948e-03
3.568826e+03,2.871284e+03,2.831812e+03,3.642464e+04,4.480192e+04,8.377281e+03,8.729896e-01,NaN,NaN,4.389518e-03,0.000000e+00,6.180608e+19,2.111797e+20,0.000000e+00,4.667951e+20,2.740207e+18,5.843448e+20,1.467137e+02,4.694267e+00,1.420194e+02,NaN,NaN,NaN,NaN,4.213285e-02,NaN,3.507955e+06,2.804117e-03
3.593054e+03,2.868787e+03,2.829461e+03,3.620818e+04,4.458546e+04,8.377277e+03,8.712812e-01,NaN,NaN,4.399673e-03,0.000000e+00,6.180608e+19,2.111797e+20,0.000000e+00,4.667950e+20,2.740206e+18,5.843447e+20,1.467137e+02,4.694265e+00,1.420194e+02,NaN,NaN,NaN,NaN,4.213285e-02,NaN,3.507955e+06,2.813341e-03
3.617448e+03,2.866291e+03,2.827109e+03,3.599275e+04,4.437002e+04,8.377274e+03,8.695647e-01,NaN,NaN,4.409868e-03,0.000000e+00,6.180608e+19,2.111797e+20,0.000000e+00,4.667949e+20,2.740205e+18,5.843447e+20,1.467137e+02,4.694263e+00,1.420194e+02,NaN,NaN,NaN,NaN,4.213285e-02,NaN,3.507955e+06,2.822620e-03
3.642009e+03,2.863794e+03,2.824758e+03,3.577833e+04,4.415560e+04,8.377271e+03,8.678399e-01,NaN,NaN,4.420105e-03,0.000000e+00,6.180608e+19,2.111797e+20,0.000000e+00,4.667948e+20,2.740204e+18,5.843447e+20,1.467137e+02,4.694261e+00,1.420194e+02,NaN,NaN,NaN,NaN,4.213285e-02,NaN,3.507955e+06,2.831955e-03
3.666737e+03,2.861298e+03,2.822405e+03,3.556493e+04,4.394219e+04,8.377267e+03,8.661070e-01,NaN,NaN,4.430384e-03,0.000000e+00,6.180608e+19,2.111797e+20,0.000000e+00,4.667947e+20,2.740203e+18,5.843447e+20,1.467137e+02,4.694259e+00,1.420194e+02,NaN,NaN,NaN,NaN,4.213285e-02,NaN,3.507955e+06,2.841346e-03
3.691634e+03,2.858801e+03,2.820053e+03,3.535252e+04,4.372979e+04,8.377264e+03,8.643660e-01,NaN,NaN,4.440706e-03,0.000000e+00,6.180608e+19,2.111797e+20,0.000000e+00,4.667946e+20,2.740202e+18,5.843447e+20,1.467137e+02,4.694258e+00,1.420194e+02,NaN,NaN,NaN,NaN,4.213285e-02,NaN,3.507955e+06,2.850793e-03
3.716702e+03,2.856304e+03,2.817700e+03,3.514112e+04,4.351838e+04,8.377260e+03,8.626169e-01,NaN,NaN,4.451069e-03,0.000000e+00,6.180608e+19,2.111797e+20,0.000000e+00,4.667945e+20,2.740201e+18,5.843447e+20,1.467137e+02,4.694256e+00,1.420194e+02,NaN,NaN,NaN,NaN,4.213285e-02,NaN,3.507955e+06,2.860297e-03
3.741942e+03,2.853808e+03,2.815347e+03,3.493072e+04,4.330798e+04,8.377257e+03,8.608596e-01,NaN,NaN,4.461476e-03,0.000000e+00,6.180608e+19,2.111797e+20,0.000000e+00,4.667944e+20,2.740200e+18,5.843447e+20,1.467137e+02,4.694254e+00,1.420194e+02,NaN,NaN,NaN,NaN,4.213285e-02,NaN,3.507955e+06,2.869859e-03
3.767354e+03,2.851311e+03,2.812993e+03,3.472130e+04,4.309856e+04,8.377253e+03,8.590942e-01,NaN,NaN,4.471925e-03,0.000000e+00,6.180609e+19,2.111797e+20,0.000000e+00,4.667943e+20,2.740199e+18,5.843447e+20,1.467137e+02,4.694252e+00,1.420194e+02,NaN,NaN,NaN,NaN,4.213285e-02,NaN,3.507955e+06,2.879478e-03
3.792941e+03,2.848815e+03,2.810639e+03,3.451287e+04,4.289012e+04,8.377250e+03,8.573208e-01,NaN,NaN,4.482418e-03,0.000000e+00,6.180609e+19,2.111797e+20,0.000000e+00,4.667942e+20,2.740198e+18,5.843447e+20,1.467137e+02,4.694250e+00,1.420194e+02,NaN,NaN,NaN,NaN,4.213285e-02,NaN,3.507955e+06,2.889156e-03
3.818704e+03,2.846318e+03,2.808284e+03,3.430542e+04,4.268267e+04,8.377246e+03,8.555392e-01,NaN,NaN,4.492954e-03,0.000000e+00,6.180609e+19,2.111797e+20,0.000000e+00,4.667940e+20,2.740197e+18,5.843447e+20,1.467136e+02,4.694248e+00,1.420194e+02,NaN,NaN,NaN,NaN,4.213285e-02,NaN,3.507955e+06,2.898892e-03
3.844644e+03,2.843822e+03,2.805929e+03,3.409895e+04,4.247619e+04,8.377243e+03,8.537496e-01,NaN,NaN,4.503535e-03,0.000000e+00,6.180609e+19,2.111797e+20,0.000000e+00,4.667939e+20,2.740196e+18,5.843447e+20,1.467136e+02,4.694246e+00,1.420194e+02,NaN,NaN,NaN,NaN,4.213285e-02,NaN,3.507955e+06,2.908688e-03
3.870762e+03,2.841325e+03,2.803574e+03,3.389344e+04,4.227068e+04,8.377239e+03,8.519518e-01,NaN,NaN,4.514160e-03,0.000000e+00,6.180609e+19,2.111797e+20,0.000000e+00,4.667938e+20,2.740194e+18,5.843447e+20,1.467136e+02,4.694245e+00,1.420194e+02,NaN,NaN,NaN,NaN,4.213285e-02,NaN,3.507955e+06,2.918544e-03
3.897061e+03,2.838828e+03,2.801219e+03,3.368890e+04,4.206614e+04,8.377235e+03,8.501461e-01,NaN,NaN,4.524829e-03,0.000000e+00,6.180609e+19,2.111797e+20,0.000000e+00,4.667937e+20,2.740193e+18,5.843446e+20,1.467136e+02,4.694243e+00,1.420194e+02,NaN,NaN,NaN,NaN,4.213285e-02,NaN,3.507955e+06,2.928460e-03
3.923541e+03,2.836332e+03,2.798863e+03,3.348533e+04,4.186256e+04,8.377232e+03,8.483322e-01,NaN,NaN,4.535543e-03,0.000000e+00,6.180609e+19,2.111797e+20,0.000000e+00,4.667936e+20,2.740192e+18,5.843446e+20,1.467136e+02,4.694241e+00,1.420194e+02,NaN,NaN,NaN,NaN,4.213285e-02,NaN,3.507955e+06,2.938436e-03
3.950203e+03,2.833835e+03,2.796506e+03,3.328270e+04,4.165993e+04,8.377228e+03,8.465104e-01,NaN,NaN,4.546303e-03,0.000000e+00,6.180609e+19,2.111797e+20,0.000000e+00,4.667935e+20,2.740191e+18,5.843446e+20,1.467136e+02,4.694239e+00,1.420194e+02,NaN,NaN,NaN,NaN,4.213285e-02,NaN,3.507955e+06,2.948474e-03
3.977050e+03,2.831339e+03,2.794150e+03,3.308103e+04,4.145825e+04,8.377224e+03,8.446804e-01,NaN,NaN,4.557108e-03,0.000000e+00,6.180609e+19,2.111797e+20,0.000000e+00,4.667934e+20,2.740190e+18,5.843446e+20,1.467136e+02,4.694237e+00,1.420194e+02,NaN,NaN,NaN,NaN,4.213285e-02,NaN,3.507955e+06,2.958574e-03
4.004082e+03,2.828842e+03,2.791792e+03,3.288030e+04,4.125752e+04,8.377221e+03,8.428425e-01,NaN,NaN,4.567959e-03,0.000000e+00,6.180609e+19,2.111797e+20,0.000000e+00,4.667933e+20,2.740189e+18,5.843446e+20,1.467136e+02,4.694235e+00,1.420194e+02,NaN,NaN,NaN,NaN,4.213286e-02,NaN,3.507955e+06,2.968736e-03
4.031302e+03,2.826346e+03,2.789435e+03,3.268052e+04,4.105774e+04,8.377217e+03,8.409965e-01,NaN,NaN,4.578857e-03,0.000000e+00,6.180609e+19,2.111797e+20,0.000000e+00,4.667932e+20,2.740188e+18,5.843446e+20,1.467136e+02,4.694233e+00,1.420194e+02,NaN,NaN,NaN,NaN,4.213286e-02,NaN,3.507955e+06,2.978961e-03
4.058710e+03,2.823849e+03,2.787077e+03,3.248167e+04,4.085888e+04,8.377213e+03,8.391425e-01,NaN,NaN,4.589801e-03,0.000000e+00,6.180609e+19,2.111797e+20,0.000000e+00,4.667930e+20,2.740186e+18,5.843446e+20,1.467136e+02,4.694231e+00,1.420194e+02,NaN,NaN,NaN,NaN,4.213286e-02,NaN,3.507955e+06,2.989249e-03
4.086308e+03,2.821353e+03,2.784719e+03,3.228375e+04,4.066096e+04,8.377209e+03,8.372805e-01,NaN,NaN,4.600791e-03,0.000000e+00,6.180609e+19,2.111797e+20,0.000000e+00,4.667929e+20,2.740185e+18,5.843446e+20,1.467136e+02,4.694229e+00,1.420194e+02,NaN,NaN,NaN,NaN,4.213286e-02,NaN,3.507955e+06,2.999601e-03
4.114098e+03,2.818856e+03,2.782361e+03,3.208676e+04,4.046397e+04,8.377205e+03,8.354105e-01,NaN,NaN,4.611830e-03,0.000000e+00,6.180609e+19,2.111797e+20,0.000000e+00,4.667928e+20,2.740184e+18,5.843446e+20,1.467136e+02,4.694227e+00,1.420194e+02,NaN,NaN,NaN,NaN,4.213286e-02,NaN,3.507955e+06,3.010018e-03
4.142082e+03,2.816359e+03,2.780002e+03,3.189069e+04,4.026789e+04,8.377202e+03,8.335325e-01,NaN,NaN,4.622915e-03,0.000000e+00,6.180610e+19,2.111797e+20,0.000000e+00,4.667927e+20,2.740183e+18,5.843446e+20,1.467136e+02,4.694225e+00,1.420194e+02,NaN,NaN,NaN,NaN,4.213286e-02,NaN,3.507955e+06,3.020499e-03
4.170260e+03,2.813863e+03,2.777643e+03,3.169554e+04,4.007274e+04,8.377198e+03,8.316465e-01,NaN,NaN,4.634049e-03,0.000000e+00,6.180610e+19,2.111797e+20,0.000000e+00,4.667926e+20,2.740182e+18,5.843446e+20,1.467136e+02,4.694223e+00,1.420194e+02,NaN,NaN,NaN,NaN,4.213286e-02,NaN,3.507955e+06,3.031046e-03
4.198634e+03,2.811366e+03,2.775283e+03,3.150130e+04,3.987850e+04,8.377194e+03,8.297526e-01,NaN,NaN,4.645231e-03,0.000000e+00,6.180610e+19,2.111797e+20,0.000000e+00,4.667924e+20,2.740180e+18,5.843445e+20,1.467136e+02,4.694221e+00,1.420194e+02,NaN,NaN,NaN,NaN,4.213286e-02,NaN,3.507955e+06,3.041659e-03
4.227207e+03,2.808870e+03,2.772923e+03,3.130797e+04,3.968516e+04,8.377190e+03,8.278506e-01,NaN,NaN,4.656462e-03,0.000000e+00,6.180610e+19,2.111797e+20,0.000000e+00,4.667923e+20,2.740179e+18,5.843445e+20,1.467136e+02,4.694219e+00,1.420194e+02,NaN,NaN,NaN,NaN,4.213286e-02,NaN,3.507955e+06,3.052338e-03
4.255978e+03,2.806373e+03,2.770563e+03,3.111555e+04,3.949273e+04,8.377186e+03,8.259407e-01,NaN,NaN,4.667742e-03,0.000000e+00,6.180610e+19,2.111797e+20,0.000000e+00,4.667922e+20,2.740178e+18,5.843445e+20,1.467136e+02,4.694216e+00,1.420194e+02,NaN,NaN,NaN,NaN,4.213286e-02,NaN,3.507955e+06,3.063085e-03
4.284952e+03,2.803877e+03,2.768202e+03,3.092402e+04,3.930120e+04,8.377182e+03,8.240228e-01,NaN,NaN,4.679071e-03,0.000000e+00,6.180610e+19,2.111797e+20,0.000000e+00,4.667921e+20,2.740177e+18,5.843445e+20,1.467136e+02,4.694214e+00,1.420194e+02,NaN,NaN,NaN,NaN,4.213286e-02,NaN,3.507955e+06,3.073899e-03
4.314127e+03,2.801380e+03,2.765841e+03,3.073339e+04,3.911057e+04,8.377178e+03,8.220969e-01,NaN,NaN,4.690450e-03,0.000000e+00,6.180610e+19,2.111797e+20,0.000000e+00,4.667920e+20,2.740176e+18,5.843444e+20,1.467136e+02,4.694212e+00,1.420194e+02,NaN,NaN,NaN,NaN,4.213286e-02,NaN,3.507955e+06,3.084782e-03
4.343508e+03,2.798884e+03,2.763480e+03,3.054365e+04,3.892082e+04,8.377174e+03,8.201630e-01,NaN,NaN,4.701879e-03,0.000000e+00,6.180610e+19,2.111797e+20,0.000000e+00,4.667918e+20,2.740174e+18,5.843444e+20,1.467136e+02,4.694210e+00,1.420194e+02,NaN,NaN,NaN,NaN,4.213286e-02,NaN,3.507955e+06,3.095734e-03
4.373094e+03,2.796387e+03,2.761118e+03,3.035479e+04,3.873196e+04,8.377170e+03,8.182212e-01,NaN,NaN,4.713359e-03,0.000000e+00,6.180610e+19,2.111797e+20,0.000000e+00,4.667917e+20,2.740173e+18,5.843444e+20,1.467136e+02,4.694208e+00,1.420194e+02,NaN,NaN,NaN,NaN,4.213286e-02,NaN,3.507955e+06,3.106755e-03
4.402889e+03,2.793891e+03,2.758756e+03,3.016681e+04,3.854398e+04,8.377166e+03,8.162715e-01,NaN,NaN,4.724890e-03,0.000000e+00,6.180610e+19,2.111797e+20,0.000000e+00,4.667916e+20,2.740172e+18,5.843444e+20,1.467136e+02,4.694206e+00,1.420194e+02,NaN,NaN,NaN,NaN,4.213286e-02,NaN,3.507955e+06,3.117846e-03
4.432893e+03,2.791394e+03,2.756394e+03,2.997971e+04,3.835687e+04,8.377161e+03,8.143138e-01,NaN,NaN,4.736471e-03,0.000000e+00,6.180610e+19,2.111797e+20,0.000000e+00,4.667915e+20,2.740170e+18,5.843444e+20,1.467136e+02,4.694204e+00,1.420194e+02,NaN,NaN,NaN,NaN,4.213287e-02,NaN,3.507955e+06,3.129008e-03
4.463108e+03,2.788898e+03,2.754031e+03,2.979349e+04,3.817064e+04,8.377157e+03,8.123482e-01,NaN,NaN,4.748105e-03,0.000000e+00,6.180610e+19,2.111797e+20,0.000000e+00,4.667913e+20,2.740169e+18,5.843444e+20,1.467136e+02,4.694201e+00,1.420194e+02,NaN,NaN,NaN,NaN,4.213287e-02,NaN,3.507955e+06,3.140241e-03
4.493536e+03,2.786401e+03,2.751668e+03,2.960813e+04,3.798528e+04,8.377153e+03,8.103746e-01,NaN,NaN,4.759791e-03,0.000000e+00,6.180610e+19,2.111797e+20,0.000000e+00,4.667912e+20,2.740168e+18,5.843444e+20,1.467136e+02,4.694199e+00,1.420194e+02,NaN,NaN,NaN,NaN,4.213287e-02,NaN,3.507955e+06,3.151545e-03
4.524179e+03,2.783905e+03,2.749305e+03,2.942363e+04,3.780078e+04,8.377149e+03,8.083931e-01,NaN,NaN,4.771529e-03,0.000000e+00,6.180611e+19,2.111797e+20,0.000000e+00,4.667911e+20,2.740167e+18,5.843444e+20,1.467136e+02,4.694197e+00,1.420194e+02,NaN,NaN,NaN,NaN,4.213287e-02,NaN,3.507955e+06,3.162923e-03
4.555039e+03,2.781408e+03,2.746942e+03,2.923999e+04,3.761714e+04,8.377145e+03,8.064036e-01,NaN,NaN,4.783320e-03,0.000000e+00,6.180611e+19,2.111797e+20,0.000000e+00,4.667909e+20,2.740165e+18,5.843444e+20,1.467136e+02,4.694195e+00,1.420194e+02,NaN,NaN,NaN,NaN,4.213287e-02,NaN,3.507955e+06,3.174373e-03
4.586117e+03,2.778912e+03,2.744578e+03,2.905721e+04,3.743435e+04,8.377140e+03,8.044063e-01,NaN,NaN,4.795165e-03,0.000000e+00,6.180611e+19,2.111797e+20,0.000000e+00,4.667908e+20,2.740164e+18,5.843443e+20,1.467136e+02,4.694192e+00,1.420194e+02,NaN,NaN,NaN,NaN,4.213287e-02,NaN,3.507955e+06,3.185898e-03
4.617416e+03,2.776415e+03,2.742213e+03,2.887528e+04,3.725242e+04,8.377136e+03,8.024009e-01,NaN,NaN,4.807063e-03,0.000000e+00,6.180611e+19,2.111797e+20,0.000000e+00,4.667907e+20,2.740163e+18,5.843443e+20,1.467136e+02,4.694190e+00,1.420194e+02,NaN,NaN,NaN,NaN,4.213287e-02,NaN,3.507955e+06,3.197496e-03
4.648936e+03,2.773919e+03,2.739849e+03,2.869420e+04,3.707133e+04,8.377132e+03,8.003877e-01,NaN,NaN,4.819015e-03,0.000000e+00,6.180611e+19,2.111797e+20,0.000000e+00,4.667906e+20,2.740161e+18,5.843443e+20,1.467136e+02,4.694188e+00,1.420194e+02,NaN,NaN,NaN,NaN,4.213287e-02,NaN,3.507955e+06,3.209170e-03
4.680681e+03,2.771422e+03,2.737484e+03,2.851395e+04,3.689108e+04,8.377127e+03,7.983666e-01,NaN,NaN,4.831022e-03,0.000000e+00,6.180611e+19,2.111797e+20,0.000000e+00,4.667904e+20,2.740160e+18,5.843443e+20,1.467136e+02,4.694185e+00,1.420194e+02,NaN,NaN,NaN,NaN,4.213287e-02,NaN,3.507955e+06,3.220919e-03
4.712651e+03,2.768926e+03,2.735119e+03,2.833455e+04,3.671167e+04,8.377123e+03,7.963375e-01,NaN,NaN,4.843083e-03,0.000000e+00,6.180611e+19,2.111797e+20,0.000000e+00,4.667903e+20,2.740158e+18,5.843443e+20,1.467136e+02,4.694183e+00,1.420194e+02,NaN,NaN,NaN,NaN,4.213287e-02,NaN,3.507955e+06,3.232745e-03
4.744849e+03,2.766430e+03,2.732753e+03,2.815598e+04,3.653310e+04,8.377118e+03,7.943005e-01,NaN,NaN,4.855200e-03,0.000000e+00,6.180611e+19,2.111797e+20,0.000000e+00,4.667902e+20,2.740157e+18,5.843443e+20,1.467136e+02,4.694181e+00,1.420194e+02,NaN,NaN,NaN,NaN,4.213287e-02,NaN,3.507955e+06,3.244647e-03
4.777277e+03,2.763933e+03,2.730387e+03,2.797824e+04,3.635535e+04,8.377114e+03,7.922556e-01,NaN,NaN,4.867373e-03,0.000000e+00,6.180611e+19,2.111797e+20,0.000000e+00,4.667900e+20,2.740156e+18,5.843443e+20,1.467136e+02,4.694178e+00,1.420194e+02,NaN,NaN,NaN,NaN,4.213287e-02,NaN,3.507955e+06,3.256628e-03
4.809937e+03,2.761437e+03,2.728021e+03,2.780132e+04,3.617843e+04,8.377109e+03,7.902027e-01,NaN,NaN,4.879602e-03,0.000000e+00,6.180611e+19,2.111797e+20,0.000000e+00,4.667899e+20,2.740154e+18,5.843443e+20,1.467136e+02,4.694176e+00,1.420194e+02,NaN,NaN,NaN,NaN,4.213287e-02,NaN,3.507955e+06,3.268687e-03
4.842830e+03,2.758940e+03,2.725655e+03,2.762522e+04,3.600233e+04,8.377105e+03,7.881420e-01,NaN,NaN,4.891888e-03,0.000000e+00,6.180611e+19,2.111797e+20,0.000000e+00,4.667897e+20,2.740153e+18,5.843443e+20,1.467136e+02,4.694173e+00,1.420194e+02,NaN,NaN,NaN,NaN,4.213287e-02,NaN,3.507955e+06,3.280824e-03
4.875959e+03,2.756444e+03,2.723288e+03,2.744995e+04,3.582705e+04,8.377100e+03,7.860734e-01,NaN,NaN,4.904231e-03,0.000000e+00,6.180611e+19,2.111797e+20,0.000000e+00,4.667896e+20,2.740151e+18,5.843442e+20,1.467136e+02,4.694171e+00,1.420194e+02,NaN,NaN,NaN,NaN,4.213288e-02,NaN,3.507955e+06,3.293042e-03
4.909326e+03,2.753947e+03,2.720921e+03,2.727548e+04,3.565258e+04,8.377096e+03,7.839968e-01,NaN,NaN,4.916632e-03,0.000000e+00,6.180612e+19,2.111797e+20,0.000000e+00,4.667895e+20,2.740150e+18,5.843442e+20,1.467136e+02,4.694169e+00,1.420194e+02,NaN,NaN,NaN,NaN,4.213288e-02,NaN,3.507955e+06,3.305340e-03
4.942933e+03,2.751451e+03,2.718553e+03,2.710182e+04,3.547892e+04,8.377091e+03,7.819123e-01,NaN,NaN,4.929091e-03,0.000000e+00,6.180612e+19,2.111797e+20,0.000000e+00,4.667893e+20,2.740149e+18,5.843442e+20,1.467136e+02,4.694166e+00,1.420194e+02,NaN,NaN,NaN,NaN,4.213288e-02,NaN,3.507955e+06,3.317719e-03
4.976781e+03,2.748955e+03,2.716186e+03,2.692897e+04,3.530606e+04,8.377086e+03,7.798199e-01,NaN,NaN,4.941608e-03,0.000000e+00,6.180612e+19,2.111797e+20,0.000000e+00,4.667892e+20,2.740147e+18,5.843442e+20,1.467136e+02,4.694164e+00,1.420194e+02,NaN,NaN,NaN,NaN,4.213288e-02,NaN,3.507955e+06,3.330180e-03
5.010873e+03,2.746458e+03,2.713818e+03,2.675692e+04,3.513400e+04,8.377082e+03,7.777197e-01,NaN,NaN,4.954184e-03,0.000000e+00,6.180612e+19,2.111797e+20,0.000000e+00,4.667890e+20,2.740146e+18,5.843442e+20,1.467136e+02,4.694161e+00,1.420194e+02,NaN,NaN,NaN,NaN,4.213288e-02,NaN,3.507955e+06,3.342723e-03
5.045212e+03,2.743962e+03,2.711449e+03,2.658567e+04,3.496275e+04,8.377077e+03,7.756115e-01,NaN,NaN,4.966820e-03,0.000000e+00,6.180612e+19,2.111797e+20,0.000000e+00,4.667889e+20,2.740144e+18,5.843442e+20,1.467137e+02,4.694159e+00,1.420195e+02,NaN,NaN,NaN,NaN,4.213288e-02,NaN,3.507955e+06,3.355350e-03
5.079798e+03,2.741465e+03,2.709081e+03,2.641521e+04,3.479228e+04,8.377072e+03,7.734954e-01,NaN,NaN,4.979516e-03,0.000000e+00,6.180612e+19,2.111797e+20,0.000000e+00,4.667887e+20,2.740143e+18,5.843442e+20,1.467137e+02,4.694156e+00,1.420195e+02,NaN,NaN,NaN,NaN,4.213288e-02,NaN,3.507955e+06,3.368061e-03
5.114635e+03,2.738969e+03,2.706712e+03,2.624554e+04,3.462260e+04,8.377067e+03,7.713714e-01,NaN,NaN,4.992272e-03,0.000000e+00,6.180612e+19,2.111797e+20,0.000000e+00,4.667886e+20,2.740141e+18,5.843442e+20,1.467137e+02,4.694154e+00,1.420195e+02,NaN,NaN,NaN,NaN,4.213288e-02,NaN,3.507955e+06,3.380857e-03
5.149725e+03,2.736473e+03,2.704343e+03,2.607665e+04,3.445371e+04,8.377062e+03,7.692394e-01,NaN,NaN,5.005089e-03,0.000000e+00,6.180612e+19,2.111797e+20,0.000000e+00,4.667884e+20,2.740140e+18,5.843442e+20,1.467137e+02,4.694151e+00,1.420195e+02,NaN,NaN,NaN,NaN,4.213288e-02,NaN,3.507955e+06,3.393738e-03
5.185069e+03,2.733976e+03,2.701973e+03,2.590855e+04,3.428560e+04,8.377058e+03,7.670996e-01,NaN,NaN,5.017967e-03,0.000000e+00,6.180612e+19,2.111797e+20,0.000000e+00,4.667883e+20,2.740138e+18,5.843441e+20,1.467136e+02,4.694148e+00,1.420195e+02,NaN,NaN,NaN,NaN,4.213288e-02,NaN,3.507955e+06,3.406706e-03
5.220671e+03,2.731480e+03,2.699604e+03,2.574122e+04,3.411827e+04,8.377053e+03,7.649519e-01,NaN,NaN,5.030908e-03,0.000000e+00,6.180612e+19,2.111797e+20,0.000000e+00,4.667882e+20,2.740137e+18,5.843441e+20,1.467136e+02,4.694146e+00,1.420195e+02,NaN,NaN,NaN,NaN,4.213288e-02,NaN,3.507955e+06,3.419761e-03
5.256532e+03,2.728983e+03,2.697234e+03,2.557466e+04,3.395171e+04,8.377048e+03,7.627963e-01,NaN,NaN,5.043910e-03,0.000000e+00,6.180612e+19,2.111797e+20,0.000000e+00,4.667880e+20,2.740135e+18,5.843441e+20,1.467136e+02,4.694143e+00,1.420195e+02,NaN,NaN,NaN,NaN,4.213288e-02,NaN,3.507955e+06,3.432904e-03
5.292654e+03,2.726487e+03,2.694863e+03,2.540888e+04,3.378592e+04,8.377043e+03,7.606327e-01,NaN,NaN,5.056976e-03,0.000000e+00,6.180613e+19,2.111797e+20,0.000000e+00,4.667878e+20,2.740134e+18,5.843441e+20,1.467136e+02,4.694140e+00,1.420195e+02,NaN,NaN,NaN,NaN,4.213289e-02,NaN,3.507955e+06,3.446135e-03
5.329041e+03,2.723991e+03,2.692493e+03,2.524386e+04,3.362090e+04,8.377038e+03,7.584613e-01,NaN,NaN,5.070105e-03,0.000000e+00,6.180613e+19,2.111797e+20,0.000000e+00,4.667877e+20,2.740132e+18,5.843441e+20,1.467136e+02,4.694138e+00,1.420195e+02,NaN,NaN,NaN,NaN,4.213289e-02,NaN,3.507955e+06,3.459456e-03
5.365693e+03,2.721494e+03,2.690122e+03,2.507960e+04,3.345663e+04,8.377033e+03,7.562819e-01,NaN,NaN,5.083298e-03,0.000000e+00,6.180613e+19,2.111797e+20,0.000000e+00,4.667875e+20,2.740130e+18,5.843440e+20,1.467136e+02,4.694135e+00,1.420195e+02,NaN,NaN,NaN,NaN,4.213289e-02,NaN,3.507955e+06,3.472868e-03
5.402615e+03,2.718998e+03,2.687751e+03,2.491610e+04,3.329313e+04,8.377028e+03,7.540947e-01,NaN,NaN,5.096556e-03,0.000000e+00,6.180613e+19,2.111797e+20,0.000000e+00,4.667874e+20,2.740129e+18,5.843440e+20,1.467136e+02,4.694132e+00,1.420195e+02,NaN,NaN,NaN,NaN,4.213289e-02,NaN,3.507955e+06,3.486370e-03
5.439808e+03,2.716502e+03,2.685379e+03,2.475336e+04,3.313038e+04,8.377022e+03,7.518995e-01,NaN,NaN,5.109879e-03,0.000000e+00,6.180613e+19,2.111797e+20,0.000000e+00,4.667872e+20,2.740127e+18,5.843440e+20,1.467136e+02,4.694130e+00,1.420195e+02,NaN,NaN,NaN,NaN,4.213289e-02,NaN,3.507955e+06,3.499965e-03
5.447403e+03,2.715928e+03,2.685408e+03,2.360694e+04,3.198396e+04,8.377021e+03,7.509615e-01,NaN,NaN,5.172965e-03,3.929908e+15,5.536577e+19,2.176161e+20,6.618113e+15,4.661901e+20,3.330569e+18,6.061775e+20,1.509867e+02,5.705620e+00,1.452811e+02,NaN,NaN,NaN,NaN,4.182574e-02,NaN,4.122391e+06,3.503104e-03
5.454316e+03,2.715400e+03,2.684951e+03,2.351693e+04,3.189395e+04,8.377020e+03,7.504872e-01,NaN,NaN,5.178995e-03,4.123783e+15,5.504498e+19,2.179367e+20,6.984562e+15,4.661559e+20,3.364453e+18,6.073006e+20,1.511987e+02,5.763665e+00,1.454350e+02,NaN,NaN,NaN,NaN,4.180845e-02,NaN,4.147669e+06,3.505995e-03
5.461336e+03,2.714861e+03,2.684483e+03,2.343774e+04,3.181475e+04,8.377019e+03,7.500112e-01,NaN,NaN,5.184457e-03,4.279550e+15,5.478703e+19,2.181945e+20,7.282080e+15,4.661279e+20,3.392051e+18,6.082063e+20,1.513690e+02,5.810944e+00,1.455581e+02,NaN,NaN,NaN,NaN,4.179441e-02,NaN,4.167721e+06,3.508951e-03
5.468363e+03,2.714319e+03,2.684006e+03,2.336435e+04,3.174136e+04,8.377018e+03,7.495326e-01,NaN,NaN,5.189622e-03,4.414396e+15,5.456411e+19,2.184174e+20,7.541826e+15,4.661034e+20,3.416175e+18,6.089916e+20,1.515179e+02,5.852271e+00,1.456656e+02,NaN,NaN,NaN,NaN,4.178258e-02,NaN,4.184895e+06,3.511925e-03
5.475404e+03,2.713775e+03,2.683542e+03,2.329750e+04,3.167452e+04,8.377017e+03,7.490697e-01,NaN,NaN,5.194404e-03,4.531001e+15,5.437046e+19,2.186101e+20,7.768258e+15,4.660821e+20,3.437294e+18,6.096728e+20,1.516450e+02,5.888451e+00,1.457565e+02,NaN,NaN,NaN,NaN,4.177179e-02,NaN,4.199621e+06,3.514919e-03
5.482208e+03,2.713248e+03,2.683499e+03,2.329148e+04,3.166850e+04,8.377017e+03,7.490271e-01,NaN,NaN,5.194838e-03,4.541217e+15,5.435381e+19,2.186276e+20,7.788124e+15,4.660801e+20,3.439114e+18,6.097337e+20,1.516568e+02,5.891568e+00,1.457652e+02,NaN,NaN,NaN,NaN,4.177094e-02,NaN,4.200902e+06,3.517823e-03
5.482863e+03,2.713197e+03,2.683035e+03,2.322807e+04,3.160509e+04,8.377016e+03,7.485665e-01,NaN,NaN,5.199439e-03,4.646652e+15,5.417816e+19,2.188030e+20,7.994447e+15,4.660607e+20,3.458468e+18,6.103546e+20,1.517708e+02,5.924723e+00,1.458461e+02,NaN,NaN,NaN,NaN,4.176063e-02,NaN,4.214109e+06,3.518104e-03
5.489551e+03,2.712678e+03,2.682541e+03,2.316328e+04,3.154029e+04,8.377016e+03,7.480790e-01,NaN,NaN,5.204193e-03,4.750288e+15,5.400605e+19,2.189750e+20,8.198455e+15,4.660414e+20,3.477576e+18,6.109646e+20,1.518844e+02,5.957457e+00,1.459269e+02,NaN,NaN,NaN,NaN,4.175094e-02,NaN,4.226991e+06,3.520970e-03
5.496656e+03,2.712125e+03,2.682043e+03,2.310006e+04,3.147708e+04,8.377015e+03,7.475885e-01,NaN,NaN,5.208880e-03,4.847933e+15,5.384381e+19,2.191371e+20,8.391858e+15,4.660230e+20,3.495723e+18,6.115405e+20,1.519914e+02,5.988545e+00,1.460029e+02,NaN,NaN,NaN,NaN,4.174177e-02,NaN,4.239045e+06,3.524026e-03
5.503788e+03,2.711569e+03,2.681541e+03,2.303808e+04,3.141509e+04,8.377014e+03,7.470951e-01,NaN,NaN,5.213517e-03,4.940674e+15,5.368997e+19,2.192909e+20,8.576576e+15,4.660054e+20,3.513065e+18,6.120879e+20,1.520939e+02,6.018253e+00,1.460756e+02,NaN,NaN,NaN,NaN,4.173326e-02,NaN,4.250416e+06,3.527103e-03
5.510944e+03,2.711010e+03,2.681051e+03,2.297912e+04,3.135614e+04,8.377013e+03,7.466145e-01,NaN,NaN,5.217966e-03,5.026523e+15,5.354708e+19,2.194332e+20,8.748580e+15,4.659890e+20,3.529259e+18,6.125954e+20,1.521878e+02,6.045997e+00,1.461418e+02,NaN,NaN,NaN,NaN,4.172511e-02,NaN,4.260883e+06,3.530200e-03
5.517906e+03,2.710465e+03,2.680995e+03,2.297238e+04,3.134939e+04,8.377012e+03,7.465593e-01,NaN,NaN,5.218477e-03,5.036173e+15,5.353157e+19,2.194494e+20,8.767879e+15,4.659871e+20,3.531023e+18,6.126525e+20,1.521995e+02,6.049019e+00,1.461505e+02,NaN,NaN,NaN,NaN,4.172452e-02,NaN,4.262050e+06,3.533223e-03
5.518735e+03,2.710400e+03,2.680525e+03,2.291721e+04,3.129422e+04,8.377011e+03,7.460992e-01,NaN,NaN,5.222677e-03,5.114362e+15,5.340062e+19,2.195801e+20,8.925551e+15,4.659721e+20,3.545979e+18,6.131194e+20,1.522835e+02,6.074639e+00,1.462089e+02,NaN,NaN,NaN,NaN,4.171636e-02,NaN,4.271532e+06,3.533583e-03
5.525340e+03,2.709883e+03,2.680012e+03,2.285795e+04,3.123496e+04,8.377011e+03,7.455970e-01,NaN,NaN,5.227218e-03,5.196385e+15,5.326405e+19,2.197166e+20,9.091640e+15,4.659562e+20,3.561676e+18,6.136076e+20,1.523735e+02,6.101529e+00,1.462720e+02,NaN,NaN,NaN,NaN,4.170844e-02,NaN,4.281418e+06,3.536459e-03
5.532575e+03,2.709316e+03,2.679496e+03,2.279933e+04,3.117634e+04,8.377010e+03,7.450918e-01,NaN,NaN,5.231743e-03,5.275760e+15,5.313182e+19,2.198487e+20,9.253180e+15,4.659407e+20,3.576963e+18,6.140809e+20,1.524607e+02,6.127718e+00,1.463330e+02,NaN,NaN,NaN,NaN,4.170074e-02,NaN,4.290935e+06,3.539618e-03
5.539839e+03,2.708746e+03,2.678976e+03,2.274123e+04,3.111824e+04,8.377009e+03,7.445839e-01,NaN,NaN,5.236256e-03,5.352785e+15,5.300371e+19,2.199768e+20,9.410660e+15,4.659256e+20,3.591871e+18,6.145405e+20,1.525459e+02,6.153258e+00,1.463926e+02,NaN,NaN,NaN,NaN,4.169344e-02,NaN,4.300119e+06,3.542798e-03
5.547130e+03,2.708173e+03,2.678468e+03,2.268528e+04,3.106229e+04,8.377008e+03,7.440874e-01,NaN,NaN,5.240631e-03,5.425600e+15,5.288226e+19,2.200977e+20,9.560287e+15,4.659113e+20,3.606069e+18,6.149753e+20,1.526257e+02,6.177580e+00,1.464481e+02,NaN,NaN,NaN,NaN,4.168635e-02,NaN,4.308762e+06,3.545997e-03
5.554246e+03,2.707613e+03,2.678399e+03,2.267766e+04,3.105466e+04,8.377007e+03,7.440199e-01,NaN,NaN,5.241228e-03,5.435395e+15,5.286663e+19,2.201139e+20,9.580336e+15,4.659092e+20,3.607906e+18,6.150332e+20,1.526379e+02,6.180727e+00,1.464572e+02,NaN,NaN,NaN,NaN,4.168586e-02,NaN,4.309915e+06,3.549128e-03
5.555241e+03,2.707535e+03,2.677927e+03,2.262652e+04,3.100352e+04,8.377006e+03,7.435590e-01,NaN,NaN,5.245255e-03,5.500693e+15,5.275676e+19,2.202235e+20,9.715353e+15,4.658963e+20,3.620832e+18,6.154278e+20,1.527078e+02,6.202871e+00,1.465049e+02,NaN,NaN,NaN,NaN,4.167866e-02,NaN,4.317636e+06,3.549566e-03
5.561798e+03,2.707019e+03,2.677398e+03,2.256977e+04,3.094678e+04,8.377006e+03,7.430428e-01,NaN,NaN,5.249745e-03,5.571936e+15,5.263786e+19,2.203424e+20,9.863111e+15,4.658821e+20,3.634903e+18,6.158560e+20,1.527861e+02,6.226975e+00,1.465591e+02,NaN,NaN,NaN,NaN,4.167159e-02,NaN,4.326013e+06,3.552459e-03
5.569168e+03,2.706438e+03,2.676866e+03,2.251335e+04,3.089036e+04,8.377005e+03,7.425236e-01,NaN,NaN,5.254236e-03,5.641636e+15,5.252149e+19,2.204587e+20,1.000832e+16,4.658681e+20,3.648746e+18,6.162757e+20,1.528627e+02,6.250689e+00,1.466120e+02,NaN,NaN,NaN,NaN,4.166465e-02,NaN,4.334171e+06,3.555717e-03
5.576569e+03,2.705855e+03,2.676331e+03,2.245721e+04,3.083422e+04,8.377004e+03,7.420017e-01,NaN,NaN,5.258728e-03,5.709918e+15,5.240766e+19,2.205725e+20,1.015115e+16,4.658542e+20,3.662366e+18,6.166870e+20,1.529382e+02,6.274022e+00,1.466642e+02,NaN,NaN,NaN,NaN,4.165799e-02,NaN,4.342127e+06,3.558996e-03
5.583998e+03,2.705269e+03,2.675807e+03,2.240281e+04,3.077982e+04,8.377002e+03,7.414906e-01,NaN,NaN,5.263105e-03,5.775155e+15,5.229863e+19,2.206810e+20,1.028824e+16,4.658410e+20,3.675465e+18,6.170802e+20,1.530100e+02,6.296462e+00,1.467135e+02,NaN,NaN,NaN,NaN,4.165149e-02,NaN,4.349698e+06,3.562295e-03
5.591265e+03,2.704696e+03,2.675726e+03,2.239431e+04,3.077131e+04,8.377001e+03,7.414110e-01,NaN,NaN,5.263789e-03,5.785245e+15,5.228259e+19,2.206976e+20,1.030933e+16,4.658388e+20,3.677403e+18,6.171398e+20,1.530228e+02,6.299783e+00,1.467230e+02,NaN,NaN,NaN,NaN,4.165106e-02,NaN,4.350857e+06,3.565530e-03
5.592421e+03,2.704604e+03,2.675252e+03,2.234574e+04,3.072275e+04,8.377001e+03,7.409490e-01,NaN,NaN,5.267721e-03,5.842640e+15,5.218559e+19,2.207944e+20,1.043070e+16,4.658272e+20,3.689120e+18,6.174905e+20,1.530838e+02,6.319855e+00,1.467639e+02,NaN,NaN,NaN,NaN,4.164441e-02,NaN,4.357500e+06,3.566045e-03
5.598947e+03,2.704089e+03,2.674709e+03,2.229038e+04,3.066738e+04,8.377000e+03,7.404191e-01,NaN,NaN,5.272222e-03,5.907214e+15,5.207759e+19,2.209023e+20,1.056755e+16,4.658139e+20,3.702242e+18,6.178822e+20,1.531548e+02,6.342334e+00,1.468125e+02,NaN,NaN,NaN,NaN,4.163784e-02,NaN,4.364933e+06,3.568957e-03
5.606457e+03,2.703496e+03,2.674163e+03,2.223519e+04,3.061219e+04,8.376999e+03,7.398862e-01,NaN,NaN,5.276732e-03,5.970776e+15,5.197125e+19,2.210086e+20,1.070281e+16,4.658007e+20,3.715223e+18,6.182684e+20,1.532248e+02,6.364572e+00,1.468602e+02,NaN,NaN,NaN,NaN,4.163135e-02,NaN,4.372220e+06,3.572314e-03
5.613998e+03,2.702900e+03,2.673615e+03,2.218017e+04,3.055717e+04,8.376998e+03,7.393506e-01,NaN,NaN,5.281249e-03,6.033365e+15,5.186668e+19,2.211131e+20,1.083650e+16,4.657877e+20,3.728056e+18,6.186487e+20,1.532942e+02,6.386557e+00,1.469076e+02,NaN,NaN,NaN,NaN,4.162509e-02,NaN,4.379365e+06,3.575692e-03
5.621567e+03,2.702301e+03,2.673077e+03,2.212667e+04,3.050367e+04,8.376997e+03,7.388254e-01,NaN,NaN,5.285663e-03,6.093539e+15,5.176592e+19,2.212134e+20,1.096559e+16,4.657751e+20,3.740469e+18,6.190144e+20,1.533604e+02,6.407822e+00,1.469526e+02,NaN,NaN,NaN,NaN,4.161896e-02,NaN,4.386212e+06,3.579089e-03
5.628983e+03,2.701714e+03,2.672984e+03,2.211742e+04,3.049441e+04,8.376996e+03,7.387345e-01,NaN,NaN,5.286428e-03,6.103943e+15,5.174944e+19,2.212305e+20,1.098775e+16,4.657728e+20,3.742516e+18,6.190762e+20,1.533738e+02,6.411328e+00,1.469625e+02,NaN,NaN,NaN,NaN,4.161857e-02,NaN,4.387382e+06,3.582425e-03
5.630292e+03,2.701611e+03,2.672509e+03,2.207063e+04,3.044763e+04,8.376996e+03,7.382710e-01,NaN,NaN,5.290308e-03,6.155858e+15,5.166133e+19,2.213183e+20,1.109985e+16,4.657620e+20,3.753421e+18,6.193967e+20,1.534287e+02,6.430009e+00,1.469987e+02,NaN,NaN,NaN,NaN,4.161227e-02,NaN,4.393278e+06,3.583014e-03
5.636799e+03,2.701096e+03,2.671953e+03,2.201611e+04,3.039311e+04,8.376995e+03,7.377277e-01,NaN,NaN,5.294849e-03,6.215811e+15,5.156085e+19,2.214187e+20,1.122949e+16,4.657494e+20,3.765930e+18,6.197636e+20,1.534947e+02,6.451439e+00,1.470433e+02,NaN,NaN,NaN,NaN,4.160603e-02,NaN,4.400048e+06,3.585947e-03
5.644447e+03,2.700491e+03,2.671395e+03,2.196168e+04,3.033868e+04,8.376994e+03,7.371815e-01,NaN,NaN,5.299403e-03,6.275044e+15,5.146155e+19,2.215180e+20,1.135807e+16,4.657368e+20,3.778347e+18,6.201264e+20,1.535600e+02,6.472711e+00,1.470873e+02,NaN,NaN,NaN,NaN,4.159985e-02,NaN,4.406714e+06,3.589401e-03
5.652131e+03,2.699882e+03,2.670833e+03,2.190736e+04,3.028435e+04,8.376993e+03,7.366327e-01,NaN,NaN,5.303968e-03,6.333576e+15,5.136356e+19,2.216159e+20,1.148558e+16,4.657243e+20,3.790663e+18,6.204852e+20,1.536250e+02,6.493809e+00,1.471312e+02,NaN,NaN,NaN,NaN,4.159385e-02,NaN,4.413275e+06,3.592878e-03
5.659841e+03,2.699272e+03,2.670282e+03,2.185440e+04,3.023139e+04,8.376992e+03,7.360938e-01,NaN,NaN,5.308440e-03,6.390097e+15,5.126874e+19,2.217103e+20,1.160920e+16,4.657122e+20,3.802623e+18,6.208315e+20,1.536873e+02,6.514297e+00,1.471730e+02,NaN,NaN,NaN,NaN,4.158798e-02,NaN,4.419591e+06,3.596373e-03
5.667406e+03,2.698672e+03,2.670178e+03,2.184428e+04,3.022127e+04,8.376991e+03,7.359916e-01,NaN,NaN,5.309293e-03,6.400827e+15,5.125177e+19,2.217279e+20,1.163248e+16,4.657097e+20,3.804782e+18,6.208954e+20,1.537014e+02,6.517996e+00,1.471834e+02,NaN,NaN,NaN,NaN,4.158760e-02,NaN,4.420775e+06,3.599809e-03
5.668863e+03,2.698557e+03,2.669703e+03,2.179901e+04,3.017600e+04,8.376991e+03,7.355264e-01,NaN,NaN,5.313137e-03,6.448649e+15,5.117027e+19,2.218091e+20,1.173780e+16,4.656995e+20,3.815102e+18,6.211937e+20,1.537516e+02,6.535676e+00,1.472159e+02,NaN,NaN,NaN,NaN,4.158156e-02,NaN,4.426113e+06,3.600471e-03
5.675358e+03,2.698042e+03,2.669134e+03,2.174503e+04,3.012202e+04,8.376990e+03,7.349702e-01,NaN,NaN,5.317734e-03,6.505179e+15,5.107535e+19,2.219039e+20,1.186239e+16,4.656873e+20,3.827198e+18,6.215425e+20,1.538139e+02,6.556397e+00,1.472575e+02,NaN,NaN,NaN,NaN,4.157554e-02,NaN,4.432388e+06,3.603427e-03
5.683147e+03,2.697425e+03,2.668563e+03,2.169110e+04,3.006808e+04,8.376989e+03,7.344109e-01,NaN,NaN,5.322349e-03,6.561181e+15,5.098128e+19,2.219979e+20,1.198628e+16,4.656751e+20,3.839232e+18,6.218884e+20,1.538757e+02,6.577013e+00,1.472987e+02,NaN,NaN,NaN,NaN,4.156957e-02,NaN,4.438583e+06,3.606978e-03
5.690973e+03,2.696805e+03,2.667990e+03,2.163721e+04,3.001420e+04,8.376988e+03,7.338490e-01,NaN,NaN,5.326978e-03,6.616648e+15,5.088824e+19,2.220910e+20,1.210939e+16,4.656630e+20,3.851194e+18,6.222312e+20,1.539374e+02,6.597504e+00,1.473399e+02,NaN,NaN,NaN,NaN,4.156376e-02,NaN,4.444696e+06,3.610552e-03
5.698828e+03,2.696183e+03,2.667427e+03,2.158458e+04,2.996156e+04,8.376987e+03,7.332967e-01,NaN,NaN,5.331519e-03,6.670391e+15,5.079791e+19,2.221809e+20,1.222915e+16,4.656512e+20,3.862846e+18,6.225632e+20,1.539968e+02,6.617466e+00,1.473793e+02,NaN,NaN,NaN,NaN,4.155806e-02,NaN,4.450603e+06,3.614146e-03
5.706541e+03,2.695572e+03,2.667311e+03,2.157370e+04,2.995069e+04,8.376986e+03,7.331834e-01,NaN,NaN,5.332457e-03,6.681450e+15,5.078045e+19,2.221989e+20,1.225356e+16,4.656486e+20,3.865120e+18,6.226293e+20,1.540114e+02,6.621363e+00,1.473900e+02,NaN,NaN,NaN,NaN,4.155770e-02,NaN,4.451803e+06,3.617681e-03
5.708146e+03,2.695444e+03,2.666835e+03,2.152961e+04,2.990660e+04,8.376985e+03,7.327165e-01,NaN,NaN,5.336283e-03,6.726063e+15,5.070411e+19,2.222750e+20,1.235370e+16,4.656389e+20,3.875002e+18,6.229104e+20,1.540579e+02,6.638290e+00,1.474196e+02,NaN,NaN,NaN,NaN,4.155182e-02,NaN,4.456705e+06,3.618417e-03
5.714635e+03,2.694930e+03,2.666255e+03,2.147597e+04,2.985295e+04,8.376984e+03,7.321473e-01,NaN,NaN,5.340950e-03,6.779961e+15,5.061343e+19,2.223656e+20,1.247468e+16,4.656269e+20,3.886815e+18,6.232455e+20,1.541174e+02,6.658528e+00,1.474589e+02,NaN,NaN,NaN,NaN,4.154597e-02,NaN,4.462591e+06,3.621397e-03
5.722568e+03,2.694301e+03,2.665672e+03,2.142233e+04,2.979931e+04,8.376983e+03,7.315749e-01,NaN,NaN,5.345638e-03,6.833456e+15,5.052340e+19,2.224556e+20,1.259519e+16,4.656150e+20,3.898588e+18,6.235786e+20,1.541766e+02,6.678697e+00,1.474979e+02,NaN,NaN,NaN,NaN,4.154015e-02,NaN,4.468416e+06,3.625046e-03
5.730540e+03,2.693670e+03,2.665087e+03,2.136872e+04,2.974570e+04,8.376982e+03,7.310000e-01,NaN,NaN,5.350342e-03,6.886530e+15,5.043420e+19,2.225447e+20,1.271514e+16,4.656031e+20,3.910309e+18,6.239093e+20,1.542356e+02,6.698775e+00,1.475368e+02,NaN,NaN,NaN,NaN,4.153446e-02,NaN,4.474175e+06,3.628719e-03
5.738540e+03,2.693036e+03,2.664512e+03,2.131627e+04,2.969325e+04,8.376981e+03,7.304344e-01,NaN,NaN,5.354963e-03,6.938090e+15,5.034739e+19,2.226311e+20,1.283211e+16,4.655915e+20,3.921753e+18,6.242303e+20,1.542927e+02,6.718381e+00,1.475743e+02,NaN,NaN,NaN,NaN,4.152889e-02,NaN,4.479755e+06,3.632411e-03
5.746404e+03,2.692413e+03,2.664386e+03,2.130466e+04,2.968164e+04,8.376980e+03,7.303101e-01,NaN,NaN,5.355985e-03,6.949472e+15,5.032944e+19,2.226497e+20,1.285767e+16,4.655887e+20,3.924145e+18,6.242986e+20,1.543079e+02,6.722478e+00,1.475854e+02,NaN,NaN,NaN,NaN,4.152854e-02,NaN,4.480970e+06,3.636047e-03
5.748153e+03,2.692274e+03,2.663909e+03,2.126158e+04,2.963856e+04,8.376980e+03,7.298413e-01,NaN,NaN,5.359802e-03,6.991478e+15,5.025726e+19,2.227216e+20,1.295370e+16,4.655794e+20,3.933686e+18,6.245659e+20,1.543514e+02,6.738823e+00,1.476126e+02,NaN,NaN,NaN,NaN,4.152279e-02,NaN,4.485518e+06,3.636856e-03
5.754641e+03,2.691760e+03,2.663318e+03,2.120815e+04,2.958513e+04,8.376979e+03,7.292593e-01,NaN,NaN,5.364548e-03,7.043263e+15,5.016996e+19,2.228088e+20,1.307203e+16,4.655676e+20,3.945305e+18,6.248905e+20,1.544087e+02,6.758727e+00,1.476500e+02,NaN,NaN,NaN,NaN,4.151705e-02,NaN,4.491089e+06,3.639861e-03
5.762719e+03,2.691120e+03,2.662723e+03,2.115470e+04,2.953167e+04,8.376978e+03,7.286740e-01,NaN,NaN,5.369317e-03,7.094749e+15,5.008316e+19,2.228955e+20,1.319007e+16,4.655559e+20,3.956901e+18,6.252137e+20,1.544657e+02,6.778593e+00,1.476871e+02,NaN,NaN,NaN,NaN,4.151133e-02,NaN,4.496612e+06,3.643608e-03
5.770838e+03,2.690477e+03,2.662127e+03,2.110125e+04,2.947823e+04,8.376977e+03,7.280861e-01,NaN,NaN,5.374103e-03,7.145892e+15,4.999704e+19,2.229816e+20,1.330770e+16,4.655442e+20,3.968458e+18,6.255347e+20,1.545227e+02,6.798392e+00,1.477243e+02,NaN,NaN,NaN,NaN,4.150574e-02,NaN,4.502081e+06,3.647381e-03
5.778986e+03,2.689832e+03,2.661540e+03,2.104891e+04,2.942589e+04,8.376976e+03,7.275074e-01,NaN,NaN,5.378811e-03,7.195674e+15,4.991307e+19,2.230652e+20,1.342263e+16,4.655327e+20,3.979764e+18,6.258471e+20,1.545779e+02,6.817759e+00,1.477601e+02,NaN,NaN,NaN,NaN,4.150025e-02,NaN,4.507390e+06,3.651172e-03
5.787002e+03,2.689197e+03,2.661403e+03,2.103659e+04,2.941356e+04,8.376974e+03,7.273722e-01,NaN,NaN,5.379918e-03,7.207383e+15,4.989462e+19,2.230842e+20,1.344935e+16,4.655298e+20,3.982276e+18,6.259178e+20,1.545936e+02,6.822063e+00,1.477715e+02,NaN,NaN,NaN,NaN,4.149992e-02,NaN,4.508621e+06,3.654909e-03
5.788894e+03,2.689047e+03,2.660926e+03,2.099438e+04,2.937135e+04,8.376974e+03,7.269014e-01,NaN,NaN,5.383735e-03,7.247215e+15,4.982589e+19,2.231527e+20,1.354207e+16,4.655208e+20,3.991549e+18,6.261736e+20,1.546345e+02,6.837948e+00,1.477966e+02,NaN,NaN,NaN,NaN,4.149425e-02,NaN,4.512875e+06,3.655792e-03
5.795386e+03,2.688533e+03,2.660324e+03,2.094108e+04,2.931805e+04,8.376973e+03,7.263066e-01,NaN,NaN,5.388567e-03,7.297281e+15,4.974134e+19,2.232372e+20,1.365846e+16,4.655091e+20,4.003040e+18,6.264900e+20,1.546900e+02,6.857634e+00,1.478324e+02,NaN,NaN,NaN,NaN,4.148859e-02,NaN,4.518185e+06,3.658823e-03
5.803611e+03,2.687882e+03,2.659718e+03,2.088773e+04,2.926470e+04,8.376972e+03,7.257084e-01,NaN,NaN,5.393423e-03,7.347113e+15,4.965716e+19,2.233213e+20,1.377470e+16,4.654975e+20,4.014521e+18,6.268052e+20,1.547453e+02,6.877301e+00,1.478680e+02,NaN,NaN,NaN,NaN,4.148295e-02,NaN,4.523456e+06,3.662670e-03
5.811877e+03,2.687228e+03,2.659111e+03,2.083438e+04,2.921135e+04,8.376971e+03,7.251077e-01,NaN,NaN,5.398297e-03,7.396655e+15,4.957358e+19,2.234048e+20,1.389062e+16,4.654859e+20,4.025971e+18,6.271187e+20,1.548005e+02,6.896917e+00,1.479036e+02,NaN,NaN,NaN,NaN,4.147742e-02,NaN,4.528680e+06,3.666542e-03
5.820172e+03,2.686572e+03,2.658513e+03,2.078209e+04,2.915906e+04,8.376970e+03,7.245161e-01,NaN,NaN,5.403095e-03,7.444958e+15,4.949196e+19,2.234861e+20,1.400405e+16,4.654745e+20,4.037189e+18,6.274241e+20,1.548542e+02,6.916134e+00,1.479381e+02,NaN,NaN,NaN,NaN,4.147200e-02,NaN,4.533761e+06,3.670433e-03
5.828340e+03,2.685926e+03,2.658365e+03,2.076909e+04,2.914606e+04,8.376969e+03,7.243701e-01,NaN,NaN,5.404287e-03,7.456969e+15,4.947305e+19,2.235056e+20,1.403191e+16,4.654715e+20,4.039819e+18,6.274970e+20,1.548704e+02,6.920640e+00,1.479498e+02,NaN,NaN,NaN,NaN,4.147167e-02,NaN,4.535005e+06,3.674271e-03
5.830373e+03,2.685765e+03,2.657888e+03,2.072766e+04,2.910463e+04,8.376968e+03,7.238973e-01,NaN,NaN,5.408109e-03,7.494952e+15,4.940724e+19,2.235711e+20,1.412190e+16,4.654627e+20,4.048878e+18,6.277433e+20,1.549094e+02,6.936159e+00,1.479732e+02,NaN,NaN,NaN,NaN,4.146606e-02,NaN,4.539009e+06,3.675227e-03
5.836872e+03,2.685251e+03,2.657275e+03,2.067444e+04,2.905141e+04,8.376968e+03,7.232899e-01,NaN,NaN,5.413032e-03,7.543574e+15,4.932497e+19,2.236533e+20,1.423687e+16,4.654511e+20,4.060290e+18,6.280529e+20,1.549633e+02,6.955708e+00,1.480076e+02,NaN,NaN,NaN,NaN,4.146046e-02,NaN,4.544097e+06,3.678286e-03
5.845244e+03,2.684590e+03,2.656658e+03,2.062115e+04,2.899811e+04,8.376966e+03,7.226790e-01,NaN,NaN,5.417980e-03,7.592013e+15,4.924300e+19,2.237352e+20,1.435178e+16,4.654396e+20,4.071699e+18,6.283617e+20,1.550171e+02,6.975254e+00,1.480418e+02,NaN,NaN,NaN,NaN,4.145487e-02,NaN,4.549153e+06,3.682231e-03
5.853660e+03,2.683925e+03,2.656040e+03,2.056785e+04,2.894481e+04,8.376965e+03,7.220655e-01,NaN,NaN,5.422948e-03,7.640215e+15,4.916152e+19,2.238167e+20,1.446648e+16,4.654280e+20,4.083089e+18,6.286691e+20,1.550709e+02,6.994765e+00,1.480761e+02,NaN,NaN,NaN,NaN,4.144938e-02,NaN,4.554169e+06,3.686204e-03
5.862104e+03,2.683258e+03,2.655431e+03,2.051556e+04,2.889253e+04,8.376964e+03,7.214610e-01,NaN,NaN,5.427841e-03,7.687273e+15,4.908186e+19,2.238959e+20,1.457885e+16,4.654167e+20,4.094260e+18,6.289689e+20,1.551232e+02,7.013902e+00,1.481093e+02,NaN,NaN,NaN,NaN,4.144400e-02,NaN,4.559054e+06,3.690197e-03
5.870424e+03,2.682601e+03,2.655274e+03,2.050192e+04,2.887888e+04,8.376963e+03,7.213045e-01,NaN,NaN,5.429117e-03,7.699573e+15,4.906251e+19,2.239159e+20,1.460784e+16,4.654135e+20,4.097009e+18,6.290440e+20,1.551400e+02,7.018612e+00,1.481214e+02,NaN,NaN,NaN,NaN,4.144368e-02,NaN,4.560310e+06,3.694136e-03
5.872598e+03,2.682429e+03,2.654796e+03,2.046120e+04,2.883816e+04,8.376963e+03,7.208296e-01,NaN,NaN,5.432950e-03,7.735958e+15,4.899920e+19,2.239789e+20,1.469556e+16,4.654049e+20,4.105895e+18,6.292822e+20,1.551769e+02,7.033835e+00,1.481431e+02,NaN,NaN,NaN,NaN,4.143811e-02,NaN,4.564099e+06,3.695166e-03
5.879107e+03,2.681915e+03,2.654172e+03,2.040800e+04,2.878496e+04,8.376962e+03,7.202094e-01,NaN,NaN,5.437968e-03,7.783360e+15,4.891885e+19,2.240592e+20,1.480952e+16,4.653934e+20,4.117267e+18,6.295865e+20,1.552296e+02,7.053317e+00,1.481763e+02,NaN,NaN,NaN,NaN,4.143254e-02,NaN,4.568996e+06,3.698253e-03
5.887630e+03,2.681243e+03,2.653545e+03,2.035471e+04,2.873167e+04,8.376961e+03,7.195857e-01,NaN,NaN,5.443015e-03,7.830629e+15,4.883870e+19,2.241393e+20,1.492354e+16,4.653819e+20,4.128647e+18,6.298901e+20,1.552822e+02,7.072811e+00,1.482094e+02,NaN,NaN,NaN,NaN,4.142698e-02,NaN,4.573867e+06,3.702300e-03
5.896199e+03,2.680567e+03,2.652916e+03,2.030142e+04,2.867838e+04,8.376959e+03,7.189593e-01,NaN,NaN,5.448081e-03,7.877696e+15,4.875900e+19,2.242189e+20,1.503741e+16,4.653703e+20,4.140013e+18,6.301927e+20,1.553349e+02,7.092283e+00,1.482426e+02,NaN,NaN,NaN,NaN,4.142153e-02,NaN,4.578703e+06,3.706376e-03
5.904799e+03,2.679889e+03,2.652297e+03,2.024909e+04,2.862604e+04,8.376958e+03,7.183417e-01,NaN,NaN,5.453076e-03,7.923710e+15,4.868096e+19,2.242966e+20,1.514913e+16,4.653591e+20,4.151175e+18,6.304881e+20,1.553861e+02,7.111405e+00,1.482747e+02,NaN,NaN,NaN,NaN,4.141617e-02,NaN,4.583421e+06,3.710472e-03
5.913277e+03,2.679221e+03,2.652129e+03,2.023479e+04,2.861175e+04,8.376957e+03,7.181744e-01,NaN,NaN,5.454440e-03,7.936315e+15,4.866114e+19,2.243170e+20,1.517930e+16,4.653557e+20,4.154049e+18,6.305654e+20,1.554034e+02,7.116329e+00,1.482871e+02,NaN,NaN,NaN,NaN,4.141585e-02,NaN,4.584691e+06,3.714516e-03
5.915592e+03,2.679039e+03,2.651651e+03,2.019472e+04,2.857167e+04,8.376957e+03,7.176973e-01,NaN,NaN,5.458287e-03,7.971296e+15,4.860002e+19,2.243778e+20,1.526510e+16,4.653473e+20,4.162797e+18,6.307967e+20,1.554387e+02,7.131313e+00,1.483074e+02,NaN,NaN,NaN,NaN,4.141031e-02,NaN,4.588290e+06,3.715621e-03
5.922115e+03,2.678525e+03,2.651017e+03,2.014151e+04,2.851846e+04,8.376956e+03,7.170644e-01,NaN,NaN,5.463406e-03,8.017661e+15,4.852127e+19,2.244565e+20,1.537843e+16,4.653358e+20,4.174164e+18,6.310966e+20,1.554904e+02,7.150787e+00,1.483396e+02,NaN,NaN,NaN,NaN,4.140475e-02,NaN,4.593021e+06,3.718738e-03
5.930793e+03,2.677842e+03,2.650379e+03,2.008819e+04,2.846514e+04,8.376955e+03,7.164276e-01,NaN,NaN,5.468556e-03,8.063935e+15,4.844267e+19,2.245351e+20,1.549190e+16,4.653242e+20,4.185546e+18,6.313962e+20,1.555419e+02,7.170286e+00,1.483716e+02,NaN,NaN,NaN,NaN,4.139921e-02,NaN,4.597732e+06,3.722889e-03
5.939519e+03,2.677156e+03,2.649740e+03,2.003486e+04,2.841181e+04,8.376953e+03,7.157883e-01,NaN,NaN,5.473727e-03,8.110035e+15,4.836445e+19,2.246132e+20,1.560527e+16,4.653127e+20,4.196921e+18,6.316948e+20,1.555935e+02,7.189773e+00,1.484037e+02,NaN,NaN,NaN,NaN,4.139376e-02,NaN,4.602412e+06,3.727070e-03
5.948275e+03,2.676467e+03,2.649109e+03,1.998246e+04,2.835941e+04,8.376952e+03,7.151577e-01,NaN,NaN,5.478827e-03,8.155143e+15,4.828782e+19,2.246895e+20,1.571659e+16,4.653014e+20,4.208101e+18,6.319867e+20,1.556438e+02,7.208924e+00,1.484349e+02,NaN,NaN,NaN,NaN,4.138841e-02,NaN,4.606981e+06,3.731271e-03
5.956911e+03,2.675788e+03,2.648931e+03,1.996755e+04,2.834450e+04,8.376951e+03,7.149796e-01,NaN,NaN,5.480278e-03,8.168035e+15,4.826755e+19,2.247104e+20,1.574793e+16,4.652979e+20,4.211099e+18,6.320662e+20,1.556617e+02,7.214061e+00,1.484476e+02,NaN,NaN,NaN,NaN,4.138810e-02,NaN,4.608263e+06,3.735420e-03
5.959370e+03,2.675595e+03,2.648453e+03,1.992807e+04,2.830503e+04,8.376951e+03,7.145003e-01,NaN,NaN,5.484143e-03,8.201773e+15,4.820835e+19,2.247692e+20,1.583211e+16,4.652896e+20,4.219735e+18,6.322915e+20,1.556955e+02,7.228855e+00,1.484666e+02,NaN,NaN,NaN,NaN,4.138256e-02,NaN,4.611696e+06,3.736602e-03
5.965909e+03,2.675082e+03,2.647808e+03,1.987483e+04,2.825178e+04,8.376950e+03,7.138545e-01,NaN,NaN,5.489368e-03,8.247241e+15,4.813098e+19,2.248466e+20,1.594507e+16,4.652781e+20,4.231124e+18,6.325879e+20,1.557462e+02,7.248366e+00,1.484978e+02,NaN,NaN,NaN,NaN,4.137702e-02,NaN,4.616281e+06,3.739749e-03
5.974743e+03,2.674388e+03,2.647160e+03,1.982146e+04,2.819841e+04,8.376949e+03,7.132047e-01,NaN,NaN,5.494625e-03,8.292650e+15,4.805370e+19,2.249238e+20,1.605825e+16,4.652665e+20,4.242535e+18,6.328842e+20,1.557968e+02,7.267914e+00,1.485289e+02,NaN,NaN,NaN,NaN,4.137147e-02,NaN,4.620849e+06,3.744005e-03
5.983631e+03,2.673691e+03,2.646510e+03,1.976806e+04,2.814501e+04,8.376947e+03,7.125523e-01,NaN,NaN,5.499905e-03,8.337915e+15,4.797675e+19,2.250007e+20,1.617140e+16,4.652549e+20,4.253945e+18,6.331797e+20,1.558476e+02,7.287460e+00,1.485601e+02,NaN,NaN,NaN,NaN,4.136602e-02,NaN,4.625391e+06,3.748293e-03
5.992548e+03,2.672991e+03,2.645869e+03,1.971558e+04,2.809253e+04,8.376946e+03,7.119085e-01,NaN,NaN,5.505115e-03,8.382249e+15,4.790129e+19,2.250758e+20,1.628260e+16,4.652436e+20,4.265168e+18,6.334688e+20,1.558972e+02,7.306687e+00,1.485905e+02,NaN,NaN,NaN,NaN,4.136067e-02,NaN,4.629830e+06,3.752602e-03
6.001346e+03,2.672302e+03,2.645681e+03,1.970007e+04,2.807701e+04,8.376945e+03,7.117196e-01,NaN,NaN,5.506655e-03,8.395427e+15,4.788058e+19,2.250972e+20,1.631512e+16,4.652399e+20,4.268294e+18,6.335505e+20,1.559154e+02,7.312042e+00,1.486034e+02,NaN,NaN,NaN,NaN,4.136036e-02,NaN,4.631124e+06,3.756858e-03
6.003946e+03,2.672098e+03,2.645202e+03,1.966115e+04,2.803809e+04,8.376945e+03,7.112380e-01,NaN,NaN,5.510541e-03,8.428050e+15,4.782309e+19,2.251543e+20,1.639792e+16,4.652317e+20,4.276841e+18,6.337705e+20,1.559479e+02,7.326684e+00,1.486212e+02,NaN,NaN,NaN,NaN,4.135482e-02,NaN,4.634408e+06,3.758117e-03
6.010504e+03,2.671585e+03,2.644548e+03,1.960785e+04,2.798480e+04,8.376944e+03,7.105794e-01,NaN,NaN,5.515875e-03,8.472732e+15,4.774691e+19,2.252304e+20,1.651075e+16,4.652201e+20,4.288274e+18,6.340641e+20,1.559978e+02,7.346270e+00,1.486515e+02,NaN,NaN,NaN,NaN,4.134927e-02,NaN,4.638863e+06,3.761296e-03
6.019496e+03,2.670881e+03,2.643890e+03,1.955443e+04,2.793137e+04,8.376942e+03,7.099168e-01,NaN,NaN,5.521242e-03,8.517373e+15,4.767079e+19,2.253065e+20,1.662383e+16,4.652085e+20,4.299733e+18,6.343577e+20,1.560477e+02,7.365900e+00,1.486818e+02,NaN,NaN,NaN,NaN,4.134372e-02,NaN,4.643303e+06,3.765658e-03
6.028542e+03,2.670173e+03,2.643230e+03,1.950098e+04,2.787792e+04,8.376941e+03,7.092515e-01,NaN,NaN,5.526632e-03,8.561888e+15,4.759497e+19,2.253823e+20,1.673691e+16,4.651969e+20,4.311193e+18,6.346505e+20,1.560977e+02,7.385533e+00,1.487122e+02,NaN,NaN,NaN,NaN,4.133826e-02,NaN,4.647719e+06,3.770053e-03
6.037620e+03,2.669464e+03,2.642578e+03,1.944842e+04,2.782536e+04,8.376940e+03,7.085947e-01,NaN,NaN,5.531955e-03,8.605525e+15,4.752056e+19,2.254563e+20,1.684814e+16,4.651855e+20,4.322477e+18,6.349374e+20,1.561466e+02,7.404862e+00,1.487417e+02,NaN,NaN,NaN,NaN,4.133289e-02,NaN,4.652040e+06,3.774469e-03
6.046582e+03,2.668763e+03,2.642381e+03,1.943232e+04,2.780926e+04,8.376939e+03,7.083951e-01,NaN,NaN,5.533585e-03,8.618984e+15,4.749942e+19,2.254781e+20,1.688186e+16,4.651817e+20,4.325732e+18,6.350213e+20,1.561654e+02,7.410439e+00,1.487550e+02,NaN,NaN,NaN,NaN,4.133258e-02,NaN,4.653346e+06,3.778836e-03
6.049325e+03,2.668549e+03,2.641901e+03,1.939393e+04,2.777087e+04,8.376938e+03,7.079111e-01,NaN,NaN,5.537495e-03,8.650601e+15,4.744345e+19,2.255337e+20,1.696348e+16,4.651736e+20,4.334209e+18,6.352367e+20,1.561967e+02,7.424961e+00,1.487717e+02,NaN,NaN,NaN,NaN,4.132703e-02,NaN,4.656496e+06,3.780173e-03
6.055906e+03,2.668035e+03,2.641236e+03,1.934057e+04,2.771750e+04,8.376937e+03,7.072396e-01,NaN,NaN,5.542941e-03,8.694593e+15,4.736830e+19,2.256088e+20,1.707637e+16,4.651620e+20,4.345707e+18,6.355280e+20,1.562459e+02,7.444658e+00,1.488012e+02,NaN,NaN,NaN,NaN,4.132146e-02,NaN,4.660833e+06,3.783384e-03
6.065061e+03,2.667321e+03,2.640568e+03,1.928706e+04,2.766400e+04,8.376936e+03,7.065638e-01,NaN,NaN,5.548424e-03,8.738575e+15,4.729316e+19,2.256839e+20,1.718959e+16,4.651503e+20,4.357237e+18,6.358196e+20,1.562950e+02,7.464411e+00,1.488306e+02,NaN,NaN,NaN,NaN,4.131590e-02,NaN,4.665160e+06,3.787856e-03
6.074273e+03,2.666603e+03,2.639898e+03,1.923353e+04,2.761047e+04,8.376935e+03,7.058854e-01,NaN,NaN,5.553931e-03,8.782447e+15,4.721829e+19,2.257587e+20,1.730285e+16,4.651386e+20,4.368773e+18,6.361105e+20,1.563444e+02,7.484172e+00,1.488602e+02,NaN,NaN,NaN,NaN,4.131041e-02,NaN,4.669465e+06,3.792362e-03
6.083518e+03,2.665883e+03,2.639236e+03,1.918086e+04,2.755779e+04,8.376934e+03,7.052152e-01,NaN,NaN,5.559372e-03,8.825491e+15,4.714475e+19,2.258319e+20,1.741434e+16,4.651271e+20,4.380139e+18,6.363956e+20,1.563927e+02,7.503644e+00,1.488891e+02,NaN,NaN,NaN,NaN,4.130503e-02,NaN,4.673681e+06,3.796890e-03
6.092649e+03,2.665172e+03,2.639028e+03,1.916418e+04,2.754111e+04,8.376932e+03,7.050046e-01,NaN,NaN,5.561094e-03,8.839229e+15,4.712317e+19,2.258541e+20,1.744929e+16,4.651231e+20,4.383527e+18,6.364818e+20,1.564120e+02,7.509448e+00,1.489026e+02,NaN,NaN,NaN,NaN,4.130472e-02,NaN,4.674999e+06,3.801368e-03
6.095537e+03,2.664947e+03,2.638549e+03,1.912629e+04,2.750322e+04,8.376932e+03,7.045183e-01,NaN,NaN,5.565031e-03,8.869930e+15,4.706858e+19,2.259083e+20,1.752990e+16,4.651151e+20,4.391951e+18,6.366931e+20,1.564422e+02,7.523880e+00,1.489183e+02,NaN,NaN,NaN,NaN,4.129915e-02,NaN,4.678028e+06,3.802785e-03
6.102142e+03,2.664434e+03,2.637874e+03,1.907285e+04,2.744978e+04,8.376931e+03,7.038337e-01,NaN,NaN,5.570595e-03,8.913316e+15,4.699432e+19,2.259826e+20,1.764304e+16,4.651034e+20,4.403533e+18,6.369827e+20,1.564907e+02,7.543720e+00,1.489470e+02,NaN,NaN,NaN,NaN,4.129355e-02,NaN,4.682260e+06,3.806029e-03
6.111464e+03,2.663709e+03,2.637195e+03,1.901925e+04,2.739618e+04,8.376930e+03,7.031446e-01,NaN,NaN,5.576198e-03,8.956720e+15,4.692003e+19,2.260568e+20,1.775658e+16,4.650916e+20,4.415153e+18,6.372727e+20,1.565394e+02,7.563626e+00,1.489758e+02,NaN,NaN,NaN,NaN,4.128796e-02,NaN,4.686485e+06,3.810614e-03
6.120846e+03,2.662980e+03,2.636515e+03,1.896563e+04,2.734256e+04,8.376928e+03,7.024529e-01,NaN,NaN,5.581826e-03,9.000022e+15,4.684599e+19,2.261308e+20,1.787017e+16,4.650798e+20,4.426781e+18,6.375621e+20,1.565881e+02,7.583546e+00,1.490046e+02,NaN,NaN,NaN,NaN,4.128245e-02,NaN,4.690689e+06,3.815233e-03
6.130262e+03,2.662250e+03,2.635843e+03,1.891283e+04,2.728976e+04,8.376927e+03,7.017693e-01,NaN,NaN,5.587389e-03,9.042539e+15,4.677321e+19,2.262032e+20,1.798208e+16,4.650682e+20,4.438245e+18,6.378460e+20,1.566360e+02,7.603186e+00,1.490328e+02,NaN,NaN,NaN,NaN,4.127703e-02,NaN,4.694810e+06,3.819875e-03
6.139563e+03,2.661528e+03,2.635625e+03,1.889560e+04,2.727253e+04,8.376926e+03,7.015479e-01,NaN,NaN,5.589204e-03,9.056547e+15,4.675121e+19,2.262259e+20,1.801825e+16,4.650641e+20,4.441768e+18,6.379344e+20,1.566558e+02,7.609221e+00,1.490466e+02,NaN,NaN,NaN,NaN,4.127672e-02,NaN,4.696138e+06,3.824466e-03
6.142595e+03,2.661293e+03,2.635145e+03,1.885819e+04,2.723512e+04,8.376925e+03,7.010591e-01,NaN,NaN,5.593170e-03,9.086409e+15,4.669786e+19,2.262789e+20,1.809800e+16,4.650561e+20,4.450154e+18,6.381420e+20,1.566849e+02,7.623587e+00,1.490613e+02,NaN,NaN,NaN,NaN,4.127112e-02,NaN,4.699056e+06,3.825964e-03
6.149226e+03,2.660780e+03,2.634461e+03,1.880468e+04,2.718161e+04,8.376924e+03,7.003616e-01,NaN,NaN,5.598854e-03,9.129246e+15,4.662440e+19,2.263523e+20,1.821151e+16,4.650443e+20,4.461832e+18,6.384303e+20,1.567329e+02,7.643592e+00,1.490893e+02,NaN,NaN,NaN,NaN,4.126550e-02,NaN,4.703192e+06,3.829243e-03
6.158714e+03,2.660045e+03,2.633772e+03,1.875102e+04,2.712794e+04,8.376923e+03,6.996594e-01,NaN,NaN,5.604578e-03,9.172108e+15,4.655089e+19,2.264257e+20,1.832544e+16,4.650324e+20,4.473550e+18,6.387190e+20,1.567811e+02,7.663667e+00,1.491174e+02,NaN,NaN,NaN,NaN,4.125988e-02,NaN,4.707321e+06,3.833938e-03
6.168264e+03,2.659306e+03,2.633082e+03,1.869732e+04,2.707424e+04,8.376922e+03,6.989547e-01,NaN,NaN,5.610327e-03,9.214887e+15,4.647760e+19,2.264990e+20,1.843947e+16,4.650205e+20,4.485281e+18,6.390073e+20,1.568294e+02,7.683763e+00,1.491456e+02,NaN,NaN,NaN,NaN,4.125433e-02,NaN,4.711433e+06,3.838671e-03
6.177849e+03,2.658566e+03,2.632400e+03,1.864444e+04,2.702136e+04,8.376921e+03,6.982581e-01,NaN,NaN,5.616013e-03,9.256911e+15,4.640552e+19,2.265707e+20,1.855187e+16,4.650088e+20,4.496852e+18,6.392902e+20,1.568767e+02,7.703586e+00,1.491731e+02,NaN,NaN,NaN,NaN,4.124888e-02,NaN,4.715464e+06,3.843427e-03
6.187320e+03,2.657834e+03,2.632173e+03,1.862668e+04,2.700360e+04,8.376919e+03,6.980259e-01,NaN,NaN,5.617921e-03,9.271170e+15,4.638313e+19,2.265938e+20,1.858924e+16,4.650045e+20,4.500508e+18,6.393808e+20,1.568970e+02,7.709849e+00,1.491872e+02,NaN,NaN,NaN,NaN,4.124857e-02,NaN,4.716801e+06,3.848133e-03
6.190496e+03,2.657589e+03,2.631693e+03,1.858973e+04,2.696665e+04,8.376919e+03,6.975346e-01,NaN,NaN,5.621919e-03,9.300261e+15,4.633092e+19,2.266456e+20,1.866827e+16,4.649966e+20,4.508868e+18,6.395850e+20,1.569251e+02,7.724171e+00,1.492009e+02,NaN,NaN,NaN,NaN,4.124294e-02,NaN,4.719618e+06,3.849712e-03
6.197157e+03,2.657075e+03,2.630999e+03,1.853615e+04,2.691307e+04,8.376918e+03,6.968241e-01,NaN,NaN,5.627726e-03,9.342604e+15,4.625815e+19,2.267183e+20,1.878228e+16,4.649847e+20,4.520657e+18,6.398724e+20,1.569727e+02,7.744366e+00,1.492283e+02,NaN,NaN,NaN,NaN,4.123728e-02,NaN,4.723665e+06,3.853026e-03
6.206817e+03,2.656331e+03,2.630300e+03,1.848239e+04,2.685931e+04,8.376917e+03,6.961086e-01,NaN,NaN,5.633577e-03,9.385000e+15,4.618530e+19,2.267911e+20,1.889679e+16,4.649727e+20,4.532493e+18,6.401603e+20,1.570203e+02,7.764643e+00,1.492557e+02,NaN,NaN,NaN,NaN,4.123161e-02,NaN,4.727708e+06,3.857837e-03
6.216543e+03,2.655582e+03,2.629600e+03,1.842860e+04,2.680552e+04,8.376915e+03,6.953904e-01,NaN,NaN,5.639455e-03,9.427323e+15,4.611264e+19,2.268637e+20,1.901142e+16,4.649607e+20,4.544345e+18,6.404479e+20,1.570682e+02,7.784946e+00,1.492833e+02,NaN,NaN,NaN,NaN,4.122602e-02,NaN,4.731736e+06,3.862688e-03
6.226305e+03,2.654831e+03,2.628908e+03,1.837560e+04,2.675252e+04,8.376914e+03,6.946803e-01,NaN,NaN,5.645270e-03,9.468929e+15,4.604114e+19,2.269349e+20,1.912449e+16,4.649488e+20,4.556043e+18,6.407302e+20,1.571152e+02,7.804986e+00,1.493102e+02,NaN,NaN,NaN,NaN,4.122053e-02,NaN,4.735688e+06,3.867562e-03
6.235957e+03,2.654089e+03,2.628671e+03,1.835730e+04,2.673421e+04,8.376912e+03,6.944368e-01,NaN,NaN,5.647277e-03,9.483466e+15,4.601832e+19,2.269584e+20,1.916317e+16,4.649444e+20,4.559843e+18,6.408230e+20,1.571360e+02,7.811496e+00,1.493245e+02,NaN,NaN,NaN,NaN,4.122022e-02,NaN,4.737036e+06,3.872388e-03
6.239285e+03,2.653833e+03,2.628190e+03,1.832079e+04,2.669770e+04,8.376912e+03,6.939430e-01,NaN,NaN,5.651309e-03,9.511842e+15,4.596714e+19,2.270091e+20,1.924158e+16,4.649365e+20,4.568190e+18,6.410245e+20,1.571631e+02,7.825795e+00,1.493373e+02,NaN,NaN,NaN,NaN,4.121454e-02,NaN,4.739759e+06,3.874053e-03
6.245977e+03,2.653319e+03,2.627486e+03,1.826711e+04,2.664402e+04,8.376911e+03,6.932191e-01,NaN,NaN,5.657247e-03,9.553761e+15,4.589496e+19,2.270813e+20,1.935627e+16,4.649245e+20,4.580108e+18,6.413113e+20,1.572103e+02,7.846212e+00,1.493641e+02,NaN,NaN,NaN,NaN,4.120884e-02,NaN,4.743727e+06,3.877403e-03
6.255816e+03,2.652564e+03,2.626778e+03,1.821323e+04,2.659014e+04,8.376910e+03,6.924899e-01,NaN,NaN,5.663231e-03,9.595753e+15,4.582265e+19,2.271535e+20,1.947152e+16,4.649123e+20,4.592080e+18,6.415988e+20,1.572576e+02,7.866722e+00,1.493909e+02,NaN,NaN,NaN,NaN,4.120313e-02,NaN,4.747693e+06,3.882334e-03
6.265723e+03,2.651805e+03,2.626067e+03,1.815935e+04,2.653625e+04,8.376908e+03,6.917581e-01,NaN,NaN,5.669241e-03,9.637671e+15,4.575054e+19,2.272256e+20,1.958689e+16,4.649002e+20,4.604067e+18,6.418860e+20,1.573052e+02,7.887257e+00,1.494179e+02,NaN,NaN,NaN,NaN,4.119749e-02,NaN,4.751643e+06,3.887306e-03
6.275664e+03,2.651043e+03,2.625366e+03,1.810624e+04,2.648314e+04,8.376907e+03,6.910344e-01,NaN,NaN,5.675189e-03,9.678897e+15,4.567955e+19,2.272962e+20,1.970074e+16,4.648882e+20,4.615904e+18,6.421680e+20,1.573517e+02,7.907534e+00,1.494442e+02,NaN,NaN,NaN,NaN,4.119195e-02,NaN,4.755522e+06,3.892301e-03
6.285498e+03,2.650291e+03,2.625119e+03,1.808742e+04,2.646433e+04,8.376906e+03,6.907799e-01,NaN,NaN,5.677296e-03,9.693693e+15,4.565632e+19,2.273202e+20,1.974070e+16,4.648836e+20,4.619847e+18,6.422632e+20,1.573732e+02,7.914289e+00,1.494589e+02,NaN,NaN,NaN,NaN,4.119164e-02,NaN,4.756879e+06,3.897248e-03
6.288976e+03,2.650025e+03,2.624638e+03,1.805133e+04,2.642824e+04,8.376905e+03,6.902835e-01,NaN,NaN,5.681364e-03,9.721403e+15,4.560610e+19,2.273700e+20,1.981859e+16,4.648757e+20,4.628190e+18,6.424620e+20,1.573994e+02,7.928583e+00,1.494708e+02,NaN,NaN,NaN,NaN,4.118591e-02,NaN,4.759516e+06,3.898998e-03
6.295702e+03,2.649511e+03,2.623924e+03,1.799757e+04,2.637448e+04,8.376904e+03,6.895461e-01,NaN,NaN,5.687434e-03,9.762932e+15,4.553444e+19,2.274416e+20,1.993406e+16,4.648635e+20,4.640249e+18,6.427485e+20,1.574462e+02,7.949240e+00,1.494970e+02,NaN,NaN,NaN,NaN,4.118016e-02,NaN,4.763409e+06,3.902387e-03
6.305719e+03,2.648747e+03,2.623206e+03,1.794361e+04,2.632051e+04,8.376903e+03,6.888035e-01,NaN,NaN,5.693553e-03,9.804540e+15,4.546264e+19,2.275133e+20,2.005010e+16,4.648513e+20,4.652363e+18,6.430358e+20,1.574932e+02,7.969993e+00,1.495232e+02,NaN,NaN,NaN,NaN,4.117440e-02,NaN,4.767302e+06,3.907438e-03
6.315810e+03,2.647977e+03,2.622486e+03,1.788962e+04,2.626653e+04,8.376901e+03,6.880580e-01,NaN,NaN,5.699700e-03,9.846095e+15,4.539101e+19,2.275849e+20,2.016632e+16,4.648389e+20,4.664498e+18,6.433229e+20,1.575404e+02,7.990782e+00,1.495496e+02,NaN,NaN,NaN,NaN,4.116870e-02,NaN,4.771182e+06,3.912533e-03
6.325937e+03,2.647205e+03,2.621774e+03,1.783640e+04,2.621330e+04,8.376900e+03,6.873206e-01,NaN,NaN,5.705785e-03,9.886982e+15,4.532047e+19,2.276551e+20,2.028106e+16,4.648268e+20,4.676487e+18,6.436049e+20,1.575867e+02,8.011319e+00,1.495754e+02,NaN,NaN,NaN,NaN,4.116311e-02,NaN,4.774992e+06,3.917651e-03
6.335958e+03,2.646443e+03,2.621518e+03,1.781708e+04,2.619397e+04,8.376899e+03,6.870548e-01,NaN,NaN,5.707995e-03,9.902042e+15,4.529682e+19,2.276795e+20,2.032234e+16,4.648220e+20,4.680578e+18,6.437024e+20,1.576086e+02,8.018329e+00,1.495903e+02,NaN,NaN,NaN,NaN,4.116280e-02,NaN,4.776359e+06,3.922723e-03
6.339587e+03,2.646167e+03,2.621036e+03,1.778139e+04,2.615829e+04,8.376898e+03,6.865557e-01,NaN,NaN,5.712102e-03,9.929130e+15,4.524748e+19,2.277284e+20,2.039981e+16,4.648142e+20,4.688928e+18,6.438989e+20,1.576340e+02,8.032633e+00,1.496014e+02,NaN,NaN,NaN,NaN,4.115702e-02,NaN,4.778916e+06,3.924561e-03
6.346350e+03,2.645653e+03,2.620313e+03,1.772755e+04,2.610445e+04,8.376897e+03,6.858050e-01,NaN,NaN,5.718309e-03,9.970302e+15,4.517628e+19,2.277995e+20,2.051614e+16,4.648019e+20,4.701138e+18,6.441854e+20,1.576806e+02,8.053550e+00,1.496270e+02,NaN,NaN,NaN,NaN,4.115121e-02,NaN,4.782740e+06,3.927988e-03
6.356553e+03,2.644878e+03,2.619584e+03,1.767349e+04,2.605038e+04,8.376896e+03,6.850484e-01,NaN,NaN,5.724569e-03,1.001158e+16,4.510491e+19,2.278709e+20,2.063313e+16,4.647894e+20,4.713411e+18,6.444728e+20,1.577273e+02,8.074575e+00,1.496527e+02,NaN,NaN,NaN,NaN,4.114539e-02,NaN,4.786567e+06,3.933164e-03
6.366834e+03,2.644098e+03,2.618854e+03,1.761940e+04,2.599629e+04,8.376894e+03,6.842892e-01,NaN,NaN,5.730857e-03,1.005281e+16,4.503369e+19,2.279421e+20,2.075030e+16,4.647769e+20,4.725708e+18,6.447601e+20,1.577741e+02,8.095640e+00,1.496785e+02,NaN,NaN,NaN,NaN,4.113963e-02,NaN,4.790380e+06,3.938386e-03
6.377151e+03,2.643316e+03,2.618132e+03,1.756605e+04,2.594295e+04,8.376893e+03,6.835377e-01,NaN,NaN,5.737086e-03,1.009340e+16,4.496351e+19,2.280119e+20,2.086605e+16,4.647646e+20,4.737861e+18,6.450425e+20,1.578203e+02,8.116460e+00,1.497038e+02,NaN,NaN,NaN,NaN,4.113399e-02,NaN,4.794128e+06,3.943632e-03
6.387362e+03,2.642543e+03,2.617866e+03,1.754624e+04,2.592313e+04,8.376892e+03,6.832607e-01,NaN,NaN,5.739399e-03,1.010871e+16,4.493947e+19,2.280367e+20,2.090866e+16,4.647596e+20,4.742103e+18,6.451422e+20,1.578426e+02,8.123727e+00,1.497189e+02,NaN,NaN,NaN,NaN,4.113367e-02,NaN,4.795504e+06,3.948830e-03
6.391147e+03,2.642257e+03,2.617385e+03,1.751096e+04,2.588785e+04,8.376891e+03,6.827589e-01,NaN,NaN,5.743546e-03,1.013521e+16,4.489094e+19,2.280847e+20,2.098579e+16,4.647519e+20,4.750468e+18,6.453366e+20,1.578673e+02,8.138058e+00,1.497292e+02,NaN,NaN,NaN,NaN,4.112783e-02,NaN,4.797986e+06,3.950759e-03
6.397949e+03,2.641742e+03,2.616652e+03,1.745703e+04,2.583392e+04,8.376890e+03,6.819944e-01,NaN,NaN,5.749896e-03,1.017607e+16,4.482013e+19,2.281555e+20,2.110311e+16,4.647393e+20,4.762844e+18,6.456234e+20,1.579136e+02,8.159259e+00,1.497543e+02,NaN,NaN,NaN,NaN,4.112196e-02,NaN,4.801747e+06,3.954226e-03
6.408342e+03,2.640957e+03,2.615913e+03,1.740287e+04,2.577976e+04,8.376889e+03,6.812239e-01,NaN,NaN,5.756301e-03,1.021705e+16,4.474913e+19,2.282264e+20,2.122113e+16,4.647267e+20,4.775288e+18,6.459112e+20,1.579600e+02,8.180577e+00,1.497794e+02,NaN,NaN,NaN,NaN,4.111607e-02,NaN,4.805512e+06,3.959530e-03
6.418817e+03,2.640167e+03,2.615173e+03,1.734868e+04,2.572557e+04,8.376887e+03,6.804507e-01,NaN,NaN,5.762736e-03,1.025798e+16,4.467826e+19,2.282973e+20,2.133937e+16,4.647141e+20,4.787757e+18,6.461989e+20,1.580066e+02,8.201938e+00,1.498047e+02,NaN,NaN,NaN,NaN,4.111026e-02,NaN,4.809264e+06,3.964881e-03
6.429330e+03,2.639375e+03,2.614441e+03,1.729521e+04,2.567210e+04,8.376886e+03,6.796851e-01,NaN,NaN,5.769113e-03,1.029830e+16,4.460840e+19,2.283668e+20,2.145622e+16,4.647016e+20,4.800088e+18,6.464819e+20,1.580526e+02,8.223062e+00,1.498295e+02,NaN,NaN,NaN,NaN,4.110454e-02,NaN,4.812954e+06,3.970258e-03
6.439740e+03,2.638591e+03,2.614165e+03,1.727511e+04,2.565200e+04,8.376884e+03,6.793963e-01,NaN,NaN,5.771517e-03,1.031345e+16,4.458204e+19,2.283933e+20,2.150025e+16,4.646969e+20,4.804727e+18,6.465893e+20,1.580695e+02,8.231008e+00,1.498385e+02,NaN,NaN,NaN,NaN,4.110225e-02,NaN,4.814340e+06,3.975588e-03
6.443685e+03,2.638295e+03,2.613684e+03,1.724001e+04,2.561689e+04,8.376884e+03,6.788918e-01,NaN,NaN,5.775725e-03,1.033984e+16,4.453617e+19,2.284393e+20,2.157710e+16,4.646886e+20,4.812878e+18,6.467766e+20,1.580994e+02,8.244972e+00,1.498544e+02,NaN,NaN,NaN,NaN,4.109832e-02,NaN,4.816753e+06,3.977610e-03
6.450528e+03,2.637780e+03,2.612941e+03,1.718598e+04,2.556286e+04,8.376883e+03,6.781134e-01,NaN,NaN,5.782224e-03,1.038042e+16,4.446569e+19,2.285097e+20,2.169552e+16,4.646759e+20,4.825433e+18,6.470639e+20,1.581454e+02,8.266480e+00,1.498789e+02,NaN,NaN,NaN,NaN,4.109238e-02,NaN,4.820455e+06,3.981119e-03
6.461117e+03,2.636985e+03,2.612193e+03,1.713172e+04,2.550860e+04,8.376881e+03,6.773287e-01,NaN,NaN,5.788779e-03,1.042112e+16,4.439499e+19,2.285804e+20,2.181468e+16,4.646631e+20,4.838060e+18,6.473524e+20,1.581917e+02,8.288112e+00,1.499036e+02,NaN,NaN,NaN,NaN,4.108643e-02,NaN,4.824162e+06,3.986553e-03
6.471791e+03,2.636185e+03,2.611443e+03,1.707743e+04,2.545431e+04,8.376880e+03,6.765413e-01,NaN,NaN,5.795366e-03,1.046180e+16,4.432443e+19,2.286509e+20,2.193408e+16,4.646503e+20,4.850715e+18,6.476407e+20,1.582381e+02,8.309791e+00,1.499283e+02,NaN,NaN,NaN,NaN,4.108054e-02,NaN,4.827858e+06,3.992038e-03
6.482507e+03,2.635382e+03,2.610700e+03,1.702384e+04,2.540072e+04,8.376878e+03,6.757614e-01,NaN,NaN,5.801896e-03,1.050188e+16,4.425483e+19,2.287201e+20,2.205214e+16,4.646376e+20,4.863236e+18,6.479245e+20,1.582838e+02,8.331241e+00,1.499526e+02,NaN,NaN,NaN,NaN,4.107476e-02,NaN,4.831494e+06,3.997550e-03
6.493122e+03,2.634588e+03,2.610414e+03,1.700325e+04,2.538013e+04,8.376877e+03,6.754606e-01,NaN,NaN,5.804413e-03,1.051727e+16,4.422799e+19,2.287471e+20,2.209762e+16,4.646327e+20,4.868051e+18,6.480346e+20,1.583011e+02,8.339490e+00,1.499616e+02,NaN,NaN,NaN,NaN,4.107240e-02,NaN,4.832891e+06,4.003017e-03
6.497231e+03,2.634281e+03,2.609932e+03,1.696852e+04,2.534540e+04,8.376876e+03,6.749534e-01,NaN,NaN,5.808666e-03,1.054317e+16,4.418286e+19,2.287924e+20,2.217427e+16,4.646245e+20,4.876223e+18,6.482201e+20,1.583305e+02,8.353488e+00,1.499770e+02,NaN,NaN,NaN,NaN,4.106847e-02,NaN,4.835238e+06,4.005134e-03
6.504118e+03,2.633766e+03,2.609180e+03,1.691440e+04,2.529127e+04,8.376875e+03,6.741607e-01,NaN,NaN,5.815318e-03,1.058350e+16,4.411266e+19,2.288626e+20,2.229389e+16,4.646116e+20,4.888969e+18,6.485082e+20,1.583763e+02,8.375324e+00,1.500010e+02,NaN,NaN,NaN,NaN,4.106245e-02,NaN,4.838885e+06,4.008686e-03
6.514908e+03,2.632961e+03,2.608422e+03,1.686003e+04,2.523690e+04,8.376874e+03,6.733617e-01,NaN,NaN,5.822031e-03,1.062396e+16,4.404222e+19,2.289329e+20,2.241430e+16,4.645986e+20,4.901792e+18,6.487975e+20,1.584224e+02,8.397291e+00,1.500251e+02,NaN,NaN,NaN,NaN,4.105643e-02,NaN,4.842539e+06,4.014255e-03
6.525788e+03,2.632150e+03,2.607662e+03,1.680563e+04,2.518251e+04,8.376872e+03,6.725598e-01,NaN,NaN,5.828775e-03,1.066440e+16,4.397191e+19,2.290032e+20,2.253495e+16,4.645855e+20,4.914645e+18,6.490867e+20,1.584687e+02,8.419309e+00,1.500494e+02,NaN,NaN,NaN,NaN,4.105046e-02,NaN,4.846182e+06,4.019877e-03
6.536711e+03,2.631337e+03,2.606909e+03,1.675193e+04,2.512880e+04,8.376871e+03,6.717654e-01,NaN,NaN,5.835463e-03,1.070427e+16,4.390253e+19,2.290722e+20,2.265432e+16,4.645727e+20,4.927368e+18,6.493715e+20,1.585143e+02,8.441105e+00,1.500732e+02,NaN,NaN,NaN,NaN,4.104461e-02,NaN,4.849768e+06,4.025527e-03
6.547533e+03,2.630533e+03,2.606614e+03,1.673088e+04,2.510775e+04,8.376869e+03,6.714529e-01,NaN,NaN,5.838093e-03,1.071988e+16,4.387524e+19,2.290996e+20,2.270123e+16,4.645676e+20,4.932359e+18,6.494841e+20,1.585319e+02,8.449655e+00,1.500822e+02,NaN,NaN,NaN,NaN,4.104217e-02,NaN,4.851173e+06,4.031132e-03
6.551809e+03,2.630215e+03,2.606131e+03,1.669652e+04,2.507339e+04,8.376869e+03,6.709428e-01,NaN,NaN,5.842395e-03,1.074531e+16,4.383082e+19,2.291442e+20,2.277774e+16,4.645593e+20,4.940557e+18,6.496681e+20,1.585608e+02,8.463700e+00,1.500971e+02,NaN,NaN,NaN,NaN,4.103824e-02,NaN,4.853458e+06,4.033347e-03
6.558742e+03,2.629701e+03,2.605369e+03,1.664231e+04,2.501917e+04,8.376868e+03,6.701359e-01,NaN,NaN,5.849205e-03,1.078541e+16,4.376086e+19,2.292142e+20,2.289865e+16,4.645462e+20,4.953506e+18,6.499571e+20,1.586065e+02,8.485883e+00,1.501206e+02,NaN,NaN,NaN,NaN,4.103214e-02,NaN,4.857055e+06,4.036943e-03
6.569738e+03,2.628886e+03,2.604601e+03,1.658784e+04,2.496471e+04,8.376866e+03,6.693224e-01,NaN,NaN,5.856078e-03,1.082566e+16,4.369065e+19,2.292843e+20,2.302037e+16,4.645330e+20,4.966535e+18,6.502474e+20,1.586524e+02,8.508203e+00,1.501442e+02,NaN,NaN,NaN,NaN,4.102604e-02,NaN,4.860658e+06,4.042650e-03
6.580829e+03,2.628064e+03,2.603831e+03,1.653335e+04,2.491022e+04,8.376865e+03,6.685060e-01,NaN,NaN,5.862984e-03,1.086588e+16,4.362055e+19,2.293544e+20,2.314236e+16,4.645197e+20,4.979596e+18,6.505377e+20,1.586986e+02,8.530578e+00,1.501680e+02,NaN,NaN,NaN,NaN,4.102000e-02,NaN,4.864252e+06,4.048412e-03
6.591964e+03,2.627241e+03,2.603069e+03,1.647954e+04,2.485640e+04,8.376863e+03,6.676970e-01,NaN,NaN,5.869836e-03,1.090555e+16,4.355136e+19,2.294232e+20,2.326310e+16,4.645067e+20,4.992530e+18,6.508237e+20,1.587440e+02,8.552734e+00,1.501913e+02,NaN,NaN,NaN,NaN,4.101407e-02,NaN,4.867791e+06,4.054204e-03
6.602999e+03,2.626426e+03,2.602763e+03,1.645803e+04,2.483489e+04,8.376862e+03,6.673725e-01,NaN,NaN,5.872584e-03,1.092139e+16,4.352361e+19,2.294510e+20,2.331149e+16,4.645014e+20,4.997705e+18,6.509390e+20,1.587619e+02,8.561600e+00,1.502003e+02,NaN,NaN,NaN,NaN,4.101156e-02,NaN,4.869204e+06,4.059950e-03
6.607447e+03,2.626098e+03,2.602280e+03,1.642403e+04,2.480089e+04,8.376861e+03,6.668596e-01,NaN,NaN,5.876935e-03,1.094638e+16,4.347986e+19,2.294950e+20,2.338793e+16,4.644931e+20,5.005937e+18,6.511215e+20,1.587903e+02,8.575702e+00,1.502146e+02,NaN,NaN,NaN,NaN,4.100761e-02,NaN,4.871431e+06,4.062268e-03
6.614429e+03,2.625583e+03,2.601508e+03,1.636972e+04,2.474658e+04,8.376860e+03,6.660380e-01,NaN,NaN,5.883911e-03,1.098628e+16,4.341008e+19,2.295647e+20,2.351023e+16,4.644798e+20,5.019101e+18,6.514117e+20,1.588360e+02,8.598255e+00,1.502377e+02,NaN,NaN,NaN,NaN,4.100144e-02,NaN,4.874981e+06,4.065908e-03
6.625642e+03,2.624758e+03,2.600730e+03,1.631514e+04,2.469200e+04,8.376859e+03,6.652095e-01,NaN,NaN,5.890954e-03,1.102634e+16,4.334003e+19,2.296347e+20,2.363342e+16,4.644663e+20,5.032355e+18,6.517034e+20,1.588818e+02,8.620959e+00,1.502608e+02,NaN,NaN,NaN,NaN,4.099525e-02,NaN,4.878538e+06,4.071760e-03
6.636954e+03,2.623926e+03,2.599950e+03,1.626054e+04,2.463740e+04,8.376857e+03,6.643781e-01,NaN,NaN,5.898031e-03,1.106638e+16,4.327008e+19,2.297046e+20,2.375688e+16,4.644528e+20,5.045640e+18,6.519951e+20,1.589278e+02,8.643719e+00,1.502841e+02,NaN,NaN,NaN,NaN,4.098912e-02,NaN,4.882086e+06,4.077669e-03
6.648310e+03,2.623092e+03,2.599177e+03,1.620660e+04,2.458346e+04,8.376856e+03,6.635541e-01,NaN,NaN,5.905053e-03,1.110589e+16,4.320102e+19,2.297733e+20,2.387912e+16,4.644395e+20,5.058801e+18,6.522825e+20,1.589732e+02,8.666265e+00,1.503069e+02,NaN,NaN,NaN,NaN,4.098311e-02,NaN,4.885582e+06,4.083608e-03
6.659569e+03,2.622266e+03,2.598862e+03,1.618463e+04,2.456148e+04,8.376854e+03,6.632171e-01,NaN,NaN,5.907925e-03,1.112197e+16,4.317279e+19,2.298017e+20,2.392906e+16,4.644341e+20,5.064169e+18,6.524006e+20,1.589915e+02,8.675461e+00,1.503160e+02,NaN,NaN,NaN,NaN,4.098052e-02,NaN,4.887005e+06,4.089502e-03
6.664190e+03,2.621928e+03,2.598379e+03,1.615098e+04,2.452784e+04,8.376853e+03,6.627012e-01,NaN,NaN,5.912329e-03,1.114654e+16,4.312966e+19,2.298450e+20,2.400548e+16,4.644257e+20,5.072441e+18,6.525817e+20,1.590194e+02,8.689631e+00,1.503298e+02,NaN,NaN,NaN,NaN,4.097656e-02,NaN,4.889177e+06,4.091922e-03
6.671224e+03,2.621413e+03,2.597596e+03,1.609660e+04,2.447345e+04,8.376852e+03,6.618651e-01,NaN,NaN,5.919474e-03,1.118625e+16,4.306006e+19,2.299146e+20,2.412922e+16,4.644122e+20,5.085830e+18,6.528733e+20,1.590649e+02,8.712569e+00,1.503523e+02,NaN,NaN,NaN,NaN,4.097030e-02,NaN,4.892681e+06,4.095610e-03
6.682657e+03,2.620577e+03,2.596808e+03,1.604191e+04,2.441877e+04,8.376851e+03,6.610216e-01,NaN,NaN,5.926691e-03,1.122613e+16,4.299014e+19,2.299844e+20,2.425393e+16,4.643985e+20,5.099315e+18,6.531664e+20,1.591107e+02,8.735670e+00,1.503750e+02,NaN,NaN,NaN,NaN,4.096403e-02,NaN,4.896195e+06,4.101608e-03
6.694195e+03,2.619734e+03,2.596018e+03,1.598720e+04,2.436405e+04,8.376849e+03,6.601750e-01,NaN,NaN,5.933945e-03,1.126601e+16,4.292032e+19,2.300542e+20,2.437896e+16,4.643848e+20,5.112838e+18,6.534598e+20,1.591566e+02,8.758836e+00,1.503978e+02,NaN,NaN,NaN,NaN,4.095781e-02,NaN,4.899701e+06,4.107667e-03
6.705779e+03,2.618890e+03,2.595235e+03,1.593315e+04,2.431000e+04,8.376848e+03,6.593358e-01,NaN,NaN,5.941144e-03,1.130536e+16,4.285136e+19,2.301228e+20,2.450277e+16,4.643712e+20,5.126236e+18,6.537487e+20,1.592020e+02,8.781788e+00,1.504202e+02,NaN,NaN,NaN,NaN,4.095171e-02,NaN,4.903155e+06,4.113757e-03
6.717266e+03,2.618054e+03,2.594910e+03,1.591073e+04,2.428758e+04,8.376846e+03,6.589865e-01,NaN,NaN,5.944141e-03,1.132167e+16,4.282266e+19,2.301516e+20,2.455427e+16,4.643656e+20,5.131801e+18,6.538696e+20,1.592205e+02,8.791320e+00,1.504292e+02,NaN,NaN,NaN,NaN,4.094904e-02,NaN,4.904587e+06,4.119802e-03
6.722064e+03,2.617705e+03,2.594426e+03,1.587744e+04,2.425428e+04,8.376845e+03,6.584676e-01,NaN,NaN,5.948600e-03,1.134585e+16,4.278012e+19,2.301943e+20,2.463072e+16,4.643571e+20,5.140119e+18,6.540496e+20,1.592482e+02,8.805570e+00,1.504426e+02,NaN,NaN,NaN,NaN,4.094507e-02,NaN,4.906707e+06,4.122329e-03
6.729153e+03,2.617190e+03,2.593634e+03,1.582297e+04,2.419981e+04,8.376844e+03,6.576166e-01,NaN,NaN,5.955921e-03,1.138538e+16,4.271065e+19,2.302638e+20,2.475601e+16,4.643434e+20,5.153745e+18,6.543427e+20,1.592935e+02,8.828914e+00,1.504646e+02,NaN,NaN,NaN,NaN,4.093872e-02,NaN,4.910169e+06,4.126065e-03
6.740813e+03,2.616344e+03,2.592836e+03,1.576819e+04,2.414503e+04,8.376843e+03,6.567578e-01,NaN,NaN,5.963319e-03,1.142511e+16,4.264084e+19,2.303335e+20,2.488232e+16,4.643295e+20,5.167474e+18,6.546375e+20,1.593392e+02,8.852433e+00,1.504868e+02,NaN,NaN,NaN,NaN,4.093235e-02,NaN,4.913641e+06,4.132213e-03
6.752584e+03,2.615491e+03,2.592036e+03,1.571338e+04,2.409022e+04,8.376841e+03,6.558959e-01,NaN,NaN,5.970754e-03,1.146484e+16,4.257111e+19,2.304032e+20,2.500898e+16,4.643155e+20,5.181244e+18,6.549325e+20,1.593851e+02,8.876023e+00,1.505091e+02,NaN,NaN,NaN,NaN,4.092604e-02,NaN,4.917106e+06,4.138428e-03
6.764405e+03,2.614635e+03,2.591243e+03,1.565921e+04,2.403605e+04,8.376840e+03,6.550411e-01,NaN,NaN,5.978138e-03,1.150406e+16,4.250221e+19,2.304717e+20,2.513448e+16,4.643017e+20,5.194894e+18,6.552233e+20,1.594305e+02,8.899406e+00,1.505311e+02,NaN,NaN,NaN,NaN,4.091984e-02,NaN,4.920523e+06,4.144674e-03
6.776132e+03,2.613788e+03,2.590907e+03,1.563633e+04,2.401317e+04,8.376838e+03,6.546788e-01,NaN,NaN,5.981269e-03,1.152062e+16,4.247301e+19,2.305010e+20,2.518764e+16,4.642958e+20,5.200669e+18,6.553472e+20,1.594494e+02,8.909299e+00,1.505401e+02,NaN,NaN,NaN,NaN,4.091708e-02,NaN,4.921965e+06,4.150878e-03
6.781123e+03,2.613428e+03,2.590423e+03,1.560337e+04,2.398021e+04,8.376837e+03,6.541569e-01,NaN,NaN,5.985786e-03,1.154442e+16,4.243103e+19,2.305432e+20,2.526418e+16,4.642873e+20,5.209039e+18,6.555261e+20,1.594766e+02,8.923638e+00,1.505530e+02,NaN,NaN,NaN,NaN,4.091310e-02,NaN,4.924036e+06,4.153519e-03
6.788269e+03,2.612913e+03,2.589621e+03,1.554878e+04,2.392562e+04,8.376836e+03,6.532902e-01,NaN,NaN,5.993296e-03,1.158382e+16,4.236160e+19,2.306126e+20,2.539120e+16,4.642733e+20,5.222926e+18,6.558212e+20,1.595219e+02,8.947428e+00,1.505745e+02,NaN,NaN,NaN,NaN,4.090665e-02,NaN,4.927460e+06,4.157304e-03
6.800170e+03,2.612056e+03,2.588812e+03,1.549387e+04,2.387071e+04,8.376835e+03,6.524154e-01,NaN,NaN,6.000886e-03,1.162344e+16,4.229182e+19,2.306823e+20,2.551929e+16,4.642591e+20,5.236920e+18,6.561180e+20,1.595676e+02,8.971402e+00,1.505962e+02,NaN,NaN,NaN,NaN,4.090018e-02,NaN,4.930896e+06,4.163613e-03
6.812189e+03,2.611192e+03,2.588000e+03,1.543894e+04,2.381577e+04,8.376833e+03,6.515374e-01,NaN,NaN,6.008515e-03,1.166305e+16,4.222211e+19,2.307520e+20,2.564775e+16,4.642449e+20,5.250958e+18,6.564151e+20,1.596136e+02,8.995450e+00,1.506181e+02,NaN,NaN,NaN,NaN,4.089376e-02,NaN,4.934325e+06,4.169990e-03
6.824259e+03,2.610325e+03,2.587197e+03,1.538463e+04,2.376146e+04,8.376831e+03,6.506664e-01,NaN,NaN,6.016094e-03,1.170217e+16,4.215322e+19,2.308205e+20,2.577507e+16,4.642308e+20,5.264878e+18,6.567080e+20,1.596589e+02,9.019296e+00,1.506396e+02,NaN,NaN,NaN,NaN,4.088747e-02,NaN,4.937707e+06,4.176400e-03
6.836238e+03,2.609467e+03,2.586850e+03,1.536127e+04,2.373810e+04,8.376830e+03,6.502906e-01,NaN,NaN,6.019365e-03,1.171899e+16,4.212349e+19,2.308503e+20,2.582997e+16,4.642247e+20,5.270873e+18,6.568350e+20,1.596782e+02,9.029566e+00,1.506486e+02,NaN,NaN,NaN,NaN,4.088462e-02,NaN,4.939160e+06,4.182768e-03
6.841428e+03,2.609095e+03,2.586366e+03,1.532865e+04,2.370548e+04,8.376829e+03,6.497657e-01,NaN,NaN,6.023942e-03,1.174242e+16,4.208204e+19,2.308920e+20,2.590664e+16,4.642162e+20,5.279301e+18,6.570129e+20,1.597050e+02,9.044005e+00,1.506610e+02,NaN,NaN,NaN,NaN,4.088062e-02,NaN,4.941185e+06,4.185529e-03
6.848634e+03,2.608580e+03,2.585553e+03,1.527394e+04,2.365077e+04,8.376828e+03,6.488829e-01,NaN,NaN,6.031649e-03,1.178172e+16,4.201262e+19,2.309614e+20,2.603549e+16,4.642019e+20,5.293463e+18,6.573102e+20,1.597504e+02,9.068266e+00,1.506821e+02,NaN,NaN,NaN,NaN,4.087406e-02,NaN,4.944574e+06,4.189365e-03
6.860784e+03,2.607712e+03,2.584733e+03,1.521891e+04,2.359574e+04,8.376826e+03,6.479918e-01,NaN,NaN,6.039438e-03,1.182123e+16,4.194285e+19,2.310311e+20,2.616545e+16,4.641874e+20,5.307734e+18,6.576092e+20,1.597961e+02,9.092714e+00,1.507034e+02,NaN,NaN,NaN,NaN,4.086748e-02,NaN,4.947975e+06,4.195838e-03
6.873055e+03,2.606837e+03,2.583912e+03,1.516387e+04,2.354069e+04,8.376825e+03,6.470978e-01,NaN,NaN,6.047267e-03,1.186073e+16,4.187316e+19,2.311008e+20,2.629575e+16,4.641729e+20,5.322049e+18,6.579084e+20,1.598419e+02,9.117236e+00,1.507247e+02,NaN,NaN,NaN,NaN,4.086096e-02,NaN,4.951369e+06,4.202381e-03
6.885376e+03,2.605960e+03,2.583098e+03,1.510945e+04,2.348627e+04,8.376823e+03,6.462109e-01,NaN,NaN,6.055044e-03,1.189975e+16,4.180427e+19,2.311693e+20,2.642492e+16,4.641585e+20,5.336245e+18,6.582035e+20,1.598874e+02,9.141556e+00,1.507458e+02,NaN,NaN,NaN,NaN,4.085456e-02,NaN,4.954717e+06,4.208957e-03
6.897606e+03,2.605090e+03,2.582741e+03,1.508566e+04,2.346248e+04,8.376821e+03,6.458220e-01,NaN,NaN,6.058456e-03,1.191679e+16,4.177407e+19,2.311995e+20,2.648153e+16,4.641522e+20,5.342459e+18,6.583335e+20,1.599069e+02,9.152200e+00,1.507547e+02,NaN,NaN,NaN,NaN,4.085163e-02,NaN,4.956179e+06,4.215491e-03
6.902991e+03,2.604708e+03,2.582257e+03,1.505337e+04,2.343020e+04,8.376820e+03,6.452938e-01,NaN,NaN,6.063097e-03,1.193988e+16,4.173312e+19,2.312407e+20,2.655838e+16,4.641436e+20,5.350952e+18,6.585107e+20,1.599334e+02,9.166750e+00,1.507667e+02,NaN,NaN,NaN,NaN,4.084761e-02,NaN,4.958159e+06,4.218370e-03
6.910261e+03,2.604192e+03,2.581434e+03,1.499859e+04,2.337541e+04,8.376819e+03,6.443954e-01,NaN,NaN,6.071002e-03,1.197906e+16,4.166374e+19,2.313101e+20,2.668905e+16,4.641290e+20,5.365390e+18,6.588100e+20,1.599788e+02,9.191483e+00,1.507873e+02,NaN,NaN,NaN,NaN,4.084094e-02,NaN,4.961512e+06,4.222259e-03
6.922661e+03,2.603314e+03,2.580604e+03,1.494347e+04,2.332029e+04,8.376818e+03,6.434884e-01,NaN,NaN,6.078994e-03,1.201845e+16,4.159398e+19,2.313798e+20,2.682088e+16,4.641143e+20,5.379943e+18,6.591112e+20,1.600245e+02,9.216415e+00,1.508081e+02,NaN,NaN,NaN,NaN,4.083426e-02,NaN,4.964879e+06,4.228896e-03
6.935189e+03,2.602428e+03,2.579772e+03,1.488833e+04,2.326515e+04,8.376816e+03,6.425782e-01,NaN,NaN,6.087027e-03,1.205785e+16,4.152430e+19,2.314494e+20,2.695308e+16,4.640995e+20,5.394544e+18,6.594127e+20,1.600704e+02,9.241427e+00,1.508290e+02,NaN,NaN,NaN,NaN,4.082763e-02,NaN,4.968239e+06,4.235609e-03
6.947771e+03,2.601540e+03,2.578947e+03,1.483380e+04,2.321062e+04,8.376814e+03,6.416751e-01,NaN,NaN,6.095011e-03,1.209678e+16,4.145539e+19,2.315179e+20,2.708420e+16,4.640848e+20,5.409030e+18,6.597101e+20,1.601158e+02,9.266243e+00,1.508496e+02,NaN,NaN,NaN,NaN,4.082112e-02,NaN,4.971555e+06,4.242357e-03
6.960266e+03,2.600660e+03,2.578580e+03,1.480958e+04,2.318640e+04,8.376812e+03,6.412726e-01,NaN,NaN,6.098571e-03,1.211406e+16,4.142470e+19,2.315487e+20,2.714260e+16,4.640783e+20,5.415474e+18,6.598433e+20,1.601358e+02,9.277283e+00,1.508585e+02,NaN,NaN,NaN,NaN,4.081810e-02,NaN,4.973026e+06,4.249064e-03
6.965852e+03,2.600267e+03,2.578095e+03,1.477763e+04,2.315444e+04,8.376812e+03,6.407413e-01,NaN,NaN,6.103278e-03,1.213681e+16,4.138422e+19,2.315894e+20,2.721968e+16,4.640696e+20,5.424037e+18,6.600197e+20,1.601620e+02,9.291952e+00,1.508700e+02,NaN,NaN,NaN,NaN,4.081405e-02,NaN,4.974964e+06,4.252065e-03
6.973189e+03,2.599751e+03,2.577262e+03,1.472276e+04,2.309957e+04,8.376811e+03,6.398269e-01,NaN,NaN,6.111390e-03,1.217588e+16,4.131485e+19,2.316588e+20,2.735226e+16,4.640547e+20,5.438765e+18,6.603214e+20,1.602073e+02,9.317183e+00,1.508901e+02,NaN,NaN,NaN,NaN,4.080727e-02,NaN,4.978284e+06,4.256008e-03
6.985852e+03,2.598862e+03,2.576422e+03,1.466754e+04,2.304435e+04,8.376809e+03,6.389033e-01,NaN,NaN,6.119596e-03,1.221519e+16,4.124506e+19,2.317285e+20,2.748611e+16,4.640397e+20,5.453620e+18,6.606251e+20,1.602530e+02,9.342631e+00,1.509104e+02,NaN,NaN,NaN,NaN,4.080047e-02,NaN,4.981619e+06,4.262819e-03
6.998649e+03,2.597965e+03,2.575579e+03,1.461230e+04,2.298911e+04,8.376807e+03,6.379766e-01,NaN,NaN,6.127843e-03,1.225449e+16,4.117534e+19,2.317982e+20,2.762033e+16,4.640246e+20,5.468522e+18,6.609290e+20,1.602991e+02,9.368160e+00,1.509309e+02,NaN,NaN,NaN,NaN,4.079373e-02,NaN,4.984947e+06,4.269708e-03
7.011499e+03,2.597066e+03,2.574744e+03,1.455767e+04,2.293447e+04,8.376805e+03,6.370570e-01,NaN,NaN,6.136042e-03,1.229334e+16,4.110640e+19,2.318667e+20,2.775347e+16,4.640096e+20,5.483310e+18,6.612289e+20,1.603445e+02,9.393493e+00,1.509510e+02,NaN,NaN,NaN,NaN,4.078711e-02,NaN,4.988233e+06,4.276632e-03
7.024264e+03,2.596174e+03,2.574367e+03,1.453303e+04,2.290984e+04,8.376804e+03,6.366409e-01,NaN,NaN,6.139754e-03,1.231084e+16,4.107522e+19,2.318980e+20,2.781369e+16,4.640028e+20,5.489990e+18,6.613652e+20,1.603647e+02,9.404937e+00,1.509598e+02,NaN,NaN,NaN,NaN,4.078399e-02,NaN,4.989713e+06,4.283516e-03
7.030058e+03,2.595770e+03,2.573882e+03,1.450140e+04,2.287820e+04,8.376803e+03,6.361063e-01,NaN,NaN,6.144530e-03,1.233328e+16,4.103520e+19,2.319383e+20,2.789103e+16,4.639941e+20,5.498629e+18,6.615411e+20,1.603906e+02,9.419736e+00,1.509709e+02,NaN,NaN,NaN,NaN,4.077992e-02,NaN,4.991610e+06,4.286643e-03
7.037465e+03,2.595254e+03,2.573039e+03,1.444646e+04,2.282326e+04,8.376802e+03,6.351757e-01,NaN,NaN,6.152858e-03,1.237225e+16,4.096580e+19,2.320076e+20,2.802563e+16,4.639789e+20,5.513661e+18,6.618452e+20,1.604360e+02,9.445487e+00,1.509905e+02,NaN,NaN,NaN,NaN,4.077302e-02,NaN,4.994899e+06,4.290642e-03
7.050399e+03,2.594354e+03,2.572188e+03,1.439114e+04,2.276794e+04,8.376800e+03,6.342355e-01,NaN,NaN,6.161284e-03,1.241147e+16,4.089597e+19,2.320774e+20,2.816155e+16,4.639635e+20,5.528828e+18,6.621515e+20,1.604818e+02,9.471470e+00,1.510103e+02,NaN,NaN,NaN,NaN,4.076611e-02,NaN,4.998203e+06,4.297631e-03
7.063474e+03,2.593447e+03,2.571335e+03,1.433581e+04,2.271261e+04,8.376798e+03,6.332920e-01,NaN,NaN,6.169756e-03,1.245070e+16,4.082620e+19,2.321471e+20,2.829789e+16,4.639481e+20,5.544046e+18,6.624581e+20,1.605278e+02,9.497541e+00,1.510303e+02,NaN,NaN,NaN,NaN,4.075925e-02,NaN,5.001502e+06,4.304702e-03
7.076607e+03,2.592536e+03,2.570489e+03,1.428106e+04,2.265786e+04,8.376796e+03,6.323552e-01,NaN,NaN,6.178181e-03,1.248949e+16,4.075717e+19,2.322157e+20,2.843320e+16,4.639328e+20,5.559155e+18,6.627607e+20,1.605733e+02,9.523424e+00,1.510499e+02,NaN,NaN,NaN,NaN,4.075251e-02,NaN,5.004759e+06,4.311810e-03
7.089653e+03,2.591634e+03,2.570101e+03,1.425602e+04,2.263281e+04,8.376795e+03,6.319253e-01,NaN,NaN,6.182050e-03,1.250722e+16,4.072549e+19,2.322475e+20,2.849529e+16,4.639258e+20,5.566080e+18,6.629002e+20,1.605940e+02,9.535288e+00,1.510587e+02,NaN,NaN,NaN,NaN,4.074929e-02,NaN,5.006249e+06,4.318878e-03
7.095666e+03,2.591218e+03,2.569615e+03,1.422470e+04,2.260149e+04,8.376794e+03,6.313874e-01,NaN,NaN,6.186899e-03,1.252935e+16,4.068591e+19,2.322874e+20,2.857294e+16,4.639169e+20,5.574801e+18,6.630757e+20,1.606196e+02,9.550227e+00,1.510694e+02,NaN,NaN,NaN,NaN,4.074519e-02,NaN,5.008107e+06,4.322137e-03
7.103146e+03,2.590702e+03,2.568762e+03,1.416967e+04,2.254646e+04,8.376793e+03,6.304400e-01,NaN,NaN,6.195455e-03,1.256824e+16,4.061644e+19,2.323568e+20,2.870968e+16,4.639014e+20,5.590156e+18,6.633825e+20,1.606650e+02,9.576532e+00,1.510885e+02,NaN,NaN,NaN,NaN,4.073817e-02,NaN,5.011366e+06,4.326195e-03
7.116362e+03,2.589791e+03,2.567900e+03,1.411426e+04,2.249105e+04,8.376791e+03,6.294827e-01,NaN,NaN,6.204113e-03,1.260740e+16,4.054654e+19,2.324266e+20,2.884780e+16,4.638857e+20,5.605651e+18,6.636916e+20,1.607109e+02,9.603077e+00,1.511078e+02,NaN,NaN,NaN,NaN,4.073113e-02,NaN,5.014643e+06,4.333367e-03
7.129724e+03,2.588872e+03,2.567036e+03,1.405884e+04,2.243563e+04,8.376789e+03,6.285222e-01,NaN,NaN,6.212816e-03,1.264655e+16,4.047670e+19,2.324965e+20,2.898633e+16,4.638700e+20,5.621198e+18,6.640010e+20,1.607570e+02,9.629711e+00,1.511273e+02,NaN,NaN,NaN,NaN,4.072414e-02,NaN,5.017913e+06,4.340625e-03
7.143145e+03,2.587951e+03,2.566180e+03,1.400400e+04,2.238079e+04,8.376787e+03,6.275684e-01,NaN,NaN,6.221474e-03,1.268528e+16,4.040759e+19,2.325651e+20,2.912384e+16,4.638544e+20,5.636637e+18,6.643065e+20,1.608026e+02,9.656159e+00,1.511464e+02,NaN,NaN,NaN,NaN,4.071728e-02,NaN,5.021142e+06,4.347922e-03
7.156481e+03,2.587038e+03,2.565781e+03,1.397855e+04,2.235534e+04,8.376785e+03,6.271244e-01,NaN,NaN,6.225507e-03,1.270324e+16,4.037543e+19,2.325973e+20,2.918785e+16,4.638471e+20,5.643815e+18,6.644493e+20,1.608236e+02,9.668455e+00,1.511551e+02,NaN,NaN,NaN,NaN,4.071397e-02,NaN,5.022641e+06,4.355178e-03
7.162714e+03,2.586611e+03,2.565296e+03,1.394755e+04,2.232434e+04,8.376785e+03,6.265832e-01,NaN,NaN,6.230432e-03,1.272507e+16,4.033625e+19,2.326368e+20,2.926585e+16,4.638381e+20,5.652623e+18,6.646244e+20,1.608489e+02,9.683544e+00,1.511654e+02,NaN,NaN,NaN,NaN,4.070984e-02,NaN,5.024462e+06,4.358572e-03
7.170273e+03,2.586095e+03,2.564432e+03,1.389245e+04,2.226924e+04,8.376783e+03,6.256190e-01,NaN,NaN,6.239220e-03,1.276388e+16,4.026673e+19,2.327063e+20,2.940478e+16,4.638223e+20,5.668310e+18,6.649340e+20,1.608944e+02,9.710417e+00,1.511840e+02,NaN,NaN,NaN,NaN,4.070269e-02,NaN,5.027693e+06,4.362690e-03
7.183778e+03,2.585173e+03,2.563560e+03,1.383696e+04,2.221374e+04,8.376782e+03,6.246445e-01,NaN,NaN,6.248118e-03,1.280297e+16,4.019673e+19,2.327763e+20,2.954517e+16,4.638063e+20,5.684145e+18,6.652460e+20,1.609403e+02,9.737546e+00,1.512028e+02,NaN,NaN,NaN,NaN,4.069552e-02,NaN,5.030941e+06,4.370051e-03
7.197439e+03,2.584243e+03,2.562685e+03,1.378145e+04,2.215823e+04,8.376780e+03,6.236666e-01,NaN,NaN,6.257065e-03,1.284206e+16,4.012680e+19,2.328462e+20,2.968600e+16,4.637901e+20,5.700038e+18,6.655584e+20,1.609866e+02,9.764771e+00,1.512218e+02,NaN,NaN,NaN,NaN,4.068840e-02,NaN,5.034185e+06,4.377503e-03
7.211164e+03,2.583310e+03,2.561818e+03,1.372650e+04,2.210328e+04,8.376778e+03,6.226953e-01,NaN,NaN,6.265968e-03,1.288074e+16,4.005756e+19,2.329149e+20,2.982586e+16,4.637742e+20,5.715826e+18,6.658669e+20,1.610323e+02,9.791818e+00,1.512405e+02,NaN,NaN,NaN,NaN,4.068142e-02,NaN,5.037389e+06,4.384997e-03
7.224808e+03,2.582385e+03,2.561408e+03,1.370063e+04,2.207741e+04,8.376776e+03,6.222364e-01,NaN,NaN,6.270177e-03,1.289895e+16,4.002488e+19,2.329477e+20,2.989191e+16,4.637666e+20,5.723275e+18,6.660133e+20,1.610536e+02,9.804579e+00,1.512490e+02,NaN,NaN,NaN,NaN,4.067800e-02,NaN,5.038898e+06,4.392452e-03
7.231274e+03,2.581947e+03,2.560923e+03,1.366994e+04,2.204672e+04,8.376775e+03,6.216918e-01,NaN,NaN,6.275182e-03,1.292049e+16,3.998609e+19,2.329868e+20,2.997031e+16,4.637576e+20,5.732176e+18,6.661881e+20,1.610787e+02,9.819827e+00,1.512589e+02,NaN,NaN,NaN,NaN,4.067383e-02,NaN,5.040683e+06,4.395988e-03
7.238914e+03,2.581431e+03,2.560048e+03,1.361477e+04,2.199154e+04,8.376774e+03,6.207103e-01,NaN,NaN,6.284217e-03,1.295924e+16,3.991646e+19,2.330564e+20,3.011157e+16,4.637414e+20,5.748215e+18,6.665009e+20,1.611243e+02,9.847303e+00,1.512770e+02,NaN,NaN,NaN,NaN,4.066655e-02,NaN,5.043888e+06,4.400167e-03
7.252720e+03,2.580498e+03,2.559165e+03,1.355919e+04,2.193597e+04,8.376772e+03,6.197182e-01,NaN,NaN,6.293365e-03,1.299827e+16,3.984637e+19,2.331264e+20,3.025432e+16,4.637250e+20,5.764406e+18,6.668159e+20,1.611703e+02,9.875042e+00,1.512953e+02,NaN,NaN,NaN,NaN,4.065924e-02,NaN,5.047111e+06,4.407724e-03
7.266695e+03,2.579556e+03,2.558280e+03,1.350359e+04,2.188036e+04,8.376770e+03,6.187224e-01,NaN,NaN,6.302567e-03,1.303732e+16,3.977629e+19,2.331965e+20,3.039759e+16,4.637085e+20,5.780664e+18,6.671316e+20,1.612166e+02,9.902892e+00,1.513137e+02,NaN,NaN,NaN,NaN,4.065199e-02,NaN,5.050329e+06,4.415379e-03
7.280735e+03,2.578612e+03,2.557401e+03,1.344854e+04,2.182531e+04,8.376768e+03,6.177331e-01,NaN,NaN,6.311727e-03,1.307597e+16,3.970692e+19,2.332654e+20,3.053990e+16,4.636922e+20,5.796817e+18,6.674434e+20,1.612625e+02,9.930564e+00,1.513319e+02,NaN,NaN,NaN,NaN,4.064487e-02,NaN,5.053511e+06,4.423076e-03
7.294695e+03,2.577675e+03,2.556981e+03,1.342226e+04,2.179903e+04,8.376766e+03,6.172594e-01,NaN,NaN,6.316117e-03,1.309441e+16,3.967372e+19,2.332986e+20,3.060803e+16,4.636843e+20,5.804543e+18,6.675933e+20,1.612842e+02,9.943799e+00,1.513404e+02,NaN,NaN,NaN,NaN,4.064134e-02,NaN,5.055028e+06,4.430736e-03
7.301401e+03,2.577226e+03,2.556495e+03,1.339188e+04,2.176865e+04,8.376765e+03,6.167113e-01,NaN,NaN,6.321205e-03,1.311568e+16,3.963530e+19,2.333374e+20,3.068686e+16,4.636752e+20,5.813543e+18,6.677680e+20,1.613090e+02,9.959218e+00,1.513498e+02,NaN,NaN,NaN,NaN,4.063714e-02,NaN,5.056779e+06,4.434417e-03
7.309127e+03,2.576709e+03,2.555610e+03,1.333663e+04,2.171339e+04,8.376764e+03,6.157123e-01,NaN,NaN,6.330497e-03,1.315437e+16,3.956556e+19,2.334071e+20,3.083053e+16,4.636586e+20,5.829948e+18,6.680839e+20,1.613547e+02,9.987321e+00,1.513674e+02,NaN,NaN,NaN,NaN,4.062971e-02,NaN,5.059959e+06,4.438660e-03
7.323248e+03,2.575766e+03,2.554716e+03,1.328098e+04,2.165774e+04,8.376762e+03,6.147023e-01,NaN,NaN,6.339908e-03,1.319335e+16,3.949533e+19,2.334773e+20,3.097576e+16,4.636419e+20,5.846514e+18,6.684023e+20,1.614009e+02,1.001570e+01,1.513852e+02,NaN,NaN,NaN,NaN,4.062227e-02,NaN,5.063158e+06,4.446420e-03
7.337547e+03,2.574812e+03,2.553820e+03,1.322528e+04,2.160204e+04,8.376760e+03,6.136883e-01,NaN,NaN,6.349376e-03,1.323236e+16,3.942511e+19,2.335474e+20,3.112155e+16,4.636250e+20,5.863150e+18,6.687214e+20,1.614473e+02,1.004420e+01,1.514031e+02,NaN,NaN,NaN,NaN,4.061487e-02,NaN,5.066353e+06,4.454284e-03
7.351916e+03,2.573857e+03,2.552930e+03,1.317013e+04,2.154688e+04,8.376758e+03,6.126807e-01,NaN,NaN,6.358804e-03,1.327099e+16,3.935557e+19,2.336165e+20,3.126642e+16,4.636083e+20,5.879686e+18,6.690366e+20,1.614933e+02,1.007253e+01,1.514208e+02,NaN,NaN,NaN,NaN,4.060761e-02,NaN,5.069511e+06,4.462192e-03
7.366209e+03,2.572908e+03,2.552498e+03,1.314344e+04,2.152020e+04,8.376756e+03,6.121916e-01,NaN,NaN,6.363385e-03,1.328966e+16,3.932183e+19,2.336503e+20,3.133674e+16,4.636001e+20,5.887704e+18,6.691902e+20,1.615154e+02,1.008626e+01,1.514291e+02,NaN,NaN,NaN,NaN,4.060397e-02,NaN,5.071039e+06,4.470065e-03
7.373171e+03,2.572447e+03,2.552012e+03,1.311337e+04,2.149012e+04,8.376755e+03,6.116400e-01,NaN,NaN,6.368561e-03,1.331067e+16,3.928378e+19,2.336887e+20,3.141604e+16,4.635909e+20,5.896810e+18,6.693649e+20,1.615401e+02,1.010186e+01,1.514382e+02,NaN,NaN,NaN,NaN,4.059973e-02,NaN,5.072758e+06,4.473902e-03
7.380986e+03,2.571929e+03,2.551116e+03,1.305802e+04,2.143478e+04,8.376754e+03,6.106226e-01,NaN,NaN,6.378125e-03,1.334932e+16,3.921387e+19,2.337586e+20,3.156230e+16,4.635739e+20,5.913606e+18,6.696843e+20,1.615858e+02,1.013064e+01,1.514552e+02,NaN,NaN,NaN,NaN,4.059216e-02,NaN,5.075915e+06,4.478211e-03
7.395446e+03,2.570974e+03,2.550210e+03,1.300224e+04,2.137899e+04,8.376752e+03,6.095934e-01,NaN,NaN,6.387819e-03,1.338830e+16,3.914342e+19,2.338290e+20,3.171025e+16,4.635568e+20,5.930576e+18,6.700065e+20,1.616322e+02,1.015971e+01,1.514725e+02,NaN,NaN,NaN,NaN,4.058456e-02,NaN,5.079093e+06,4.486187e-03
7.410089e+03,2.570009e+03,2.549303e+03,1.294644e+04,2.132319e+04,8.376750e+03,6.085605e-01,NaN,NaN,6.397569e-03,1.342729e+16,3.907302e+19,2.338993e+20,3.185872e+16,4.635395e+20,5.947615e+18,6.703293e+20,1.616788e+02,1.018890e+01,1.514899e+02,NaN,NaN,NaN,NaN,4.057701e-02,NaN,5.082267e+06,4.494271e-03
7.424800e+03,2.569041e+03,2.548402e+03,1.289118e+04,2.126793e+04,8.376748e+03,6.075343e-01,NaN,NaN,6.407279e-03,1.346590e+16,3.900329e+19,2.339686e+20,3.200625e+16,4.635224e+20,5.964550e+18,6.706482e+20,1.617250e+02,1.021791e+01,1.515071e+02,NaN,NaN,NaN,NaN,4.056960e-02,NaN,5.085404e+06,4.502398e-03
7.439433e+03,2.568081e+03,2.547959e+03,1.286410e+04,2.124085e+04,8.376746e+03,6.070296e-01,NaN,NaN,6.412058e-03,1.348481e+16,3.896903e+19,2.340029e+20,3.207879e+16,4.635139e+20,5.972869e+18,6.708056e+20,1.617475e+02,1.023216e+01,1.515153e+02,NaN,NaN,NaN,NaN,4.056585e-02,NaN,5.086941e+06,4.510488e-03
7.446653e+03,2.567608e+03,2.547473e+03,1.283434e+04,2.121108e+04,8.376745e+03,6.064746e-01,NaN,NaN,6.417324e-03,1.350554e+16,3.893133e+19,2.340410e+20,3.215858e+16,4.635046e+20,5.982084e+18,6.709801e+20,1.617719e+02,1.024795e+01,1.515239e+02,NaN,NaN,NaN,NaN,4.056157e-02,NaN,5.088628e+06,4.514482e-03
7.454559e+03,2.567091e+03,2.546566e+03,1.277895e+04,2.115569e+04,8.376744e+03,6.054393e-01,NaN,NaN,6.427167e-03,1.354415e+16,3.886129e+19,2.341110e+20,3.230741e+16,4.634872e+20,5.999274e+18,6.713030e+20,1.618178e+02,1.027739e+01,1.515404e+02,NaN,NaN,NaN,NaN,4.055385e-02,NaN,5.091761e+06,4.518857e-03
7.469353e+03,2.566125e+03,2.545650e+03,1.272312e+04,2.109986e+04,8.376742e+03,6.043920e-01,NaN,NaN,6.437144e-03,1.358307e+16,3.879071e+19,2.341815e+20,3.245799e+16,4.634696e+20,6.016645e+18,6.716288e+20,1.618642e+02,1.030715e+01,1.515571e+02,NaN,NaN,NaN,NaN,4.054610e-02,NaN,5.094916e+06,4.527048e-03
7.484337e+03,2.565148e+03,2.544732e+03,1.266727e+04,2.104401e+04,8.376740e+03,6.033411e-01,NaN,NaN,6.447178e-03,1.362201e+16,3.872016e+19,2.342520e+20,3.260909e+16,4.634519e+20,6.034085e+18,6.719551e+20,1.619109e+02,1.033703e+01,1.515739e+02,NaN,NaN,NaN,NaN,4.053840e-02,NaN,5.098066e+06,4.535349e-03
7.499391e+03,2.564170e+03,2.543820e+03,1.261197e+04,2.098871e+04,8.376738e+03,6.022967e-01,NaN,NaN,6.457173e-03,1.366057e+16,3.865030e+19,2.343214e+20,3.275926e+16,4.634344e+20,6.051422e+18,6.722776e+20,1.619573e+02,1.036673e+01,1.515906e+02,NaN,NaN,NaN,NaN,4.053085e-02,NaN,5.101181e+06,4.543696e-03
7.514369e+03,2.563199e+03,2.543367e+03,1.258452e+04,2.096126e+04,8.376736e+03,6.017766e-01,NaN,NaN,6.462156e-03,1.367969e+16,3.861553e+19,2.343562e+20,3.283405e+16,4.634257e+20,6.060049e+18,6.724387e+20,1.619801e+02,1.038151e+01,1.515986e+02,NaN,NaN,NaN,NaN,4.052698e-02,NaN,5.102726e+06,4.552006e-03
7.521855e+03,2.562714e+03,2.542880e+03,1.255509e+04,2.093182e+04,8.376735e+03,6.012185e-01,NaN,NaN,6.467513e-03,1.370015e+16,3.857819e+19,2.343939e+20,3.291431e+16,4.634162e+20,6.069372e+18,6.726132e+20,1.620043e+02,1.039748e+01,1.516068e+02,NaN,NaN,NaN,NaN,4.052266e-02,NaN,5.104381e+06,4.556161e-03
7.529853e+03,2.562197e+03,2.541963e+03,1.249967e+04,2.087640e+04,8.376734e+03,6.001654e-01,NaN,NaN,6.477643e-03,1.373869e+16,3.850803e+19,2.344640e+20,3.306577e+16,4.633984e+20,6.086967e+18,6.729397e+20,1.620503e+02,1.042762e+01,1.516227e+02,NaN,NaN,NaN,NaN,4.051478e-02,NaN,5.107491e+06,4.560602e-03
7.544994e+03,2.561220e+03,2.541037e+03,1.244379e+04,2.082052e+04,8.376732e+03,5.990996e-01,NaN,NaN,6.487916e-03,1.377757e+16,3.843730e+19,2.345347e+20,3.321908e+16,4.633804e+20,6.104756e+18,6.732692e+20,1.620970e+02,1.045810e+01,1.516389e+02,NaN,NaN,NaN,NaN,4.050689e-02,NaN,5.110623e+06,4.569014e-03
7.560338e+03,2.560232e+03,2.540108e+03,1.238789e+04,2.076462e+04,8.376730e+03,5.980299e-01,NaN,NaN,6.498252e-03,1.381647e+16,3.836658e+19,2.346054e+20,3.337296e+16,4.633623e+20,6.122620e+18,6.735992e+20,1.621439e+02,1.048870e+01,1.516552e+02,NaN,NaN,NaN,NaN,4.049903e-02,NaN,5.113751e+06,4.577544e-03
7.575759e+03,2.559242e+03,2.539185e+03,1.233251e+04,2.070924e+04,8.376728e+03,5.969664e-01,NaN,NaN,6.508553e-03,1.385501e+16,3.829651e+19,2.346750e+20,3.352598e+16,4.633444e+20,6.140389e+18,6.739257e+20,1.621904e+02,1.051914e+01,1.516713e+02,NaN,NaN,NaN,NaN,4.049132e-02,NaN,5.116846e+06,4.586123e-03
7.591112e+03,2.558259e+03,2.538720e+03,1.230465e+04,2.068138e+04,8.376725e+03,5.964297e-01,NaN,NaN,6.513757e-03,1.387439e+16,3.826118e+19,2.347103e+20,3.360322e+16,4.633353e+20,6.149349e+18,6.740909e+20,1.622136e+02,1.053449e+01,1.516791e+02,NaN,NaN,NaN,NaN,4.048732e-02,NaN,5.118403e+06,4.594669e-03
7.598890e+03,2.557761e+03,2.538233e+03,1.227553e+04,2.065225e+04,8.376724e+03,5.958682e-01,NaN,NaN,6.519213e-03,1.389459e+16,3.822418e+19,2.347477e+20,3.368402e+16,4.633257e+20,6.158791e+18,6.742656e+20,1.622376e+02,1.055066e+01,1.516869e+02,NaN,NaN,NaN,NaN,4.048296e-02,NaN,5.120027e+06,4.599001e-03
7.606992e+03,2.557244e+03,2.537305e+03,1.222001e+04,2.059674e+04,8.376723e+03,5.947954e-01,NaN,NaN,6.529659e-03,1.393313e+16,3.815377e+19,2.348181e+20,3.383844e+16,4.633075e+20,6.176836e+18,6.745962e+20,1.622839e+02,1.058158e+01,1.517023e+02,NaN,NaN,NaN,NaN,4.047491e-02,NaN,5.123119e+06,4.603514e-03
7.622510e+03,2.556255e+03,2.536366e+03,1.216404e+04,2.054076e+04,8.376721e+03,5.937098e-01,NaN,NaN,6.540253e-03,1.397200e+16,3.808280e+19,2.348890e+20,3.399474e+16,4.632890e+20,6.195079e+18,6.749300e+20,1.623306e+02,1.061283e+01,1.517178e+02,NaN,NaN,NaN,NaN,4.046685e-02,NaN,5.126232e+06,4.612164e-03
7.638237e+03,2.555256e+03,2.535426e+03,1.210807e+04,2.048478e+04,8.376719e+03,5.926205e-01,NaN,NaN,6.550909e-03,1.401088e+16,3.801187e+19,2.349599e+20,3.415159e+16,4.632704e+20,6.213394e+18,6.752642e+20,1.623777e+02,1.064421e+01,1.517335e+02,NaN,NaN,NaN,NaN,4.045882e-02,NaN,5.129341e+06,4.620935e-03
7.654039e+03,2.554254e+03,2.534492e+03,1.205261e+04,2.042933e+04,8.376717e+03,5.915377e-01,NaN,NaN,6.561529e-03,1.404941e+16,3.794159e+19,2.350297e+20,3.430755e+16,4.632520e+20,6.231611e+18,6.755947e+20,1.624245e+02,1.067541e+01,1.517491e+02,NaN,NaN,NaN,NaN,4.045096e-02,NaN,5.132417e+06,4.629753e-03
7.669772e+03,2.553259e+03,2.534016e+03,1.202437e+04,2.040109e+04,8.376715e+03,5.909845e-01,NaN,NaN,6.566962e-03,1.406902e+16,3.790571e+19,2.350656e+20,3.438725e+16,4.632426e+20,6.240912e+18,6.757641e+20,1.624481e+02,1.069135e+01,1.517568e+02,NaN,NaN,NaN,NaN,4.044683e-02,NaN,5.133983e+06,4.638538e-03
7.677842e+03,2.552749e+03,2.533529e+03,1.199558e+04,2.037229e+04,8.376713e+03,5.904199e-01,NaN,NaN,6.572517e-03,1.408895e+16,3.786906e+19,2.351027e+20,3.446859e+16,4.632329e+20,6.250473e+18,6.759388e+20,1.624719e+02,1.070773e+01,1.517642e+02,NaN,NaN,NaN,NaN,4.044242e-02,NaN,5.135577e+06,4.643047e-03
7.686040e+03,2.552233e+03,2.532591e+03,1.194005e+04,2.031676e+04,8.376712e+03,5.893288e-01,NaN,NaN,6.583278e-03,1.412743e+16,3.779851e+19,2.351732e+20,3.462583e+16,4.632142e+20,6.268958e+18,6.762734e+20,1.625183e+02,1.073939e+01,1.517789e+02,NaN,NaN,NaN,NaN,4.043421e-02,NaN,5.138647e+06,4.647627e-03
7.701934e+03,2.551233e+03,2.531642e+03,1.188405e+04,2.026076e+04,8.376710e+03,5.882241e-01,NaN,NaN,6.594197e-03,1.416626e+16,3.772736e+19,2.352443e+20,3.478507e+16,4.631953e+20,6.287654e+18,6.766112e+20,1.625652e+02,1.077142e+01,1.517938e+02,NaN,NaN,NaN,NaN,4.042598e-02,NaN,5.141740e+06,4.656513e-03
7.718048e+03,2.550222e+03,2.530691e+03,1.182804e+04,2.020475e+04,8.376708e+03,5.871158e-01,NaN,NaN,6.605181e-03,1.420510e+16,3.765625e+19,2.353153e+20,3.494487e+16,4.631763e+20,6.306426e+18,6.769495e+20,1.626125e+02,1.080358e+01,1.518089e+02,NaN,NaN,NaN,NaN,4.041779e-02,NaN,5.144828e+06,4.665526e-03
7.734241e+03,2.549209e+03,2.529746e+03,1.177256e+04,2.014926e+04,8.376706e+03,5.860139e-01,NaN,NaN,6.616130e-03,1.424359e+16,3.758579e+19,2.353853e+20,3.510382e+16,4.631574e+20,6.325102e+18,6.772841e+20,1.626595e+02,1.083557e+01,1.518239e+02,NaN,NaN,NaN,NaN,4.040976e-02,NaN,5.147885e+06,4.674589e-03
7.750368e+03,2.548202e+03,2.529258e+03,1.174394e+04,2.012065e+04,8.376703e+03,5.854438e-01,NaN,NaN,6.621803e-03,1.426343e+16,3.754936e+19,2.354217e+20,3.518607e+16,4.631476e+20,6.334758e+18,6.774577e+20,1.626835e+02,1.085211e+01,1.518314e+02,NaN,NaN,NaN,NaN,4.040550e-02,NaN,5.149460e+06,4.683620e-03
7.758707e+03,2.547683e+03,2.528772e+03,1.171548e+04,2.009219e+04,8.376702e+03,5.848763e-01,NaN,NaN,6.627461e-03,1.428310e+16,3.751305e+19,2.354585e+20,3.526795e+16,4.631378e+20,6.344441e+18,6.776326e+20,1.627070e+02,1.086870e+01,1.518383e+02,NaN,NaN,NaN,NaN,4.040104e-02,NaN,5.151024e+06,4.688292e-03
7.766974e+03,2.547169e+03,2.527827e+03,1.166018e+04,2.003688e+04,8.376701e+03,5.837711e-01,NaN,NaN,6.638507e-03,1.432136e+16,3.744264e+19,2.355288e+20,3.542746e+16,4.631187e+20,6.363306e+18,6.779698e+20,1.627534e+02,1.090102e+01,1.518524e+02,NaN,NaN,NaN,NaN,4.039270e-02,NaN,5.154060e+06,4.692924e-03
7.783116e+03,2.546167e+03,2.526876e+03,1.160464e+04,1.998134e+04,8.376699e+03,5.826570e-01,NaN,NaN,6.649667e-03,1.435981e+16,3.737192e+19,2.355995e+20,3.558832e+16,4.630995e+20,6.382307e+18,6.783088e+20,1.628002e+02,1.093357e+01,1.518666e+02,NaN,NaN,NaN,NaN,4.038437e-02,NaN,5.157107e+06,4.701973e-03
7.799414e+03,2.545159e+03,2.525927e+03,1.154935e+04,1.992605e+04,8.376697e+03,5.815443e-01,NaN,NaN,6.660844e-03,1.439810e+16,3.730157e+19,2.356698e+20,3.574903e+16,4.630803e+20,6.401299e+18,6.786469e+20,1.628470e+02,1.096611e+01,1.518809e+02,NaN,NaN,NaN,NaN,4.037612e-02,NaN,5.160135e+06,4.711114e-03
7.815717e+03,2.544152e+03,2.524988e+03,1.149482e+04,1.987152e+04,8.376694e+03,5.804431e-01,NaN,NaN,6.671935e-03,1.443587e+16,3.723216e+19,2.357387e+20,3.590815e+16,4.630612e+20,6.420107e+18,6.789797e+20,1.628933e+02,1.099833e+01,1.518950e+02,NaN,NaN,NaN,NaN,4.036806e-02,NaN,5.163118e+06,4.720263e-03
7.831876e+03,2.543158e+03,2.524499e+03,1.146648e+04,1.984317e+04,8.376692e+03,5.798687e-01,NaN,NaN,6.677729e-03,1.445549e+16,3.719599e+19,2.357749e+20,3.599116e+16,4.630513e+20,6.429911e+18,6.791538e+20,1.629172e+02,1.101512e+01,1.519021e+02,NaN,NaN,NaN,NaN,4.036376e-02,NaN,5.164668e+06,4.729335e-03
7.840336e+03,2.542638e+03,2.524025e+03,1.143898e+04,1.981567e+04,8.376691e+03,5.793112e-01,NaN,NaN,6.683364e-03,1.447447e+16,3.716083e+19,2.358105e+20,3.607175e+16,4.630416e+20,6.439500e+18,6.793249e+20,1.629401e+02,1.103155e+01,1.519085e+02,NaN,NaN,NaN,NaN,4.035936e-02,NaN,5.166169e+06,4.734086e-03
7.848515e+03,2.542136e+03,2.523092e+03,1.138496e+04,1.976165e+04,8.376690e+03,5.782134e-01,NaN,NaN,6.694485e-03,1.451179e+16,3.709188e+19,2.358794e+20,3.623050e+16,4.630225e+20,6.458388e+18,6.796584e+20,1.629854e+02,1.106391e+01,1.519215e+02,NaN,NaN,NaN,NaN,4.035104e-02,NaN,5.169116e+06,4.738681e-03
7.864670e+03,2.541147e+03,2.522152e+03,1.133068e+04,1.970737e+04,8.376688e+03,5.771062e-01,NaN,NaN,6.705729e-03,1.454932e+16,3.702260e+19,2.359486e+20,3.639066e+16,4.630032e+20,6.477419e+18,6.799939e+20,1.630313e+02,1.109651e+01,1.519348e+02,NaN,NaN,NaN,NaN,4.034273e-02,NaN,5.172074e+06,4.747760e-03
7.880993e+03,2.540151e+03,2.521215e+03,1.127663e+04,1.965332e+04,8.376685e+03,5.760005e-01,NaN,NaN,6.716991e-03,1.458670e+16,3.695366e+19,2.360175e+20,3.655069e+16,4.629840e+20,6.496444e+18,6.803285e+20,1.630773e+02,1.112910e+01,1.519482e+02,NaN,NaN,NaN,NaN,4.033450e-02,NaN,5.175015e+06,4.756936e-03
7.897322e+03,2.539157e+03,2.520288e+03,1.122333e+04,1.960001e+04,8.376683e+03,5.749060e-01,NaN,NaN,6.728167e-03,1.462358e+16,3.688564e+19,2.360851e+20,3.670915e+16,4.629649e+20,6.515286e+18,6.806578e+20,1.631228e+02,1.116138e+01,1.519614e+02,NaN,NaN,NaN,NaN,4.032646e-02,NaN,5.177912e+06,4.766121e-03
7.913511e+03,2.538174e+03,2.519799e+03,1.119525e+04,1.957193e+04,8.376681e+03,5.743278e-01,NaN,NaN,6.734081e-03,1.464299e+16,3.684973e+19,2.361209e+20,3.679291e+16,4.629548e+20,6.525235e+18,6.808324e+20,1.631465e+02,1.117842e+01,1.519681e+02,NaN,NaN,NaN,NaN,4.032213e-02,NaN,5.179438e+06,4.775230e-03
7.922096e+03,2.537654e+03,2.519336e+03,1.116869e+04,1.954537e+04,8.376680e+03,5.737802e-01,NaN,NaN,6.739692e-03,1.466130e+16,3.681568e+19,2.361555e+20,3.687222e+16,4.629452e+20,6.534729e+18,6.809998e+20,1.631687e+02,1.119469e+01,1.519740e+02,NaN,NaN,NaN,NaN,4.031779e-02,NaN,5.180880e+06,4.780062e-03
7.930193e+03,2.537164e+03,2.518414e+03,1.111589e+04,1.949257e+04,8.376679e+03,5.726895e-01,NaN,NaN,6.750896e-03,1.469773e+16,3.674810e+19,2.362230e+20,3.703028e+16,4.629261e+20,6.553648e+18,6.813299e+20,1.632132e+02,1.122710e+01,1.519861e+02,NaN,NaN,NaN,NaN,4.030948e-02,NaN,5.183742e+06,4.784621e-03
7.946373e+03,2.536188e+03,2.517486e+03,1.106280e+04,1.943948e+04,8.376676e+03,5.715889e-01,NaN,NaN,6.762231e-03,1.473439e+16,3.668017e+19,2.362909e+20,3.718986e+16,4.629068e+20,6.572722e+18,6.816621e+20,1.632583e+02,1.125977e+01,1.519985e+02,NaN,NaN,NaN,NaN,4.030119e-02,NaN,5.186617e+06,4.793733e-03
7.962730e+03,2.535203e+03,2.516559e+03,1.100994e+04,1.938662e+04,8.376674e+03,5.704896e-01,NaN,NaN,6.773583e-03,1.477091e+16,3.661256e+19,2.363585e+20,3.734931e+16,4.628875e+20,6.591790e+18,6.819935e+20,1.633034e+02,1.129244e+01,1.520110e+02,NaN,NaN,NaN,NaN,4.029297e-02,NaN,5.189476e+06,4.802948e-03
7.979093e+03,2.534221e+03,2.515643e+03,1.095781e+04,1.933448e+04,8.376672e+03,5.694018e-01,NaN,NaN,6.784849e-03,1.480694e+16,3.654586e+19,2.364247e+20,3.750719e+16,4.628684e+20,6.610674e+18,6.823197e+20,1.633481e+02,1.132479e+01,1.520233e+02,NaN,NaN,NaN,NaN,4.028495e-02,NaN,5.192294e+06,4.812170e-03
7.995321e+03,2.533250e+03,2.515154e+03,1.093000e+04,1.930667e+04,8.376670e+03,5.688196e-01,NaN,NaN,6.790887e-03,1.482615e+16,3.651021e+19,2.364602e+20,3.759170e+16,4.628581e+20,6.620772e+18,6.824947e+20,1.633718e+02,1.134209e+01,1.520297e+02,NaN,NaN,NaN,NaN,4.028057e-02,NaN,5.193796e+06,4.821319e-03
8.004034e+03,2.532729e+03,2.514701e+03,1.090432e+04,1.928099e+04,8.376668e+03,5.682817e-01,NaN,NaN,6.796479e-03,1.484383e+16,3.647719e+19,2.364938e+20,3.766982e+16,4.628486e+20,6.630178e+18,6.826586e+20,1.633932e+02,1.135820e+01,1.520350e+02,NaN,NaN,NaN,NaN,4.027629e-02,NaN,5.195182e+06,4.826233e-03
8.012056e+03,2.532251e+03,2.513791e+03,1.085268e+04,1.922935e+04,8.376667e+03,5.671977e-01,NaN,NaN,6.807773e-03,1.487942e+16,3.641092e+19,2.365600e+20,3.782729e+16,4.628295e+20,6.649138e+18,6.829855e+20,1.634370e+02,1.139068e+01,1.520463e+02,NaN,NaN,NaN,NaN,4.026800e-02,NaN,5.197965e+06,4.830757e-03
8.028273e+03,2.531286e+03,2.512873e+03,1.080072e+04,1.917738e+04,8.376665e+03,5.661031e-01,NaN,NaN,6.819207e-03,1.491526e+16,3.634425e+19,2.366266e+20,3.798639e+16,4.628101e+20,6.668267e+18,6.833149e+20,1.634812e+02,1.142345e+01,1.520578e+02,NaN,NaN,NaN,NaN,4.025971e-02,NaN,5.200763e+06,4.839906e-03
8.044678e+03,2.530312e+03,2.511957e+03,1.074898e+04,1.912564e+04,8.376663e+03,5.650097e-01,NaN,NaN,6.830661e-03,1.495097e+16,3.627789e+19,2.366929e+20,3.814539e+16,4.627907e+20,6.687392e+18,6.836434e+20,1.635257e+02,1.145621e+01,1.520695e+02,NaN,NaN,NaN,NaN,4.025151e-02,NaN,5.203547e+06,4.849165e-03
8.061092e+03,2.529341e+03,2.511051e+03,1.069794e+04,1.907460e+04,8.376661e+03,5.639276e-01,NaN,NaN,6.842028e-03,1.498621e+16,3.621241e+19,2.367579e+20,3.830284e+16,4.627716e+20,6.706334e+18,6.839669e+20,1.635696e+02,1.148866e+01,1.520809e+02,NaN,NaN,NaN,NaN,4.024349e-02,NaN,5.206289e+06,4.858431e-03
8.077366e+03,2.528381e+03,2.510561e+03,1.067039e+04,1.904705e+04,8.376658e+03,5.633416e-01,NaN,NaN,6.848194e-03,1.500523e+16,3.617699e+19,2.367933e+20,3.838814e+16,4.627612e+20,6.716585e+18,6.841424e+20,1.635931e+02,1.150622e+01,1.520869e+02,NaN,NaN,NaN,NaN,4.023908e-02,NaN,5.207770e+06,4.867621e-03
8.086211e+03,2.527860e+03,2.510119e+03,1.064556e+04,1.902221e+04,8.376657e+03,5.628131e-01,NaN,NaN,6.853767e-03,1.502231e+16,3.614496e+19,2.368258e+20,3.846510e+16,4.627517e+20,6.725905e+18,6.843031e+20,1.636140e+02,1.152219e+01,1.520918e+02,NaN,NaN,NaN,NaN,4.023484e-02,NaN,5.209103e+06,4.872617e-03
8.094159e+03,2.527393e+03,2.509220e+03,1.059505e+04,1.897170e+04,8.376656e+03,5.617359e-01,NaN,NaN,6.865153e-03,1.505708e+16,3.607995e+19,2.368908e+20,3.862200e+16,4.627325e+20,6.744909e+18,6.846270e+20,1.636571e+02,1.155475e+01,1.521023e+02,NaN,NaN,NaN,NaN,4.022656e-02,NaN,5.211810e+06,4.877106e-03
8.110414e+03,2.526439e+03,2.508312e+03,1.054418e+04,1.892084e+04,8.376654e+03,5.606474e-01,NaN,NaN,6.876689e-03,1.509213e+16,3.601450e+19,2.369562e+20,3.878065e+16,4.627131e+20,6.764094e+18,6.849535e+20,1.637006e+02,1.158761e+01,1.521130e+02,NaN,NaN,NaN,NaN,4.021829e-02,NaN,5.214535e+06,4.886291e-03
8.126870e+03,2.525476e+03,2.507406e+03,1.049353e+04,1.887018e+04,8.376651e+03,5.595600e-01,NaN,NaN,6.888247e-03,1.512706e+16,3.594934e+19,2.370213e+20,3.893921e+16,4.626937e+20,6.783277e+18,6.852792e+20,1.637443e+02,1.162048e+01,1.521238e+02,NaN,NaN,NaN,NaN,4.021009e-02,NaN,5.217246e+06,4.895591e-03
8.143339e+03,2.524516e+03,2.506511e+03,1.044355e+04,1.882020e+04,8.376649e+03,5.584837e-01,NaN,NaN,6.899720e-03,1.516153e+16,3.588503e+19,2.370851e+20,3.909627e+16,4.626745e+20,6.802281e+18,6.856001e+20,1.637874e+02,1.165303e+01,1.521344e+02,NaN,NaN,NaN,NaN,4.020209e-02,NaN,5.219918e+06,4.904901e-03
8.159667e+03,2.523566e+03,2.506020e+03,1.041625e+04,1.879289e+04,8.376647e+03,5.578939e-01,NaN,NaN,6.906017e-03,1.518037e+16,3.584983e+19,2.371202e+20,3.918237e+16,4.626639e+20,6.812689e+18,6.857762e+20,1.638110e+02,1.167086e+01,1.521401e+02,NaN,NaN,NaN,NaN,4.019763e-02,NaN,5.221377e+06,4.914134e-03
8.168649e+03,2.523045e+03,2.505589e+03,1.039222e+04,1.876886e+04,8.376646e+03,5.573744e-01,NaN,NaN,6.911576e-03,1.519687e+16,3.581875e+19,2.371519e+20,3.925822e+16,4.626545e+20,6.821928e+18,6.859338e+20,1.638312e+02,1.168669e+01,1.521445e+02,NaN,NaN,NaN,NaN,4.019344e-02,NaN,5.222660e+06,4.919213e-03
8.176529e+03,2.522589e+03,2.504700e+03,1.034278e+04,1.871943e+04,8.376645e+03,5.563036e-01,NaN,NaN,6.923061e-03,1.523087e+16,3.575493e+19,2.372156e+20,3.941465e+16,4.626353e+20,6.840985e+18,6.862549e+20,1.638734e+02,1.171934e+01,1.521541e+02,NaN,NaN,NaN,NaN,4.018517e-02,NaN,5.225297e+06,4.923670e-03
8.192833e+03,2.521646e+03,2.503802e+03,1.029296e+04,1.866961e+04,8.376642e+03,5.552208e-01,NaN,NaN,6.934707e-03,1.526518e+16,3.569063e+19,2.372799e+20,3.957293e+16,4.626159e+20,6.860237e+18,6.865790e+20,1.639163e+02,1.175232e+01,1.521640e+02,NaN,NaN,NaN,NaN,4.017690e-02,NaN,5.227952e+06,4.932893e-03
8.209348e+03,2.520694e+03,2.502906e+03,1.024335e+04,1.861999e+04,8.376640e+03,5.541393e-01,NaN,NaN,6.946374e-03,1.529936e+16,3.562661e+19,2.373439e+20,3.973113e+16,4.625963e+20,6.879486e+18,6.869022e+20,1.639593e+02,1.178529e+01,1.521740e+02,NaN,NaN,NaN,NaN,4.016872e-02,NaN,5.230594e+06,4.942238e-03
8.225876e+03,2.519744e+03,2.502020e+03,1.019440e+04,1.857104e+04,8.376638e+03,5.530687e-01,NaN,NaN,6.957955e-03,1.533310e+16,3.556344e+19,2.374066e+20,3.988782e+16,4.625771e+20,6.898554e+18,6.872205e+20,1.640019e+02,1.181796e+01,1.521839e+02,NaN,NaN,NaN,NaN,4.016071e-02,NaN,5.233199e+06,4.951591e-03
8.242266e+03,2.518805e+03,2.501529e+03,1.016734e+04,1.854398e+04,8.376636e+03,5.524751e-01,NaN,NaN,6.964389e-03,1.535175e+16,3.552844e+19,2.374415e+20,3.997475e+16,4.625663e+20,6.909121e+18,6.873973e+20,1.640253e+02,1.183606e+01,1.521892e+02,NaN,NaN,NaN,NaN,4.015621e-02,NaN,5.234639e+06,4.960868e-03
8.251388e+03,2.518283e+03,2.501107e+03,1.014409e+04,1.852072e+04,8.376634e+03,5.519646e-01,NaN,NaN,6.969934e-03,1.536771e+16,3.549827e+19,2.374722e+20,4.004952e+16,4.625570e+20,6.918281e+18,6.875519e+20,1.640450e+02,1.185175e+01,1.521932e+02,NaN,NaN,NaN,NaN,4.015208e-02,NaN,5.235874e+06,4.966032e-03
8.259204e+03,2.517837e+03,2.500229e+03,1.009568e+04,1.847232e+04,8.376633e+03,5.509001e-01,NaN,NaN,6.981525e-03,1.540097e+16,3.543558e+19,2.375348e+20,4.020552e+16,4.625378e+20,6.937397e+18,6.878705e+20,1.640865e+02,1.188450e+01,1.522020e+02,NaN,NaN,NaN,NaN,4.014381e-02,NaN,5.238443e+06,4.970456e-03
8.275561e+03,2.516906e+03,2.499341e+03,1.004688e+04,1.842351e+04,8.376631e+03,5.498230e-01,NaN,NaN,6.993284e-03,1.543455e+16,3.537239e+19,2.375980e+20,4.036346e+16,4.625182e+20,6.956717e+18,6.881921e+20,1.641287e+02,1.191760e+01,1.522111e+02,NaN,NaN,NaN,NaN,4.013555e-02,NaN,5.241033e+06,4.979717e-03
8.292144e+03,2.515964e+03,2.498454e+03,9.998264e+03,1.837489e+04,8.376629e+03,5.487469e-01,NaN,NaN,7.005068e-03,1.546802e+16,3.530947e+19,2.376609e+20,4.052137e+16,4.624986e+20,6.976040e+18,6.885130e+20,1.641711e+02,1.195070e+01,1.522204e+02,NaN,NaN,NaN,NaN,4.012736e-02,NaN,5.243610e+06,4.989108e-03
8.308744e+03,2.515024e+03,2.497578e+03,9.950289e+03,1.832692e+04,8.376626e+03,5.476816e-01,NaN,NaN,7.016768e-03,1.550106e+16,3.524735e+19,2.377225e+20,4.067779e+16,4.624793e+20,6.995184e+18,6.888291e+20,1.642130e+02,1.198349e+01,1.522295e+02,NaN,NaN,NaN,NaN,4.011936e-02,NaN,5.246151e+06,4.998508e-03
8.325206e+03,2.514094e+03,2.497087e+03,9.923464e+03,1.830009e+04,8.376624e+03,5.470842e-01,NaN,NaN,7.023342e-03,1.551954e+16,3.521255e+19,2.377572e+20,4.076556e+16,4.624684e+20,7.005914e+18,6.890067e+20,1.642364e+02,1.200188e+01,1.522345e+02,NaN,NaN,NaN,NaN,4.011482e-02,NaN,5.247572e+06,5.007833e-03
8.334474e+03,2.513572e+03,2.496674e+03,9.900938e+03,1.827756e+04,8.376623e+03,5.465821e-01,NaN,NaN,7.028878e-03,1.553499e+16,3.518323e+19,2.377871e+20,4.083934e+16,4.624592e+20,7.015004e+18,6.891585e+20,1.642555e+02,1.201745e+01,1.522381e+02,NaN,NaN,NaN,NaN,4.011072e-02,NaN,5.248763e+06,5.013082e-03
8.342233e+03,2.513136e+03,2.495805e+03,9.853523e+03,1.823015e+04,8.376622e+03,5.455235e-01,NaN,NaN,7.040581e-03,1.556754e+16,3.512162e+19,2.378486e+20,4.099499e+16,4.624398e+20,7.034188e+18,6.894747e+20,1.642964e+02,1.205031e+01,1.522461e+02,NaN,NaN,NaN,NaN,4.010246e-02,NaN,5.251269e+06,5.017477e-03
8.358653e+03,2.512215e+03,2.494927e+03,9.805682e+03,1.818230e+04,8.376619e+03,5.444517e-01,NaN,NaN,7.052462e-03,1.560044e+16,3.505947e+19,2.379107e+20,4.115269e+16,4.624202e+20,7.053588e+18,6.897941e+20,1.643381e+02,1.208355e+01,1.522545e+02,NaN,NaN,NaN,NaN,4.009420e-02,NaN,5.253796e+06,5.026779e-03
8.375311e+03,2.511283e+03,2.494050e+03,9.758031e+03,1.813465e+04,8.376617e+03,5.433811e-01,NaN,NaN,7.064368e-03,1.563323e+16,3.499759e+19,2.379726e+20,4.131034e+16,4.624006e+20,7.072988e+18,6.901129e+20,1.643798e+02,1.211678e+01,1.522630e+02,NaN,NaN,NaN,NaN,4.008601e-02,NaN,5.256311e+06,5.036217e-03
8.391989e+03,2.510353e+03,2.493182e+03,9.710992e+03,1.808761e+04,8.376615e+03,5.423209e-01,NaN,NaN,7.076193e-03,1.566560e+16,3.493649e+19,2.380332e+20,4.146654e+16,4.623811e+20,7.092213e+18,6.904270e+20,1.644210e+02,1.214972e+01,1.522713e+02,NaN,NaN,NaN,NaN,4.007801e-02,NaN,5.258792e+06,5.045666e-03
8.408532e+03,2.509433e+03,2.492691e+03,9.684395e+03,1.806101e+04,8.376613e+03,5.417197e-01,NaN,NaN,7.082912e-03,1.568391e+16,3.490189e+19,2.380677e+20,4.155518e+16,4.623701e+20,7.103110e+18,6.906054e+20,1.644444e+02,1.216838e+01,1.522760e+02,NaN,NaN,NaN,NaN,4.007342e-02,NaN,5.260195e+06,5.055039e-03
8.417949e+03,2.508911e+03,2.492287e+03,9.662570e+03,1.803918e+04,8.376611e+03,5.412260e-01,NaN,NaN,7.088441e-03,1.569886e+16,3.487338e+19,2.380967e+20,4.162798e+16,4.623609e+20,7.112131e+18,6.907545e+20,1.644630e+02,1.218384e+01,1.522792e+02,NaN,NaN,NaN,NaN,4.006937e-02,NaN,5.261344e+06,5.060375e-03
8.425653e+03,2.508484e+03,2.491428e+03,9.616109e+03,1.799272e+04,8.376610e+03,5.401732e-01,NaN,NaN,7.100262e-03,1.573074e+16,3.481280e+19,2.381573e+20,4.178333e+16,4.623415e+20,7.131386e+18,6.910685e+20,1.645033e+02,1.221682e+01,1.522865e+02,NaN,NaN,NaN,NaN,4.006111e-02,NaN,5.263790e+06,5.064740e-03
8.442149e+03,2.507572e+03,2.490558e+03,9.569180e+03,1.794579e+04,8.376608e+03,5.391062e-01,NaN,NaN,7.112275e-03,1.576298e+16,3.475164e+19,2.382184e+20,4.194088e+16,4.623218e+20,7.150877e+18,6.913861e+20,1.645443e+02,1.225021e+01,1.522941e+02,NaN,NaN,NaN,NaN,4.005284e-02,NaN,5.266258e+06,5.074088e-03
8.458899e+03,2.506650e+03,2.489690e+03,9.522430e+03,1.789903e+04,8.376606e+03,5.380402e-01,NaN,NaN,7.124316e-03,1.579513e+16,3.469073e+19,2.382793e+20,4.209840e+16,4.623020e+20,7.170371e+18,6.917029e+20,1.645855e+02,1.228361e+01,1.523019e+02,NaN,NaN,NaN,NaN,4.004465e-02,NaN,5.268716e+06,5.083579e-03
8.475666e+03,2.505729e+03,2.488831e+03,9.476293e+03,1.785290e+04,8.376603e+03,5.369849e-01,NaN,NaN,7.136272e-03,1.582687e+16,3.463059e+19,2.383389e+20,4.225446e+16,4.622825e+20,7.189686e+18,6.920152e+20,1.646263e+02,1.231670e+01,1.523096e+02,NaN,NaN,NaN,NaN,4.003664e-02,NaN,5.271139e+06,5.093079e-03
8.492298e+03,2.504818e+03,2.488339e+03,9.449918e+03,1.782652e+04,8.376601e+03,5.363798e-01,NaN,NaN,7.143141e-03,1.584502e+16,3.459616e+19,2.383732e+20,4.234398e+16,4.622713e+20,7.200753e+18,6.921943e+20,1.646496e+02,1.233566e+01,1.523139e+02,NaN,NaN,NaN,NaN,4.003201e-02,NaN,5.272525e+06,5.102503e-03
8.501870e+03,2.504295e+03,2.487945e+03,9.428760e+03,1.780536e+04,8.376600e+03,5.358942e-01,NaN,NaN,7.148667e-03,1.585950e+16,3.456843e+19,2.384015e+20,4.241586e+16,4.622622e+20,7.209710e+18,6.923409e+20,1.646677e+02,1.235100e+01,1.523167e+02,NaN,NaN,NaN,NaN,4.002800e-02,NaN,5.273635e+06,5.107927e-03
8.509525e+03,2.503878e+03,2.487094e+03,9.383213e+03,1.775981e+04,8.376599e+03,5.348469e-01,NaN,NaN,7.160613e-03,1.589073e+16,3.450883e+19,2.384611e+20,4.257097e+16,4.622427e+20,7.229045e+18,6.926530e+20,1.647074e+02,1.238412e+01,1.523233e+02,NaN,NaN,NaN,NaN,4.001973e-02,NaN,5.276023e+06,5.112264e-03
8.526097e+03,2.502976e+03,2.486233e+03,9.337182e+03,1.771378e+04,8.376596e+03,5.337851e-01,NaN,NaN,7.172761e-03,1.592233e+16,3.444864e+19,2.385212e+20,4.272834e+16,4.622229e+20,7.248623e+18,6.929687e+20,1.647479e+02,1.241766e+01,1.523302e+02,NaN,NaN,NaN,NaN,4.001146e-02,NaN,5.278435e+06,5.121654e-03
8.542942e+03,2.502063e+03,2.485374e+03,9.291311e+03,1.766790e+04,8.376594e+03,5.327237e-01,NaN,NaN,7.184941e-03,1.595386e+16,3.438867e+19,2.385812e+20,4.288576e+16,4.622030e+20,7.268213e+18,6.932838e+20,1.647885e+02,1.245122e+01,1.523373e+02,NaN,NaN,NaN,NaN,4.000327e-02,NaN,5.280837e+06,5.131197e-03
8.559806e+03,2.501151e+03,2.484523e+03,9.246036e+03,1.762263e+04,8.376592e+03,5.316731e-01,NaN,NaN,7.197036e-03,1.598498e+16,3.432945e+19,2.386399e+20,4.304172e+16,4.621834e+20,7.287624e+18,6.935944e+20,1.648287e+02,1.248448e+01,1.523442e+02,NaN,NaN,NaN,NaN,3.999525e-02,NaN,5.283206e+06,5.140751e-03
8.576538e+03,2.500249e+03,2.484031e+03,9.219876e+03,1.759647e+04,8.376589e+03,5.310642e-01,NaN,NaN,7.204060e-03,1.600297e+16,3.429519e+19,2.386740e+20,4.313215e+16,4.621720e+20,7.298865e+18,6.937745e+20,1.648519e+02,1.250373e+01,1.523482e+02,NaN,NaN,NaN,NaN,3.999058e-02,NaN,5.284576e+06,5.150229e-03
8.586269e+03,2.499726e+03,2.483645e+03,9.199355e+03,1.757594e+04,8.376588e+03,5.305863e-01,NaN,NaN,7.209585e-03,1.601701e+16,3.426820e+19,2.387016e+20,4.320315e+16,4.621630e+20,7.307762e+18,6.939186e+20,1.648697e+02,1.251897e+01,1.523507e+02,NaN,NaN,NaN,NaN,3.998661e-02,NaN,5.285648e+06,5.155741e-03
8.593889e+03,2.499317e+03,2.482803e+03,9.154663e+03,1.753125e+04,8.376587e+03,5.295438e-01,NaN,NaN,7.221670e-03,1.604763e+16,3.420952e+19,2.387602e+20,4.335814e+16,4.621434e+20,7.327192e+18,6.942290e+20,1.649089e+02,1.255226e+01,1.523566e+02,NaN,NaN,NaN,NaN,3.997832e-02,NaN,5.287983e+06,5.160056e-03
8.610556e+03,2.498424e+03,2.481950e+03,9.109472e+03,1.748606e+04,8.376585e+03,5.284862e-01,NaN,NaN,7.233967e-03,1.607864e+16,3.415021e+19,2.388195e+20,4.351551e+16,4.621235e+20,7.346878e+18,6.945432e+20,1.649488e+02,1.258598e+01,1.523628e+02,NaN,NaN,NaN,NaN,3.997005e-02,NaN,5.290342e+06,5.169496e-03
8.627505e+03,2.497519e+03,2.481099e+03,9.064447e+03,1.744103e+04,8.376582e+03,5.274294e-01,NaN,NaN,7.246293e-03,1.610957e+16,3.409114e+19,2.388785e+20,4.367286e+16,4.621035e+20,7.366569e+18,6.948567e+20,1.649889e+02,1.261972e+01,1.523692e+02,NaN,NaN,NaN,NaN,3.996184e-02,NaN,5.292692e+06,5.179094e-03
8.644477e+03,2.496616e+03,2.480257e+03,9.019999e+03,1.739658e+04,8.376580e+03,5.263831e-01,NaN,NaN,7.258536e-03,1.614011e+16,3.403280e+19,2.389364e+20,4.382879e+16,4.620838e+20,7.386084e+18,6.951658e+20,1.650286e+02,1.265315e+01,1.523755e+02,NaN,NaN,NaN,NaN,3.995382e-02,NaN,5.295010e+06,5.188703e-03
8.661317e+03,2.495723e+03,2.479764e+03,8.994046e+03,1.737062e+04,8.376578e+03,5.257705e-01,NaN,NaN,7.265720e-03,1.615795e+16,3.399870e+19,2.389703e+20,4.392015e+16,4.620722e+20,7.397501e+18,6.953468e+20,1.650518e+02,1.267271e+01,1.523791e+02,NaN,NaN,NaN,NaN,3.994909e-02,NaN,5.296363e+06,5.198237e-03
8.671214e+03,2.495199e+03,2.479386e+03,8.974131e+03,1.735071e+04,8.376576e+03,5.253001e-01,NaN,NaN,7.271249e-03,1.617156e+16,3.397241e+19,2.389972e+20,4.399032e+16,4.620632e+20,7.406344e+18,6.954886e+20,1.650692e+02,1.268785e+01,1.523813e+02,NaN,NaN,NaN,NaN,3.994516e-02,NaN,5.297400e+06,5.203839e-03
8.678793e+03,2.494799e+03,2.478553e+03,8.930288e+03,1.730686e+04,8.376575e+03,5.242628e-01,NaN,NaN,7.283474e-03,1.620157e+16,3.391463e+19,2.390550e+20,4.414516e+16,4.620436e+20,7.425864e+18,6.957974e+20,1.651077e+02,1.272130e+01,1.523864e+02,NaN,NaN,NaN,NaN,3.993687e-02,NaN,5.299682e+06,5.208128e-03
8.695560e+03,2.493915e+03,2.477708e+03,8.885912e+03,1.726249e+04,8.376573e+03,5.232094e-01,NaN,NaN,7.295924e-03,1.623201e+16,3.385619e+19,2.391134e+20,4.430252e+16,4.620236e+20,7.445659e+18,6.961101e+20,1.651472e+02,1.275521e+01,1.523920e+02,NaN,NaN,NaN,NaN,3.992858e-02,NaN,5.301992e+06,5.217617e-03
8.712623e+03,2.493019e+03,2.476864e+03,8.841699e+03,1.721827e+04,8.376571e+03,5.221569e-01,NaN,NaN,7.308405e-03,1.626236e+16,3.379798e+19,2.391715e+20,4.445987e+16,4.620035e+20,7.465459e+18,6.964222e+20,1.651869e+02,1.278913e+01,1.523978e+02,NaN,NaN,NaN,NaN,3.992036e-02,NaN,5.304291e+06,5.227272e-03
8.729709e+03,2.492124e+03,2.476030e+03,8.798053e+03,1.717462e+04,8.376568e+03,5.211149e-01,NaN,NaN,7.320802e-03,1.629234e+16,3.374049e+19,2.392286e+20,4.461580e+16,4.619837e+20,7.485081e+18,6.967299e+20,1.652261e+02,1.282274e+01,1.524034e+02,NaN,NaN,NaN,NaN,3.991233e-02,NaN,5.306559e+06,5.236937e-03
8.746664e+03,2.491239e+03,2.475537e+03,8.772308e+03,1.714887e+04,8.376566e+03,5.204985e-01,NaN,NaN,7.328151e-03,1.631003e+16,3.370653e+19,2.392623e+20,4.470810e+16,4.619719e+20,7.496679e+18,6.969119e+20,1.652493e+02,1.284261e+01,1.524067e+02,NaN,NaN,NaN,NaN,3.990756e-02,NaN,5.307898e+06,5.246527e-03
8.756731e+03,2.490715e+03,2.475167e+03,8.752985e+03,1.712955e+04,8.376564e+03,5.200356e-01,NaN,NaN,7.333684e-03,1.632323e+16,3.368093e+19,2.392886e+20,4.477743e+16,4.619630e+20,7.505465e+18,6.970515e+20,1.652662e+02,1.285766e+01,1.524085e+02,NaN,NaN,NaN,NaN,3.990366e-02,NaN,5.308901e+06,5.252220e-03
8.764274e+03,2.490323e+03,2.474343e+03,8.709959e+03,1.708652e+04,8.376563e+03,5.190032e-01,NaN,NaN,7.346055e-03,1.635266e+16,3.362403e+19,2.393454e+20,4.493216e+16,4.619432e+20,7.525081e+18,6.973587e+20,1.653043e+02,1.289126e+01,1.524130e+02,NaN,NaN,NaN,NaN,3.989536e-02,NaN,5.311133e+06,5.256484e-03
8.781146e+03,2.489448e+03,2.473505e+03,8.666374e+03,1.704294e+04,8.376561e+03,5.179541e-01,NaN,NaN,7.358666e-03,1.638254e+16,3.356642e+19,2.394030e+20,4.508955e+16,4.619231e+20,7.544988e+18,6.976700e+20,1.653434e+02,1.292537e+01,1.524180e+02,NaN,NaN,NaN,NaN,3.988706e-02,NaN,5.313394e+06,5.266023e-03
8.798334e+03,2.488560e+03,2.472670e+03,8.622935e+03,1.699949e+04,8.376559e+03,5.169056e-01,NaN,NaN,7.371311e-03,1.641234e+16,3.350902e+19,2.394603e+20,4.524696e+16,4.619029e+20,7.564904e+18,6.979810e+20,1.653825e+02,1.295949e+01,1.524230e+02,NaN,NaN,NaN,NaN,3.987883e-02,NaN,5.315646e+06,5.275736e-03
8.815548e+03,2.487673e+03,2.471843e+03,8.580051e+03,1.695661e+04,8.376556e+03,5.158675e-01,NaN,NaN,7.383874e-03,1.644177e+16,3.345233e+19,2.395166e+20,4.540297e+16,4.618830e+20,7.584644e+18,6.982874e+20,1.654213e+02,1.299330e+01,1.524280e+02,NaN,NaN,NaN,NaN,3.987078e-02,NaN,5.317868e+06,5.285463e-03
8.832632e+03,2.486796e+03,2.471350e+03,8.554505e+03,1.693106e+04,8.376554e+03,5.152473e-01,NaN,NaN,7.391395e-03,1.645932e+16,3.341852e+19,2.395502e+20,4.549623e+16,4.618710e+20,7.596427e+18,6.984704e+20,1.654445e+02,1.301349e+01,1.524310e+02,NaN,NaN,NaN,NaN,3.986596e-02,NaN,5.319192e+06,5.295113e-03
8.842876e+03,2.486272e+03,2.470987e+03,8.535733e+03,1.691229e+04,8.376553e+03,5.147913e-01,NaN,NaN,7.396938e-03,1.647214e+16,3.339356e+19,2.395758e+20,4.556481e+16,4.618621e+20,7.605166e+18,6.986081e+20,1.654610e+02,1.302846e+01,1.524325e+02,NaN,NaN,NaN,NaN,3.986210e-02,NaN,5.320163e+06,5.300898e-03
8.850384e+03,2.485888e+03,2.470171e+03,8.493504e+03,1.687006e+04,8.376552e+03,5.137640e-01,NaN,NaN,7.409461e-03,1.650100e+16,3.333750e+19,2.396318e+20,4.571946e+16,4.618423e+20,7.624880e+18,6.989138e+20,1.654986e+02,1.306223e+01,1.524364e+02,NaN,NaN,NaN,NaN,3.985378e-02,NaN,5.322347e+06,5.305136e-03
8.867369e+03,2.485022e+03,2.469341e+03,8.450686e+03,1.682724e+04,8.376549e+03,5.127190e-01,NaN,NaN,7.422239e-03,1.653034e+16,3.328069e+19,2.396886e+20,4.587690e+16,4.618220e+20,7.644904e+18,6.992239e+20,1.655372e+02,1.309653e+01,1.524407e+02,NaN,NaN,NaN,NaN,3.984547e-02,NaN,5.324562e+06,5.314725e-03
8.884686e+03,2.484142e+03,2.468513e+03,8.408014e+03,1.678456e+04,8.376547e+03,5.116747e-01,NaN,NaN,7.435053e-03,1.655960e+16,3.322410e+19,2.397451e+20,4.603437e+16,4.618017e+20,7.664936e+18,6.995336e+20,1.655760e+02,1.313085e+01,1.524451e+02,NaN,NaN,NaN,NaN,3.983723e-02,NaN,5.326767e+06,5.324498e-03
8.902031e+03,2.483263e+03,2.467694e+03,8.365881e+03,1.674243e+04,8.376544e+03,5.106406e-01,NaN,NaN,7.447784e-03,1.658851e+16,3.316819e+19,2.398006e+20,4.619045e+16,4.617817e+20,7.684793e+18,6.998388e+20,1.656144e+02,1.316487e+01,1.524495e+02,NaN,NaN,NaN,NaN,3.982916e-02,NaN,5.328944e+06,5.334282e-03
8.919247e+03,2.482394e+03,2.467200e+03,8.340529e+03,1.671707e+04,8.376542e+03,5.100166e-01,NaN,NaN,7.455483e-03,1.660591e+16,3.313452e+19,2.398340e+20,4.628469e+16,4.617695e+20,7.696764e+18,7.000230e+20,1.656375e+02,1.318538e+01,1.524521e+02,NaN,NaN,NaN,NaN,3.982429e-02,NaN,5.330254e+06,5.343991e-03
8.929675e+03,2.481869e+03,2.466845e+03,8.322302e+03,1.669884e+04,8.376541e+03,5.095678e-01,NaN,NaN,7.461035e-03,1.661835e+16,3.311019e+19,2.398590e+20,4.635249e+16,4.617606e+20,7.705451e+18,7.001585e+20,1.656536e+02,1.320026e+01,1.524533e+02,NaN,NaN,NaN,NaN,3.982047e-02,NaN,5.331195e+06,5.349870e-03
8.937154e+03,2.481493e+03,2.466037e+03,8.280831e+03,1.665737e+04,8.376540e+03,5.085452e-01,NaN,NaN,7.473721e-03,1.664667e+16,3.305493e+19,2.399142e+20,4.650711e+16,4.617407e+20,7.725271e+18,7.004630e+20,1.656907e+02,1.323421e+01,1.524565e+02,NaN,NaN,NaN,NaN,3.981213e-02,NaN,5.333333e+06,5.354085e-03
8.954255e+03,2.480635e+03,2.465215e+03,8.238765e+03,1.661530e+04,8.376537e+03,5.075045e-01,NaN,NaN,7.486671e-03,1.667548e+16,3.299892e+19,2.399702e+20,4.666460e+16,4.617204e+20,7.745410e+18,7.007719e+20,1.657289e+02,1.326871e+01,1.524602e+02,NaN,NaN,NaN,NaN,3.980381e-02,NaN,5.335502e+06,5.363722e-03
8.971706e+03,2.479763e+03,2.464395e+03,8.196840e+03,1.657337e+04,8.376535e+03,5.064644e-01,NaN,NaN,7.499658e-03,1.670421e+16,3.294311e+19,2.400260e+20,4.682213e+16,4.616999e+20,7.765559e+18,7.010804e+20,1.657672e+02,1.330323e+01,1.524640e+02,NaN,NaN,NaN,NaN,3.979555e-02,NaN,5.337663e+06,5.373552e-03
8.989186e+03,2.478893e+03,2.463584e+03,8.155441e+03,1.653197e+04,8.376532e+03,5.054345e-01,NaN,NaN,7.512564e-03,1.673260e+16,3.288797e+19,2.400806e+20,4.697827e+16,4.616798e+20,7.785533e+18,7.013846e+20,1.658053e+02,1.333745e+01,1.524678e+02,NaN,NaN,NaN,NaN,3.978747e-02,NaN,5.339796e+06,5.383394e-03
9.006540e+03,2.478031e+03,2.463089e+03,8.130277e+03,1.650681e+04,8.376530e+03,5.048067e-01,NaN,NaN,7.520448e-03,1.674987e+16,3.285443e+19,2.401139e+20,4.707352e+16,4.616674e+20,7.797696e+18,7.015699e+20,1.658284e+02,1.335828e+01,1.524701e+02,NaN,NaN,NaN,NaN,3.978255e-02,NaN,5.341093e+06,5.393161e-03
9.017158e+03,2.477506e+03,2.462742e+03,8.112583e+03,1.648911e+04,8.376529e+03,5.043651e-01,NaN,NaN,7.526009e-03,1.676193e+16,3.283073e+19,2.401383e+20,4.714053e+16,4.616586e+20,7.806329e+18,7.017034e+20,1.658441e+02,1.337307e+01,1.524710e+02,NaN,NaN,NaN,NaN,3.977876e-02,NaN,5.342004e+06,5.399135e-03
9.024605e+03,2.477138e+03,2.461942e+03,8.071872e+03,1.644840e+04,8.376528e+03,5.033476e-01,NaN,NaN,7.538858e-03,1.678972e+16,3.277627e+19,2.401927e+20,4.729509e+16,4.616386e+20,7.826251e+18,7.020064e+20,1.658808e+02,1.340720e+01,1.524736e+02,NaN,NaN,NaN,NaN,3.977042e-02,NaN,5.344097e+06,5.403323e-03
9.041831e+03,2.476289e+03,2.461128e+03,8.030531e+03,1.640706e+04,8.376525e+03,5.023110e-01,NaN,NaN,7.551989e-03,1.681801e+16,3.272101e+19,2.402480e+20,4.745267e+16,4.616181e+20,7.846511e+18,7.023143e+20,1.659185e+02,1.344191e+01,1.524766e+02,NaN,NaN,NaN,NaN,3.976207e-02,NaN,5.346223e+06,5.413010e-03
9.059424e+03,2.475425e+03,2.460315e+03,7.989332e+03,1.636585e+04,8.376523e+03,5.012751e-01,NaN,NaN,7.565157e-03,1.684623e+16,3.266596e+19,2.403030e+20,4.761028e+16,4.615975e+20,7.866781e+18,7.026218e+20,1.659564e+02,1.347663e+01,1.524798e+02,NaN,NaN,NaN,NaN,3.975380e-02,NaN,5.348341e+06,5.422897e-03
9.077048e+03,2.474562e+03,2.459511e+03,7.948644e+03,1.632516e+04,8.376520e+03,5.002493e-01,NaN,NaN,7.578245e-03,1.687411e+16,3.261157e+19,2.403569e+20,4.776653e+16,4.615773e+20,7.886876e+18,7.029250e+20,1.659941e+02,1.351106e+01,1.524830e+02,NaN,NaN,NaN,NaN,3.974571e-02,NaN,5.350432e+06,5.432798e-03
9.094549e+03,2.473708e+03,2.459016e+03,7.923659e+03,1.630018e+04,8.376518e+03,4.996177e-01,NaN,NaN,7.586323e-03,1.689125e+16,3.257815e+19,2.403901e+20,4.786279e+16,4.615647e+20,7.899234e+18,7.031114e+20,1.660172e+02,1.353223e+01,1.524850e+02,NaN,NaN,NaN,NaN,3.974074e-02,NaN,5.351716e+06,5.442625e-03
9.105364e+03,2.473182e+03,2.458676e+03,7.906478e+03,1.628299e+04,8.376516e+03,4.991831e-01,NaN,NaN,7.591895e-03,1.690296e+16,3.255504e+19,2.404139e+20,4.792904e+16,4.615559e+20,7.907815e+18,7.032430e+20,1.660326e+02,1.354693e+01,1.524857e+02,NaN,NaN,NaN,NaN,3.973699e-02,NaN,5.352598e+06,5.448696e-03
9.112783e+03,2.472822e+03,2.457884e+03,7.866496e+03,1.624301e+04,8.376515e+03,4.981705e-01,NaN,NaN,7.604917e-03,1.693022e+16,3.250135e+19,2.404675e+20,4.808357e+16,4.615358e+20,7.927844e+18,7.035448e+20,1.660688e+02,1.358124e+01,1.524876e+02,NaN,NaN,NaN,NaN,3.972862e-02,NaN,5.354649e+06,5.452858e-03
9.130140e+03,2.471981e+03,2.457077e+03,7.825860e+03,1.620237e+04,8.376513e+03,4.971379e-01,NaN,NaN,7.618236e-03,1.695802e+16,3.244684e+19,2.405220e+20,4.824127e+16,4.615152e+20,7.948229e+18,7.038518e+20,1.661062e+02,1.361616e+01,1.524900e+02,NaN,NaN,NaN,NaN,3.972027e-02,NaN,5.356734e+06,5.462594e-03
9.147885e+03,2.471125e+03,2.456271e+03,7.785354e+03,1.616186e+04,8.376510e+03,4.961060e-01,NaN,NaN,7.631597e-03,1.698575e+16,3.239251e+19,2.405763e+20,4.839903e+16,4.614945e+20,7.968627e+18,7.041584e+20,1.661437e+02,1.365111e+01,1.524926e+02,NaN,NaN,NaN,NaN,3.971198e-02,NaN,5.358811e+06,5.472543e-03
9.165665e+03,2.470269e+03,2.455474e+03,7.745340e+03,1.612185e+04,8.376508e+03,4.950837e-01,NaN,NaN,7.644880e-03,1.701315e+16,3.233881e+19,2.406295e+20,4.855546e+16,4.614741e+20,7.988854e+18,7.044607e+20,1.661810e+02,1.368576e+01,1.524952e+02,NaN,NaN,NaN,NaN,3.970386e-02,NaN,5.360862e+06,5.482507e-03
9.183318e+03,2.469423e+03,2.454979e+03,7.720538e+03,1.609704e+04,8.376506e+03,4.944483e-01,NaN,NaN,7.653157e-03,1.703016e+16,3.230551e+19,2.406626e+20,4.865277e+16,4.614614e+20,8.001413e+18,7.046483e+20,1.662042e+02,1.370727e+01,1.524969e+02,NaN,NaN,NaN,NaN,3.969884e-02,NaN,5.362134e+06,5.492395e-03
9.194332e+03,2.468896e+03,2.454646e+03,7.703848e+03,1.608035e+04,8.376504e+03,4.940206e-01,NaN,NaN,7.658744e-03,1.704152e+16,3.228298e+19,2.406858e+20,4.871828e+16,4.614526e+20,8.009944e+18,7.047780e+20,1.662192e+02,1.372189e+01,1.524973e+02,NaN,NaN,NaN,NaN,3.969512e-02,NaN,5.362989e+06,5.498564e-03
9.201726e+03,2.468543e+03,2.453861e+03,7.664564e+03,1.604107e+04,8.376503e+03,4.930125e-01,NaN,NaN,7.671949e-03,1.706829e+16,3.223002e+19,2.407387e+20,4.887285e+16,4.614324e+20,8.030088e+18,7.050789e+20,1.662550e+02,1.375640e+01,1.524986e+02,NaN,NaN,NaN,NaN,3.968674e-02,NaN,5.364999e+06,5.502702e-03
9.219217e+03,2.467710e+03,2.453061e+03,7.624598e+03,1.600110e+04,8.376501e+03,4.919836e-01,NaN,NaN,7.685471e-03,1.709561e+16,3.217619e+19,2.407925e+20,4.903074e+16,4.614117e+20,8.050609e+18,7.053851e+20,1.662920e+02,1.379155e+01,1.525005e+02,NaN,NaN,NaN,NaN,3.967836e-02,NaN,5.367044e+06,5.512492e-03
9.237114e+03,2.466861e+03,2.452262e+03,7.584751e+03,1.596125e+04,8.376498e+03,4.909552e-01,NaN,NaN,7.699038e-03,1.712287e+16,3.212255e+19,2.408461e+20,4.918872e+16,4.613909e+20,8.071144e+18,7.056909e+20,1.663292e+02,1.382673e+01,1.525025e+02,NaN,NaN,NaN,NaN,3.967005e-02,NaN,5.369083e+06,5.522506e-03
9.255046e+03,2.466013e+03,2.451472e+03,7.545389e+03,1.592188e+04,8.376496e+03,4.899364e-01,NaN,NaN,7.712527e-03,1.714981e+16,3.206953e+19,2.408987e+20,4.934538e+16,4.613703e+20,8.091509e+18,7.059925e+20,1.663661e+02,1.386162e+01,1.525045e+02,NaN,NaN,NaN,NaN,3.966192e-02,NaN,5.371096e+06,5.532535e-03
9.272853e+03,2.465173e+03,2.450976e+03,7.520761e+03,1.589725e+04,8.376493e+03,4.892972e-01,NaN,NaN,7.721011e-03,1.716670e+16,3.203634e+19,2.409316e+20,4.944374e+16,4.613573e+20,8.104271e+18,7.061814e+20,1.663893e+02,1.388348e+01,1.525058e+02,NaN,NaN,NaN,NaN,3.965684e-02,NaN,5.372356e+06,5.542491e-03
9.284064e+03,2.464646e+03,2.450650e+03,7.504527e+03,1.588102e+04,8.376492e+03,4.888757e-01,NaN,NaN,7.726621e-03,1.717774e+16,3.201434e+19,2.409543e+20,4.950861e+16,4.613487e+20,8.112764e+18,7.063095e+20,1.664040e+02,1.389803e+01,1.525060e+02,NaN,NaN,NaN,NaN,3.965315e-02,NaN,5.373185e+06,5.548759e-03
9.291441e+03,2.464300e+03,2.449872e+03,7.465893e+03,1.584238e+04,8.376491e+03,4.878722e-01,NaN,NaN,7.740028e-03,1.720404e+16,3.196205e+19,2.410065e+20,4.966335e+16,4.613283e+20,8.133042e+18,7.066096e+20,1.664395e+02,1.393277e+01,1.525067e+02,NaN,NaN,NaN,NaN,3.964475e-02,NaN,5.375158e+06,5.552880e-03
9.309077e+03,2.463474e+03,2.449078e+03,7.426541e+03,1.580303e+04,8.376488e+03,4.868478e-01,NaN,NaN,7.753774e-03,1.723092e+16,3.190885e+19,2.410597e+20,4.982162e+16,4.613074e+20,8.153721e+18,7.069153e+20,1.664762e+02,1.396819e+01,1.525080e+02,NaN,NaN,NaN,NaN,3.963634e-02,NaN,5.377167e+06,5.562735e-03
9.327142e+03,2.462630e+03,2.448285e+03,7.387297e+03,1.576378e+04,8.376486e+03,4.858245e-01,NaN,NaN,7.767571e-03,1.725776e+16,3.185581e+19,2.411127e+20,4.998001e+16,4.612864e+20,8.174421e+18,7.072209e+20,1.665131e+02,1.400365e+01,1.525095e+02,NaN,NaN,NaN,NaN,3.962800e-02,NaN,5.379170e+06,5.572825e-03
9.345244e+03,2.461788e+03,2.447500e+03,7.348515e+03,1.572500e+04,8.376483e+03,4.848115e-01,NaN,NaN,7.781293e-03,1.728429e+16,3.180336e+19,2.411647e+20,5.013713e+16,4.612657e+20,8.194956e+18,7.075223e+20,1.665497e+02,1.403883e+01,1.525109e+02,NaN,NaN,NaN,NaN,3.961983e-02,NaN,5.381150e+06,5.582935e-03
9.363222e+03,2.460954e+03,2.447005e+03,7.324059e+03,1.570054e+04,8.376481e+03,4.841714e-01,NaN,NaN,7.789993e-03,1.730104e+16,3.177028e+19,2.411975e+20,5.023656e+16,4.612525e+20,8.207926e+18,7.077126e+20,1.665729e+02,1.406105e+01,1.525119e+02,NaN,NaN,NaN,NaN,3.961470e-02,NaN,5.382398e+06,5.592972e-03
9.374628e+03,2.460426e+03,2.446683e+03,7.308219e+03,1.568470e+04,8.376479e+03,4.837569e-01,NaN,NaN,7.795646e-03,1.731181e+16,3.174873e+19,2.412198e+20,5.030100e+16,4.612438e+20,8.216407e+18,7.078394e+20,1.665874e+02,1.407558e+01,1.525118e+02,NaN,NaN,NaN,NaN,3.961103e-02,NaN,5.383206e+06,5.599339e-03
9.382000e+03,2.460086e+03,2.445912e+03,7.270184e+03,1.564666e+04,8.376478e+03,4.827611e-01,NaN,NaN,7.809277e-03,1.733768e+16,3.169705e+19,2.412714e+20,5.045607e+16,4.612233e+20,8.236839e+18,7.081390e+20,1.666226e+02,1.411058e+01,1.525120e+02,NaN,NaN,NaN,NaN,3.960259e-02,NaN,5.385144e+06,5.603453e-03
9.399782e+03,2.459266e+03,2.445124e+03,7.231411e+03,1.560789e+04,8.376476e+03,4.817438e-01,NaN,NaN,7.823264e-03,1.736415e+16,3.164444e+19,2.413240e+20,5.061479e+16,4.612022e+20,8.257688e+18,7.084446e+20,1.666590e+02,1.414630e+01,1.525127e+02,NaN,NaN,NaN,NaN,3.959415e-02,NaN,5.387119e+06,5.613376e-03
9.418007e+03,2.458429e+03,2.444337e+03,7.192754e+03,1.556923e+04,8.376473e+03,4.807278e-01,NaN,NaN,7.837300e-03,1.739056e+16,3.159199e+19,2.413764e+20,5.077361e+16,4.611811e+20,8.278556e+18,7.087499e+20,1.666957e+02,1.418205e+01,1.525136e+02,NaN,NaN,NaN,NaN,3.958577e-02,NaN,5.389088e+06,5.623544e-03
9.436266e+03,2.457593e+03,2.443557e+03,7.154556e+03,1.553103e+04,8.376471e+03,4.797221e-01,NaN,NaN,7.851260e-03,1.741667e+16,3.154013e+19,2.414278e+20,5.093115e+16,4.611602e+20,8.299255e+18,7.090511e+20,1.667319e+02,1.421751e+01,1.525144e+02,NaN,NaN,NaN,NaN,3.957757e-02,NaN,5.391034e+06,5.633730e-03
9.454395e+03,2.456765e+03,2.443061e+03,7.130266e+03,1.550673e+04,8.376468e+03,4.790814e-01,NaN,NaN,7.860186e-03,1.743331e+16,3.150715e+19,2.414605e+20,5.103168e+16,4.611468e+20,8.312436e+18,7.092427e+20,1.667552e+02,1.424009e+01,1.525151e+02,NaN,NaN,NaN,NaN,3.957239e-02,NaN,5.392271e+06,5.643841e-03
9.465994e+03,2.456237e+03,2.442746e+03,7.114836e+03,1.549130e+04,8.376467e+03,4.786744e-01,NaN,NaN,7.865874e-03,1.744379e+16,3.148608e+19,2.414823e+20,5.109557e+16,4.611382e+20,8.320891e+18,7.093681e+20,1.667694e+02,1.425457e+01,1.525148e+02,NaN,NaN,NaN,NaN,3.956874e-02,NaN,5.393056e+06,5.650310e-03
9.473345e+03,2.455903e+03,2.441981e+03,7.077415e+03,1.545388e+04,8.376466e+03,4.776870e-01,NaN,NaN,7.879728e-03,1.746922e+16,3.143503e+19,2.415333e+20,5.125087e+16,4.611175e+20,8.341465e+18,7.096672e+20,1.668042e+02,1.428982e+01,1.525144e+02,NaN,NaN,NaN,NaN,3.956027e-02,NaN,5.394959e+06,5.654408e-03
9.491259e+03,2.455090e+03,2.441199e+03,7.039228e+03,1.541569e+04,8.376463e+03,4.766771e-01,NaN,NaN,7.893959e-03,1.749527e+16,3.138300e+19,2.415853e+20,5.141000e+16,4.610963e+20,8.362481e+18,7.099725e+20,1.668404e+02,1.432582e+01,1.525146e+02,NaN,NaN,NaN,NaN,3.955180e-02,NaN,5.396901e+06,5.664397e-03
9.509637e+03,2.454259e+03,2.440417e+03,7.001148e+03,1.537761e+04,8.376461e+03,4.756684e-01,NaN,NaN,7.908244e-03,1.752127e+16,3.133114e+19,2.416371e+20,5.156926e+16,4.610749e+20,8.383517e+18,7.102775e+20,1.668768e+02,1.436186e+01,1.525149e+02,NaN,NaN,NaN,NaN,3.954340e-02,NaN,5.398837e+06,5.674642e-03
9.528050e+03,2.453428e+03,2.439644e+03,6.963516e+03,1.533997e+04,8.376458e+03,4.746699e-01,NaN,NaN,7.922454e-03,1.754698e+16,3.127985e+19,2.416879e+20,5.172724e+16,4.610539e+20,8.404385e+18,7.105785e+20,1.669128e+02,1.439761e+01,1.525152e+02,NaN,NaN,NaN,NaN,3.953516e-02,NaN,5.400750e+06,5.684905e-03
9.546334e+03,2.452606e+03,2.439147e+03,6.939389e+03,1.531584e+04,8.376455e+03,4.740284e-01,NaN,NaN,7.931615e-03,1.756349e+16,3.124697e+19,2.417205e+20,5.182888e+16,4.610403e+20,8.417782e+18,7.107716e+20,1.669361e+02,1.442056e+01,1.525155e+02,NaN,NaN,NaN,NaN,3.952992e-02,NaN,5.401977e+06,5.695094e-03
9.558128e+03,2.452078e+03,2.438837e+03,6.924348e+03,1.530080e+04,8.376454e+03,4.736288e-01,NaN,NaN,7.937344e-03,1.757370e+16,3.122635e+19,2.417419e+20,5.189226e+16,4.610316e+20,8.426213e+18,7.108955e+20,1.669500e+02,1.443500e+01,1.525150e+02,NaN,NaN,NaN,NaN,3.952630e-02,NaN,5.402741e+06,5.701666e-03
9.565467e+03,2.451749e+03,2.438079e+03,6.887507e+03,1.526396e+04,8.376453e+03,4.726491e-01,NaN,NaN,7.951437e-03,1.759871e+16,3.117589e+19,2.417923e+20,5.204788e+16,4.610108e+20,8.446942e+18,7.111944e+20,1.669845e+02,1.447051e+01,1.525140e+02,NaN,NaN,NaN,NaN,3.951780e-02,NaN,5.404610e+06,5.705753e-03
9.583518e+03,2.450943e+03,2.437302e+03,6.849886e+03,1.522634e+04,8.376450e+03,4.716464e-01,NaN,NaN,7.965926e-03,1.762435e+16,3.112443e+19,2.418437e+20,5.220745e+16,4.609894e+20,8.468129e+18,7.114995e+20,1.670204e+02,1.450681e+01,1.525136e+02,NaN,NaN,NaN,NaN,3.950929e-02,NaN,5.406520e+06,5.715809e-03
9.602054e+03,2.450118e+03,2.436526e+03,6.812372e+03,1.518882e+04,8.376448e+03,4.706450e-01,NaN,NaN,7.980470e-03,1.764994e+16,3.107314e+19,2.418950e+20,5.236715e+16,4.609679e+20,8.489335e+18,7.118045e+20,1.670565e+02,1.454313e+01,1.525134e+02,NaN,NaN,NaN,NaN,3.950086e-02,NaN,5.408424e+06,5.726131e-03
9.620629e+03,2.449293e+03,2.435759e+03,6.775292e+03,1.515174e+04,8.376445e+03,4.696535e-01,NaN,NaN,7.994941e-03,1.767525e+16,3.102241e+19,2.419452e+20,5.252558e+16,4.609467e+20,8.510375e+18,7.121053e+20,1.670923e+02,1.457918e+01,1.525131e+02,NaN,NaN,NaN,NaN,3.949259e-02,NaN,5.410305e+06,5.736472e-03
9.639078e+03,2.448477e+03,2.435261e+03,6.751324e+03,1.512777e+04,8.376443e+03,4.690114e-01,NaN,NaN,8.004348e-03,1.769165e+16,3.098962e+19,2.419777e+20,5.262836e+16,4.609329e+20,8.523993e+18,7.122999e+20,1.671156e+02,1.460251e+01,1.525131e+02,NaN,NaN,NaN,NaN,3.948729e-02,NaN,5.411522e+06,5.746740e-03
9.651076e+03,2.447948e+03,2.434957e+03,6.736664e+03,1.511310e+04,8.376441e+03,4.686187e-01,NaN,NaN,8.010120e-03,1.770159e+16,3.096944e+19,2.419987e+20,5.269125e+16,4.609242e+20,8.532404e+18,7.124225e+20,1.671294e+02,1.461692e+01,1.525125e+02,NaN,NaN,NaN,NaN,3.948369e-02,NaN,5.412265e+06,5.753417e-03
9.658398e+03,2.447625e+03,2.434205e+03,6.700403e+03,1.507684e+04,8.376440e+03,4.676471e-01,NaN,NaN,8.024459e-03,1.772618e+16,3.091957e+19,2.420485e+20,5.284715e+16,4.609033e+20,8.553283e+18,7.127209e+20,1.671636e+02,1.465268e+01,1.525109e+02,NaN,NaN,NaN,NaN,3.947516e-02,NaN,5.414102e+06,5.757490e-03
9.676593e+03,2.446826e+03,2.433434e+03,6.663338e+03,1.503978e+04,8.376438e+03,4.666516e-01,NaN,NaN,8.039217e-03,1.775142e+16,3.086868e+19,2.420994e+20,5.300717e+16,4.608817e+20,8.574643e+18,7.130260e+20,1.671992e+02,1.468928e+01,1.525099e+02,NaN,NaN,NaN,NaN,3.946662e-02,NaN,5.415980e+06,5.767611e-03
9.695296e+03,2.446006e+03,2.432664e+03,6.626376e+03,1.500281e+04,8.376435e+03,4.656574e-01,NaN,NaN,8.054031e-03,1.777662e+16,3.081794e+19,2.421501e+20,5.316732e+16,4.608600e+20,8.596022e+18,7.133308e+20,1.672350e+02,1.472590e+01,1.525091e+02,NaN,NaN,NaN,NaN,3.945815e-02,NaN,5.417853e+06,5.778011e-03
9.714039e+03,2.445188e+03,2.431902e+03,6.589836e+03,1.496627e+04,8.376432e+03,4.646730e-01,NaN,NaN,8.068775e-03,1.780154e+16,3.076775e+19,2.421998e+20,5.332621e+16,4.608386e+20,8.617235e+18,7.136316e+20,1.672706e+02,1.476224e+01,1.525084e+02,NaN,NaN,NaN,NaN,3.944985e-02,NaN,5.419703e+06,5.788429e-03
9.732657e+03,2.444378e+03,2.431404e+03,6.566022e+03,1.494245e+04,8.376430e+03,4.640301e-01,NaN,NaN,8.078439e-03,1.781782e+16,3.073505e+19,2.422321e+20,5.343015e+16,4.608246e+20,8.631078e+18,7.138276e+20,1.672939e+02,1.478595e+01,1.525080e+02,NaN,NaN,NaN,NaN,3.944450e-02,NaN,5.420910e+06,5.798775e-03
9.744867e+03,2.443847e+03,2.431106e+03,6.551741e+03,1.492817e+04,8.376428e+03,4.636447e-01,NaN,NaN,8.084253e-03,1.782750e+16,3.071532e+19,2.422527e+20,5.349250e+16,4.608160e+20,8.639461e+18,7.139490e+20,1.673075e+02,1.480032e+01,1.525072e+02,NaN,NaN,NaN,NaN,3.944092e-02,NaN,5.421633e+06,5.805558e-03
9.752176e+03,2.443531e+03,2.430360e+03,6.516047e+03,1.489247e+04,8.376427e+03,4.626810e-01,NaN,NaN,8.098850e-03,1.785168e+16,3.066603e+19,2.423019e+20,5.364869e+16,4.607949e+20,8.660494e+18,7.142471e+20,1.673414e+02,1.483635e+01,1.525050e+02,NaN,NaN,NaN,NaN,3.943235e-02,NaN,5.423438e+06,5.809616e-03
9.770520e+03,2.442738e+03,2.429595e+03,6.479527e+03,1.485595e+04,8.376425e+03,4.616927e-01,NaN,NaN,8.113886e-03,1.787652e+16,3.061569e+19,2.423522e+20,5.380916e+16,4.607731e+20,8.682027e+18,7.145520e+20,1.673767e+02,1.487324e+01,1.525035e+02,NaN,NaN,NaN,NaN,3.942379e-02,NaN,5.425285e+06,5.819802e-03
9.789399e+03,2.441924e+03,2.428831e+03,6.443103e+03,1.481953e+04,8.376422e+03,4.607055e-01,NaN,NaN,8.128985e-03,1.790133e+16,3.056549e+19,2.424024e+20,5.396978e+16,4.607513e+20,8.703583e+18,7.148567e+20,1.674124e+02,1.491016e+01,1.525022e+02,NaN,NaN,NaN,NaN,3.941528e-02,NaN,5.427128e+06,5.830280e-03
9.808322e+03,2.441112e+03,2.428074e+03,6.407095e+03,1.478351e+04,8.376419e+03,4.597280e-01,NaN,NaN,8.144013e-03,1.792587e+16,3.051583e+19,2.424516e+20,5.412916e+16,4.607297e+20,8.724974e+18,7.151575e+20,1.674477e+02,1.494681e+01,1.525009e+02,NaN,NaN,NaN,NaN,3.940695e-02,NaN,5.428949e+06,5.840778e-03
9.827122e+03,2.440307e+03,2.427576e+03,6.383433e+03,1.475985e+04,8.376417e+03,4.590843e-01,NaN,NaN,8.153946e-03,1.794204e+16,3.048322e+19,2.424838e+20,5.423428e+16,4.607154e+20,8.739047e+18,7.153552e+20,1.674711e+02,1.497092e+01,1.525002e+02,NaN,NaN,NaN,NaN,3.940154e-02,NaN,5.430146e+06,5.851203e-03
9.839553e+03,2.439776e+03,2.427283e+03,6.369513e+03,1.474593e+04,8.376415e+03,4.587058e-01,NaN,NaN,8.159809e-03,1.795146e+16,3.046391e+19,2.425040e+20,5.429613e+16,4.607068e+20,8.747407e+18,7.154752e+20,1.674844e+02,1.498524e+01,1.524992e+02,NaN,NaN,NaN,NaN,3.939799e-02,NaN,5.430849e+06,5.858095e-03
9.846853e+03,2.439465e+03,2.426543e+03,6.334368e+03,1.471078e+04,8.376414e+03,4.577498e-01,NaN,NaN,8.174676e-03,1.797524e+16,3.041518e+19,2.425526e+20,5.445264e+16,4.606856e+20,8.768598e+18,7.157730e+20,1.675180e+02,1.502154e+01,1.524965e+02,NaN,NaN,NaN,NaN,3.938938e-02,NaN,5.432624e+06,5.862140e-03
9.865360e+03,2.438679e+03,2.425783e+03,6.298371e+03,1.467478e+04,8.376411e+03,4.567685e-01,NaN,NaN,8.190009e-03,1.799971e+16,3.036536e+19,2.426024e+20,5.461362e+16,4.606636e+20,8.790313e+18,7.160780e+20,1.675531e+02,1.505874e+01,1.524944e+02,NaN,NaN,NaN,NaN,3.938078e-02,NaN,5.434442e+06,5.872393e-03
9.884427e+03,2.437871e+03,2.425025e+03,6.262465e+03,1.463887e+04,8.376409e+03,4.557881e-01,NaN,NaN,8.205408e-03,1.802414e+16,3.031569e+19,2.426521e+20,5.477474e+16,4.606416e+20,8.812052e+18,7.163828e+20,1.675886e+02,1.509598e+01,1.524926e+02,NaN,NaN,NaN,NaN,3.937224e-02,NaN,5.436255e+06,5.882951e-03
9.903541e+03,2.437064e+03,2.424273e+03,6.226971e+03,1.460338e+04,8.376406e+03,4.548173e-01,NaN,NaN,8.220737e-03,1.804831e+16,3.026655e+19,2.427007e+20,5.493464e+16,4.606198e+20,8.833626e+18,7.166837e+20,1.676236e+02,1.513294e+01,1.524907e+02,NaN,NaN,NaN,NaN,3.936387e-02,NaN,5.438047e+06,5.893530e-03
9.922533e+03,2.436265e+03,2.423774e+03,6.203455e+03,1.457986e+04,8.376404e+03,4.541729e-01,NaN,NaN,8.230952e-03,1.806437e+16,3.023401e+19,2.427329e+20,5.504095e+16,4.606053e+20,8.847933e+18,7.168830e+20,1.676472e+02,1.515745e+01,1.524897e+02,NaN,NaN,NaN,NaN,3.935840e-02,NaN,5.439235e+06,5.904035e-03
9.935195e+03,2.435733e+03,2.423487e+03,6.189888e+03,1.456629e+04,8.376402e+03,4.538012e-01,NaN,NaN,8.236865e-03,1.807354e+16,3.021511e+19,2.427526e+20,5.510231e+16,4.605967e+20,8.856269e+18,7.170018e+20,1.676602e+02,1.517173e+01,1.524885e+02,NaN,NaN,NaN,NaN,3.935487e-02,NaN,5.439920e+06,5.911038e-03
9.942486e+03,2.435428e+03,2.422753e+03,6.155287e+03,1.453169e+04,8.376401e+03,4.528531e-01,NaN,NaN,8.252014e-03,1.809692e+16,3.016694e+19,2.428008e+20,5.525912e+16,4.605754e+20,8.877616e+18,7.172993e+20,1.676935e+02,1.520830e+01,1.524852e+02,NaN,NaN,NaN,NaN,3.934624e-02,NaN,5.441664e+06,5.915066e-03
9.961162e+03,2.434648e+03,2.421999e+03,6.119805e+03,1.449620e+04,8.376398e+03,4.518785e-01,NaN,NaN,8.267657e-03,1.812101e+16,3.011764e+19,2.428500e+20,5.542060e+16,4.605532e+20,8.899515e+18,7.176044e+20,1.677285e+02,1.524582e+01,1.524827e+02,NaN,NaN,NaN,NaN,3.933760e-02,NaN,5.443454e+06,5.925386e-03
9.980432e+03,2.433845e+03,2.421246e+03,6.084409e+03,1.446080e+04,8.376396e+03,4.509048e-01,NaN,NaN,8.283371e-03,1.814507e+16,3.006847e+19,2.428992e+20,5.558226e+16,4.605310e+20,8.921443e+18,7.179094e+20,1.677637e+02,1.528338e+01,1.524803e+02,NaN,NaN,NaN,NaN,3.932902e-02,NaN,5.445239e+06,5.936027e-03
9.999747e+03,2.433044e+03,2.420500e+03,6.049415e+03,1.442581e+04,8.376393e+03,4.499684e-01,NaN,NaN,8.299015e-03,1.816888e+16,3.001984e+19,2.429473e+20,5.574269e+16,4.605090e+20,8.943203e+18,7.182104e+20,1.677986e+02,1.532066e+01,1.524779e+02,NaN,NaN,NaN,NaN,3.932061e-02,NaN,5.447004e+06,5.946687e-03
1.001894e+04,2.432250e+03,2.420001e+03,6.026042e+03,1.440243e+04,8.376390e+03,4.493594e-01,NaN,NaN,8.309526e-03,1.818483e+16,2.998737e+19,2.429794e+20,5.585023e+16,4.604943e+20,8.957750e+18,7.184112e+20,1.678222e+02,1.534558e+01,1.524766e+02,NaN,NaN,NaN,NaN,3.931509e-02,NaN,5.448183e+06,5.957275e-03
1.003185e+04,2.431718e+03,2.419718e+03,6.012816e+03,1.438920e+04,8.376388e+03,4.490189e-01,NaN,NaN,8.315494e-03,1.819376e+16,2.996888e+19,2.429988e+20,5.591110e+16,4.604857e+20,8.966063e+18,7.185288e+20,1.678350e+02,1.535982e+01,1.524752e+02,NaN,NaN,NaN,NaN,3.931158e-02,NaN,5.448849e+06,5.964389e-03
1.003913e+04,2.431418e+03,2.418991e+03,5.978735e+03,1.435512e+04,8.376387e+03,4.481524e-01,NaN,NaN,8.330942e-03,1.821675e+16,2.992125e+19,2.430463e+20,5.606826e+16,4.604642e+20,8.987573e+18,7.188263e+20,1.678681e+02,1.539667e+01,1.524714e+02,NaN,NaN,NaN,NaN,3.930291e-02,NaN,5.450565e+06,5.968403e-03
1.005799e+04,2.430644e+03,2.418242e+03,5.943752e+03,1.432014e+04,8.376385e+03,4.472751e-01,NaN,NaN,8.346912e-03,1.824048e+16,2.987245e+19,2.430951e+20,5.623028e+16,4.604418e+20,9.009662e+18,7.191315e+20,1.679028e+02,1.543451e+01,1.524683e+02,NaN,NaN,NaN,NaN,3.929423e-02,NaN,5.452327e+06,5.978791e-03
1.007747e+04,2.429847e+03,2.417494e+03,5.908855e+03,1.428524e+04,8.376382e+03,4.464111e-01,NaN,NaN,8.362956e-03,1.826418e+16,2.982378e+19,2.431437e+20,5.639248e+16,4.604194e+20,9.031779e+18,7.194367e+20,1.679378e+02,1.547240e+01,1.524654e+02,NaN,NaN,NaN,NaN,3.928562e-02,NaN,5.454084e+06,5.989514e-03
1.009701e+04,2.429051e+03,2.416753e+03,5.874341e+03,1.425072e+04,8.376379e+03,4.455662e-01,NaN,NaN,8.378936e-03,1.828763e+16,2.977562e+19,2.431914e+20,5.655350e+16,4.603973e+20,9.053734e+18,7.197380e+20,1.679725e+02,1.551001e+01,1.524625e+02,NaN,NaN,NaN,NaN,3.927718e-02,NaN,5.455822e+06,6.000259e-03
1.011642e+04,2.428263e+03,2.416253e+03,5.851109e+03,1.422749e+04,8.376377e+03,4.450020e-01,NaN,NaN,8.389757e-03,1.830347e+16,2.974322e+19,2.432234e+20,5.666228e+16,4.603823e+20,9.068525e+18,7.199406e+20,1.679963e+02,1.553535e+01,1.524609e+02,NaN,NaN,NaN,NaN,3.927159e-02,NaN,5.456993e+06,6.010933e-03
1.012958e+04,2.427730e+03,2.415976e+03,5.838205e+03,1.421458e+04,8.376375e+03,4.446906e-01,NaN,NaN,8.395788e-03,1.831218e+16,2.972511e+19,2.432424e+20,5.672271e+16,4.603737e+20,9.076822e+18,7.200571e+20,1.680089e+02,1.554956e+01,1.524593e+02,NaN,NaN,NaN,NaN,3.926810e-02,NaN,5.457642e+06,6.018161e-03
1.013687e+04,2.427435e+03,2.415254e+03,5.804636e+03,1.418101e+04,8.376374e+03,4.438864e-01,NaN,NaN,8.411550e-03,1.833479e+16,2.967800e+19,2.432895e+20,5.688025e+16,4.603520e+20,9.098502e+18,7.203545e+20,1.680416e+02,1.558670e+01,1.524549e+02,NaN,NaN,NaN,NaN,3.925939e-02,NaN,5.459330e+06,6.022163e-03
1.015592e+04,2.426667e+03,2.414510e+03,5.770137e+03,1.414651e+04,8.376371e+03,4.430665e-01,NaN,NaN,8.427866e-03,1.835817e+16,2.962968e+19,2.433377e+20,5.704284e+16,4.603295e+20,9.120786e+18,7.206600e+20,1.680762e+02,1.562488e+01,1.524513e+02,NaN,NaN,NaN,NaN,3.925068e-02,NaN,5.461065e+06,6.032620e-03
1.017562e+04,2.425876e+03,2.413768e+03,5.735725e+03,1.411209e+04,8.376369e+03,4.422555e-01,NaN,NaN,8.444257e-03,1.838151e+16,2.958150e+19,2.433859e+20,5.720560e+16,4.603069e+20,9.143096e+18,7.209654e+20,1.681110e+02,1.566310e+01,1.524479e+02,NaN,NaN,NaN,NaN,3.924203e-02,NaN,5.462796e+06,6.043426e-03
1.019538e+04,2.425085e+03,2.413032e+03,5.701696e+03,1.407806e+04,8.376366e+03,4.414600e-01,NaN,NaN,8.460583e-03,1.840461e+16,2.953383e+19,2.434331e+20,5.736715e+16,4.602845e+20,9.165240e+18,7.212669e+20,1.681455e+02,1.570103e+01,1.524445e+02,NaN,NaN,NaN,NaN,3.923355e-02,NaN,5.464508e+06,6.054252e-03
1.021502e+04,2.424302e+03,2.412532e+03,5.678599e+03,1.405496e+04,8.376363e+03,4.409231e-01,NaN,NaN,8.471732e-03,1.842034e+16,2.950150e+19,2.434650e+20,5.747721e+16,4.602693e+20,9.180282e+18,7.214712e+20,1.681693e+02,1.572680e+01,1.524425e+02,NaN,NaN,NaN,NaN,3.922790e-02,NaN,5.465670e+06,6.065006e-03
1.022844e+04,2.423769e+03,2.412260e+03,5.666024e+03,1.404239e+04,8.376361e+03,4.406324e-01,NaN,NaN,8.477822e-03,1.842881e+16,2.948379e+19,2.434836e+20,5.753711e+16,4.602608e+20,9.188548e+18,7.215865e+20,1.681817e+02,1.574096e+01,1.524407e+02,NaN,NaN,NaN,NaN,3.922444e-02,NaN,5.466302e+06,6.072350e-03
1.023573e+04,2.423480e+03,2.411544e+03,5.632970e+03,1.400933e+04,8.376360e+03,4.398724e-01,NaN,NaN,8.493907e-03,1.845105e+16,2.943720e+19,2.435301e+20,5.769496e+16,4.602389e+20,9.210389e+18,7.218838e+20,1.682143e+02,1.577838e+01,1.524359e+02,NaN,NaN,NaN,NaN,3.921569e-02,NaN,5.467962e+06,6.076335e-03
1.025498e+04,2.422718e+03,2.410806e+03,5.598955e+03,1.397531e+04,8.376358e+03,4.390951e-01,NaN,NaN,8.510581e-03,1.847407e+16,2.938937e+19,2.435779e+20,5.785808e+16,4.602162e+20,9.232864e+18,7.221895e+20,1.682487e+02,1.581688e+01,1.524318e+02,NaN,NaN,NaN,NaN,3.920694e-02,NaN,5.469671e+06,6.086857e-03
1.027491e+04,2.421932e+03,2.410069e+03,5.565025e+03,1.394138e+04,8.376355e+03,4.383251e-01,NaN,NaN,8.527333e-03,1.849706e+16,2.934168e+19,2.436256e+20,5.802138e+16,4.601934e+20,9.255366e+18,7.224951e+20,1.682832e+02,1.585543e+01,1.524278e+02,NaN,NaN,NaN,NaN,3.919826e-02,NaN,5.471375e+06,6.097744e-03
1.029490e+04,2.421147e+03,2.409338e+03,5.531469e+03,1.390782e+04,8.376352e+03,4.375685e-01,NaN,NaN,8.544023e-03,1.851980e+16,2.929448e+19,2.436723e+20,5.818348e+16,4.601708e+20,9.277703e+18,7.227969e+20,1.683176e+02,1.589369e+01,1.524239e+02,NaN,NaN,NaN,NaN,3.918974e-02,NaN,5.473061e+06,6.108652e-03
1.031478e+04,2.420369e+03,2.408837e+03,5.508503e+03,1.388485e+04,8.376349e+03,4.370531e-01,NaN,NaN,8.555517e-03,1.853543e+16,2.926221e+19,2.437041e+20,5.829484e+16,4.601553e+20,9.293001e+18,7.230030e+20,1.683415e+02,1.591990e+01,1.524216e+02,NaN,NaN,NaN,NaN,3.918403e-02,NaN,5.474216e+06,6.119488e-03
1.032848e+04,2.419835e+03,2.408571e+03,5.496260e+03,1.387261e+04,8.376348e+03,4.367796e-01,NaN,NaN,8.561666e-03,1.854367e+16,2.924490e+19,2.437224e+20,5.835420e+16,4.601468e+20,9.301236e+18,7.231170e+20,1.683537e+02,1.593401e+01,1.524197e+02,NaN,NaN,NaN,NaN,3.918060e-02,NaN,5.474830e+06,6.126950e-03
1.033577e+04,2.419551e+03,2.407861e+03,5.463698e+03,1.384004e+04,8.376347e+03,4.360558e-01,NaN,NaN,8.578096e-03,1.856554e+16,2.919881e+19,2.437684e+20,5.851242e+16,4.601248e+20,9.323247e+18,7.234143e+20,1.683860e+02,1.597171e+01,1.524143e+02,NaN,NaN,NaN,NaN,3.917181e-02,NaN,5.476463e+06,6.130919e-03
1.035524e+04,2.418795e+03,2.407128e+03,5.430142e+03,1.380649e+04,8.376344e+03,4.353138e-01,NaN,NaN,8.595155e-03,1.858822e+16,2.915145e+19,2.438157e+20,5.867616e+16,4.601019e+20,9.345926e+18,7.237204e+20,1.684203e+02,1.601057e+01,1.524097e+02,NaN,NaN,NaN,NaN,3.916302e-02,NaN,5.478147e+06,6.141513e-03
1.037543e+04,2.418014e+03,2.406395e+03,5.396664e+03,1.377301e+04,8.376341e+03,4.345779e-01,NaN,NaN,8.612298e-03,1.861087e+16,2.910420e+19,2.438630e+20,5.884010e+16,4.600789e+20,9.368636e+18,7.240265e+20,1.684547e+02,1.604947e+01,1.524052e+02,NaN,NaN,NaN,NaN,3.915429e-02,NaN,5.479827e+06,6.152488e-03
1.039568e+04,2.417234e+03,2.405670e+03,5.363545e+03,1.373988e+04,8.376338e+03,4.338541e-01,NaN,NaN,8.629384e-03,1.863330e+16,2.905744e+19,2.439093e+20,5.900287e+16,4.600561e+20,9.391183e+18,7.243288e+20,1.684889e+02,1.608810e+01,1.524008e+02,NaN,NaN,NaN,NaN,3.914573e-02,NaN,5.481489e+06,6.163486e-03
1.041583e+04,2.416461e+03,2.405168e+03,5.340709e+03,1.371704e+04,8.376335e+03,4.333570e-01,NaN,NaN,8.641241e-03,1.864882e+16,2.902523e+19,2.439410e+20,5.911554e+16,4.600403e+20,9.406741e+18,7.245368e+20,1.685129e+02,1.611475e+01,1.523981e+02,NaN,NaN,NaN,NaN,3.913996e-02,NaN,5.482636e+06,6.174413e-03
1.042981e+04,2.415926e+03,2.404906e+03,5.328755e+03,1.370509e+04,8.376334e+03,4.330979e-01,NaN,NaN,8.647470e-03,1.865686e+16,2.900826e+19,2.439589e+20,5.917452e+16,4.600318e+20,9.414965e+18,7.246499e+20,1.685249e+02,1.612884e+01,1.523961e+02,NaN,NaN,NaN,NaN,3.913655e-02,NaN,5.483236e+06,6.181994e-03
1.043712e+04,2.415647e+03,2.404202e+03,5.296670e+03,1.367300e+04,8.376333e+03,4.324057e-01,NaN,NaN,8.664267e-03,1.867836e+16,2.896266e+19,2.440045e+20,5.933313e+16,4.600096e+20,9.437151e+18,7.249473e+20,1.685569e+02,1.616684e+01,1.523901e+02,NaN,NaN,NaN,NaN,3.912772e-02,NaN,5.484843e+06,6.185951e-03
1.045681e+04,2.414897e+03,2.403474e+03,5.263571e+03,1.363990e+04,8.376330e+03,4.316948e-01,NaN,NaN,8.681726e-03,1.870070e+16,2.891575e+19,2.440513e+20,5.949747e+16,4.599865e+20,9.460033e+18,7.252537e+20,1.685910e+02,1.620604e+01,1.523850e+02,NaN,NaN,NaN,NaN,3.911889e-02,NaN,5.486502e+06,6.196612e-03
1.047727e+04,2.414122e+03,2.402747e+03,5.230544e+03,1.360687e+04,8.376327e+03,4.309892e-01,NaN,NaN,8.699278e-03,1.872302e+16,2.886896e+19,2.440981e+20,5.966203e+16,4.599633e+20,9.482948e+18,7.255602e+20,1.686254e+02,1.624530e+01,1.523801e+02,NaN,NaN,NaN,NaN,3.911012e-02,NaN,5.488158e+06,6.207673e-03
1.049779e+04,2.413347e+03,2.402026e+03,5.197872e+03,1.357420e+04,8.376324e+03,4.302948e-01,NaN,NaN,8.716773e-03,1.874511e+16,2.882264e+19,2.441440e+20,5.982543e+16,4.599403e+20,9.505702e+18,7.258630e+20,1.686595e+02,1.628428e+01,1.523752e+02,NaN,NaN,NaN,NaN,3.910152e-02,NaN,5.489796e+06,6.218758e-03
1.051821e+04,2.412579e+03,2.401524e+03,5.175160e+03,1.355148e+04,8.376321e+03,4.298139e-01,NaN,NaN,8.729013e-03,1.876054e+16,2.879048e+19,2.441756e+20,5.993945e+16,4.599243e+20,9.521527e+18,7.260729e+20,1.686835e+02,1.631139e+01,1.523721e+02,NaN,NaN,NaN,NaN,3.909568e-02,NaN,5.490935e+06,6.229772e-03
1.053250e+04,2.412043e+03,2.401266e+03,5.163505e+03,1.353982e+04,8.376319e+03,4.295681e-01,NaN,NaN,8.735318e-03,1.876836e+16,2.877387e+19,2.441932e+20,5.999796e+16,4.599158e+20,9.529727e+18,7.261849e+20,1.686953e+02,1.632544e+01,1.523699e+02,NaN,NaN,NaN,NaN,3.909229e-02,NaN,5.491519e+06,6.237476e-03
1.053982e+04,2.411769e+03,2.400568e+03,5.131896e+03,1.350821e+04,8.376318e+03,4.289043e-01,NaN,NaN,8.752498e-03,1.878951e+16,2.872877e+19,2.442382e+20,6.015694e+16,4.598934e+20,9.552086e+18,7.264824e+20,1.687272e+02,1.636374e+01,1.523635e+02,NaN,NaN,NaN,NaN,3.908343e-02,NaN,5.493101e+06,6.241416e-03
1.055976e+04,2.411025e+03,2.399845e+03,5.099236e+03,1.347555e+04,8.376316e+03,4.282212e-01,NaN,NaN,8.770385e-03,1.881152e+16,2.868230e+19,2.442847e+20,6.032193e+16,4.598701e+20,9.575180e+18,7.267893e+20,1.687612e+02,1.640330e+01,1.523579e+02,NaN,NaN,NaN,NaN,3.907456e-02,NaN,5.494737e+06,6.252148e-03
1.058049e+04,2.410254e+03,2.399122e+03,5.067017e+03,1.344333e+04,8.376313e+03,4.275431e-01,NaN,NaN,8.788209e-03,1.883351e+16,2.863594e+19,2.443310e+20,6.048713e+16,4.598467e+20,9.598306e+18,7.270963e+20,1.687953e+02,1.644292e+01,1.523524e+02,NaN,NaN,NaN,NaN,3.906575e-02,NaN,5.496369e+06,6.263297e-03
1.060130e+04,2.409484e+03,2.398406e+03,5.034776e+03,1.341109e+04,8.376310e+03,4.268753e-01,NaN,NaN,8.806137e-03,1.885528e+16,2.859005e+19,2.443764e+20,6.065118e+16,4.598235e+20,9.621270e+18,7.273996e+20,1.688293e+02,1.648226e+01,1.523470e+02,NaN,NaN,NaN,NaN,3.905710e-02,NaN,5.497984e+06,6.274469e-03
1.062201e+04,2.408721e+03,2.397904e+03,5.012185e+03,1.338849e+04,8.376307e+03,4.264090e-01,NaN,NaN,8.818782e-03,1.887061e+16,2.855794e+19,2.444080e+20,6.076657e+16,4.598072e+20,9.637367e+18,7.276115e+20,1.688535e+02,1.650983e+01,1.523437e+02,NaN,NaN,NaN,NaN,3.905120e-02,NaN,5.499116e+06,6.285574e-03
1.063662e+04,2.408184e+03,2.397651e+03,5.000814e+03,1.337712e+04,8.376305e+03,4.261752e-01,NaN,NaN,8.825171e-03,1.887823e+16,2.854168e+19,2.444253e+20,6.082464e+16,4.597987e+20,9.645547e+18,7.277224e+20,1.688651e+02,1.652385e+01,1.523413e+02,NaN,NaN,NaN,NaN,3.904784e-02,NaN,5.499685e+06,6.293402e-03
1.064396e+04,2.407915e+03,2.396958e+03,4.969659e+03,1.334596e+04,8.376304e+03,4.255372e-01,NaN,NaN,8.842760e-03,1.889903e+16,2.849704e+19,2.444699e+20,6.098405e+16,4.597762e+20,9.668090e+18,7.280201e+20,1.688968e+02,1.656247e+01,1.523343e+02,NaN,NaN,NaN,NaN,3.903893e-02,NaN,5.501243e+06,6.297330e-03
1.066416e+04,2.407177e+03,2.396240e+03,4.937427e+03,1.331373e+04,8.376301e+03,4.248784e-01,NaN,NaN,8.861100e-03,1.892072e+16,2.845100e+19,2.445159e+20,6.114970e+16,4.597526e+20,9.691398e+18,7.283277e+20,1.689306e+02,1.660240e+01,1.523282e+02,NaN,NaN,NaN,NaN,3.903002e-02,NaN,5.502856e+06,6.308132e-03
1.068520e+04,2.406411e+03,2.395523e+03,4.905264e+03,1.328156e+04,8.376298e+03,4.242225e-01,NaN,NaN,8.879542e-03,1.894239e+16,2.840506e+19,2.445618e+20,6.131558e+16,4.597290e+20,9.714741e+18,7.286353e+20,1.689647e+02,1.664239e+01,1.523223e+02,NaN,NaN,NaN,NaN,3.902116e-02,NaN,5.504465e+06,6.319371e-03
1.070631e+04,2.405646e+03,2.394811e+03,4.873439e+03,1.324973e+04,8.376295e+03,4.235748e-01,NaN,NaN,8.897934e-03,1.896384e+16,2.835959e+19,2.446068e+20,6.148034e+16,4.597056e+20,9.737925e+18,7.289392e+20,1.689985e+02,1.668210e+01,1.523164e+02,NaN,NaN,NaN,NaN,3.901247e-02,NaN,5.506058e+06,6.330635e-03
1.072733e+04,2.404887e+03,2.394308e+03,4.850965e+03,1.322726e+04,8.376292e+03,4.231179e-01,NaN,NaN,8.911009e-03,1.897907e+16,2.832752e+19,2.446383e+20,6.159713e+16,4.596890e+20,9.754301e+18,7.291531e+20,1.690229e+02,1.671016e+01,1.523127e+02,NaN,NaN,NaN,NaN,3.900650e-02,NaN,5.507183e+06,6.341830e-03
1.074228e+04,2.404350e+03,2.394060e+03,4.839877e+03,1.321617e+04,8.376290e+03,4.228931e-01,NaN,NaN,8.917486e-03,1.898650e+16,2.831160e+19,2.446553e+20,6.165474e+16,4.596805e+20,9.762458e+18,7.292630e+20,1.690343e+02,1.672413e+01,1.523102e+02,NaN,NaN,NaN,NaN,3.900317e-02,NaN,5.507738e+06,6.349784e-03
1.074964e+04,2.404086e+03,2.393373e+03,4.809177e+03,1.318547e+04,8.376289e+03,4.222721e-01,NaN,NaN,8.935503e-03,1.900695e+16,2.826743e+19,2.446994e+20,6.181454e+16,4.596578e+20,9.785179e+18,7.295609e+20,1.690657e+02,1.676305e+01,1.523027e+02,NaN,NaN,NaN,NaN,3.899422e-02,NaN,5.509271e+06,6.353696e-03
1.077011e+04,2.403354e+03,2.392660e+03,4.777364e+03,1.315365e+04,8.376287e+03,4.216294e-01,NaN,NaN,8.954323e-03,1.902832e+16,2.822182e+19,2.447449e+20,6.198085e+16,4.596340e+20,9.808704e+18,7.298690e+20,1.690994e+02,1.680335e+01,1.522961e+02,NaN,NaN,NaN,NaN,3.898526e-02,NaN,5.510861e+06,6.364567e-03
1.079147e+04,2.402593e+03,2.391948e+03,4.745263e+03,1.312155e+04,8.376284e+03,4.209895e-01,NaN,NaN,8.973419e-03,1.904967e+16,2.817631e+19,2.447904e+20,6.214739e+16,4.596102e+20,9.832264e+18,7.301772e+20,1.691333e+02,1.684371e+01,1.522896e+02,NaN,NaN,NaN,NaN,3.897637e-02,NaN,5.512448e+06,6.375895e-03
1.081291e+04,2.401832e+03,2.391241e+03,4.713854e+03,1.309013e+04,8.376281e+03,4.203574e-01,NaN,NaN,8.992298e-03,1.907081e+16,2.813125e+19,2.448350e+20,6.231282e+16,4.595865e+20,9.855665e+18,7.304818e+20,1.691670e+02,1.688380e+01,1.522832e+02,NaN,NaN,NaN,NaN,3.896763e-02,NaN,5.514019e+06,6.387248e-03
1.083425e+04,2.401078e+03,2.390737e+03,4.691495e+03,1.306777e+04,8.376278e+03,4.199079e-01,NaN,NaN,9.005830e-03,1.908594e+16,2.809923e+19,2.448665e+20,6.243104e+16,4.595697e+20,9.872326e+18,7.306978e+20,1.691915e+02,1.691234e+01,1.522792e+02,NaN,NaN,NaN,NaN,3.896159e-02,NaN,5.515138e+06,6.398533e-03
1.084955e+04,2.400540e+03,2.390494e+03,4.680683e+03,1.305696e+04,8.376276e+03,4.196911e-01,NaN,NaN,9.012400e-03,1.909317e+16,2.808364e+19,2.448831e+20,6.248819e+16,4.595612e+20,9.880458e+18,7.308067e+20,1.692029e+02,1.692628e+01,1.522766e+02,NaN,NaN,NaN,NaN,3.895829e-02,NaN,5.515678e+06,6.406617e-03
1.085694e+04,2.400281e+03,2.389813e+03,4.650435e+03,1.302671e+04,8.376275e+03,4.190860e-01,NaN,NaN,9.030870e-03,1.911328e+16,2.803994e+19,2.449267e+20,6.264837e+16,4.595383e+20,9.903358e+18,7.311047e+20,1.692341e+02,1.696551e+01,1.522686e+02,NaN,NaN,NaN,NaN,3.894929e-02,NaN,5.517187e+06,6.410512e-03
1.087770e+04,2.399554e+03,2.389104e+03,4.619041e+03,1.299531e+04,8.376272e+03,4.184586e-01,NaN,NaN,9.050196e-03,1.913433e+16,2.799474e+19,2.449719e+20,6.281536e+16,4.595143e+20,9.927103e+18,7.314135e+20,1.692677e+02,1.700618e+01,1.522615e+02,NaN,NaN,NaN,NaN,3.894030e-02,NaN,5.518756e+06,6.421452e-03
1.089940e+04,2.398798e+03,2.388396e+03,4.587714e+03,1.296398e+04,8.376269e+03,4.178338e-01,NaN,NaN,9.069635e-03,1.915537e+16,2.794965e+19,2.450170e+20,6.298258e+16,4.594903e+20,9.950884e+18,7.317223e+20,1.693015e+02,1.704692e+01,1.522546e+02,NaN,NaN,NaN,NaN,3.893136e-02,NaN,5.520321e+06,6.432871e-03
1.092118e+04,2.398043e+03,2.387695e+03,4.556708e+03,1.293297e+04,8.376266e+03,4.172165e-01,NaN,NaN,9.089033e-03,1.917620e+16,2.790499e+19,2.450612e+20,6.314872e+16,4.594664e+20,9.974508e+18,7.320276e+20,1.693351e+02,1.708739e+01,1.522477e+02,NaN,NaN,NaN,NaN,3.892258e-02,NaN,5.521870e+06,6.444315e-03
1.094287e+04,2.397294e+03,2.387190e+03,4.534457e+03,1.291072e+04,8.376263e+03,4.167740e-01,NaN,NaN,9.103052e-03,1.919124e+16,2.787300e+19,2.450926e+20,6.326840e+16,4.594492e+20,9.991462e+18,7.322458e+20,1.693597e+02,1.711644e+01,1.522433e+02,NaN,NaN,NaN,NaN,3.891647e-02,NaN,5.522983e+06,6.455691e-03
1.095856e+04,2.396754e+03,2.386951e+03,4.523917e+03,1.290018e+04,8.376261e+03,4.165648e-01,NaN,NaN,9.109720e-03,1.919828e+16,2.785775e+19,2.451089e+20,6.332508e+16,4.594408e+20,9.999568e+18,7.323536e+20,1.693709e+02,1.713032e+01,1.522406e+02,NaN,NaN,NaN,NaN,3.891319e-02,NaN,5.523509e+06,6.463906e-03
1.096597e+04,2.396500e+03,2.386276e+03,4.494105e+03,1.287036e+04,8.376260e+03,4.159749e-01,NaN,NaN,9.128672e-03,1.921804e+16,2.781451e+19,2.451521e+20,6.348565e+16,4.594177e+20,1.002265e+19,7.326518e+20,1.694020e+02,1.716986e+01,1.522321e+02,NaN,NaN,NaN,NaN,3.890416e-02,NaN,5.524996e+06,6.467785e-03
1.098704e+04,2.395779e+03,2.385572e+03,4.463111e+03,1.283937e+04,8.376257e+03,4.153620e-01,NaN,NaN,9.148539e-03,1.923879e+16,2.776971e+19,2.451968e+20,6.365336e+16,4.593935e+20,1.004662e+19,7.329613e+20,1.694354e+02,1.721093e+01,1.522245e+02,NaN,NaN,NaN,NaN,3.889512e-02,NaN,5.526543e+06,6.478796e-03
1.100910e+04,2.395027e+03,2.384869e+03,4.432182e+03,1.280844e+04,8.376254e+03,4.147515e-01,NaN,NaN,9.168528e-03,1.925952e+16,2.772501e+19,2.452415e+20,6.382131e+16,4.593692e+20,1.007063e+19,7.332709e+20,1.694691e+02,1.725206e+01,1.522170e+02,NaN,NaN,NaN,NaN,3.888613e-02,NaN,5.528087e+06,6.490307e-03
1.103126e+04,2.394276e+03,2.384171e+03,4.401564e+03,1.277781e+04,8.376251e+03,4.141482e-01,NaN,NaN,9.188481e-03,1.928006e+16,2.768074e+19,2.452853e+20,6.398820e+16,4.593451e+20,1.009449e+19,7.335771e+20,1.695026e+02,1.729293e+01,1.522097e+02,NaN,NaN,NaN,NaN,3.887731e-02,NaN,5.529616e+06,6.501846e-03
1.105332e+04,2.393532e+03,2.383666e+03,4.379420e+03,1.275567e+04,8.376247e+03,4.137123e-01,NaN,NaN,9.203016e-03,1.929501e+16,2.764878e+19,2.453167e+20,6.410937e+16,4.593276e+20,1.011174e+19,7.337975e+20,1.695274e+02,1.732249e+01,1.522049e+02,NaN,NaN,NaN,NaN,3.887113e-02,NaN,5.530722e+06,6.513318e-03
1.106940e+04,2.392991e+03,2.383431e+03,4.369135e+03,1.274538e+04,8.376245e+03,4.135103e-01,NaN,NaN,9.209795e-03,1.930186e+16,2.763385e+19,2.453327e+20,6.416563e+16,4.593192e+20,1.011983e+19,7.339043e+20,1.695385e+02,1.733634e+01,1.522022e+02,NaN,NaN,NaN,NaN,3.886787e-02,NaN,5.531236e+06,6.521666e-03
1.107686e+04,2.392741e+03,2.382762e+03,4.339755e+03,1.271600e+04,8.376244e+03,4.129347e-01,NaN,NaN,9.229259e-03,1.932130e+16,2.759105e+19,2.453754e+20,6.432662e+16,4.592960e+20,1.014310e+19,7.342029e+20,1.695693e+02,1.737620e+01,1.521931e+02,NaN,NaN,NaN,NaN,3.885879e-02,NaN,5.532700e+06,6.525531e-03
1.109825e+04,2.392026e+03,2.382063e+03,4.309157e+03,1.268540e+04,8.376241e+03,4.123358e-01,NaN,NaN,9.249700e-03,1.934174e+16,2.754664e+19,2.454198e+20,6.449504e+16,4.592715e+20,1.016730e+19,7.345132e+20,1.696027e+02,1.741766e+01,1.521850e+02,NaN,NaN,NaN,NaN,3.884971e-02,NaN,5.534226e+06,6.536611e-03
1.112070e+04,2.391280e+03,2.381364e+03,4.278620e+03,1.265486e+04,8.376238e+03,4.117391e-01,NaN,NaN,9.270272e-03,1.936217e+16,2.750234e+19,2.454641e+20,6.466372e+16,4.592470e+20,1.019154e+19,7.348235e+20,1.696363e+02,1.745919e+01,1.521771e+02,NaN,NaN,NaN,NaN,3.884068e-02,NaN,5.535750e+06,6.548215e-03
1.114325e+04,2.390533e+03,2.380671e+03,4.248389e+03,1.262462e+04,8.376235e+03,4.111494e-01,NaN,NaN,9.290812e-03,1.938241e+16,2.745845e+19,2.455075e+20,6.483134e+16,4.592227e+20,1.021562e+19,7.351305e+20,1.696697e+02,1.750045e+01,1.521693e+02,NaN,NaN,NaN,NaN,3.883181e-02,NaN,5.537258e+06,6.559846e-03
1.116571e+04,2.389793e+03,2.380165e+03,4.226348e+03,1.260258e+04,8.376232e+03,4.107197e-01,NaN,NaN,9.305899e-03,1.939726e+16,2.742652e+19,2.455388e+20,6.495404e+16,4.592049e+20,1.023318e+19,7.353532e+20,1.696947e+02,1.753053e+01,1.521642e+02,NaN,NaN,NaN,NaN,3.882556e-02,NaN,5.538359e+06,6.571413e-03
1.118221e+04,2.389251e+03,2.379935e+03,4.216313e+03,1.259254e+04,8.376230e+03,4.105247e-01,NaN,NaN,9.312796e-03,1.940394e+16,2.741191e+19,2.455545e+20,6.500985e+16,4.591964e+20,1.024124e+19,7.354591e+20,1.697056e+02,1.754434e+01,1.521613e+02,NaN,NaN,NaN,NaN,3.882233e-02,NaN,5.538859e+06,6.579899e-03
1.118972e+04,2.389006e+03,2.379271e+03,4.187353e+03,1.256358e+04,8.376229e+03,4.099630e-01,NaN,NaN,9.332806e-03,1.942304e+16,2.736954e+19,2.455968e+20,6.517126e+16,4.591730e+20,1.026470e+19,7.357579e+20,1.697362e+02,1.758453e+01,1.521517e+02,NaN,NaN,NaN,NaN,3.881321e-02,NaN,5.540301e+06,6.583749e-03
1.121146e+04,2.388297e+03,2.378576e+03,4.157141e+03,1.253337e+04,8.376226e+03,4.093774e-01,NaN,NaN,9.353861e-03,1.944319e+16,2.732553e+19,2.456408e+20,6.534042e+16,4.591484e+20,1.028914e+19,7.360691e+20,1.697696e+02,1.762639e+01,1.521432e+02,NaN,NaN,NaN,NaN,3.880407e-02,NaN,5.541808e+06,6.594897e-03
1.123432e+04,2.387555e+03,2.377882e+03,4.126987e+03,1.250321e+04,8.376222e+03,4.087940e-01,NaN,NaN,9.375056e-03,1.946332e+16,2.728161e+19,2.456847e+20,6.550985e+16,4.591236e+20,1.031362e+19,7.363803e+20,1.698031e+02,1.766832e+01,1.521348e+02,NaN,NaN,NaN,NaN,3.879500e-02,NaN,5.543311e+06,6.606596e-03
1.125728e+04,2.386813e+03,2.377194e+03,4.097127e+03,1.247335e+04,8.376219e+03,4.082172e-01,NaN,NaN,9.396227e-03,1.948327e+16,2.723809e+19,2.457278e+20,6.567826e+16,4.590990e+20,1.033794e+19,7.366881e+20,1.698364e+02,1.771000e+01,1.521264e+02,NaN,NaN,NaN,NaN,3.878608e-02,NaN,5.544800e+06,6.618324e-03
1.128018e+04,2.386077e+03,2.376687e+03,4.075185e+03,1.245140e+04,8.376216e+03,4.077936e-01,NaN,NaN,9.411903e-03,1.949803e+16,2.720618e+19,2.457590e+20,6.580251e+16,4.590809e+20,1.035581e+19,7.369131e+20,1.698616e+02,1.774061e+01,1.521210e+02,NaN,NaN,NaN,NaN,3.877976e-02,NaN,5.545895e+06,6.629991e-03
1.129713e+04,2.385534e+03,2.376461e+03,4.065391e+03,1.244160e+04,8.376214e+03,4.076050e-01,NaN,NaN,9.418931e-03,1.950455e+16,2.719186e+19,2.457745e+20,6.585794e+16,4.590724e+20,1.036386e+19,7.370183e+20,1.698724e+02,1.775439e+01,1.521180e+02,NaN,NaN,NaN,NaN,3.877656e-02,NaN,5.546384e+06,6.638616e-03
1.130469e+04,2.385293e+03,2.375802e+03,4.036840e+03,1.241305e+04,8.376213e+03,4.070567e-01,NaN,NaN,9.439526e-03,1.952332e+16,2.714992e+19,2.458164e+20,6.601979e+16,4.590489e+20,1.038751e+19,7.373176e+20,1.699028e+02,1.779491e+01,1.521079e+02,NaN,NaN,NaN,NaN,3.876738e-02,NaN,5.547804e+06,6.642453e-03
1.132680e+04,2.384589e+03,2.375112e+03,4.006999e+03,1.238321e+04,8.376210e+03,4.064838e-01,NaN,NaN,9.461241e-03,1.954318e+16,2.710628e+19,2.458600e+20,6.618974e+16,4.590240e+20,1.041219e+19,7.376295e+20,1.699361e+02,1.783719e+01,1.520989e+02,NaN,NaN,NaN,NaN,3.875820e-02,NaN,5.549291e+06,6.653673e-03
1.135011e+04,2.383851e+03,2.374423e+03,3.977213e+03,1.235342e+04,8.376206e+03,4.059130e-01,NaN,NaN,9.483108e-03,1.956302e+16,2.706272e+19,2.459035e+20,6.635998e+16,4.589989e+20,1.043691e+19,7.379417e+20,1.699695e+02,1.787955e+01,1.520900e+02,NaN,NaN,NaN,NaN,3.874908e-02,NaN,5.550776e+06,6.665470e-03
1.137353e+04,2.383114e+03,2.373738e+03,3.947708e+03,1.232391e+04,8.376203e+03,4.053485e-01,NaN,NaN,9.504960e-03,1.958269e+16,2.701956e+19,2.459462e+20,6.652921e+16,4.589741e+20,1.046149e+19,7.382507e+20,1.700028e+02,1.792165e+01,1.520812e+02,NaN,NaN,NaN,NaN,3.874011e-02,NaN,5.552246e+06,6.677297e-03
1.139688e+04,2.382382e+03,2.373231e+03,3.925862e+03,1.230206e+04,8.376200e+03,4.049308e-01,NaN,NaN,9.521268e-03,1.959737e+16,2.698767e+19,2.459774e+20,6.665506e+16,4.589557e+20,1.047968e+19,7.384781e+20,1.700282e+02,1.795281e+01,1.520754e+02,NaN,NaN,NaN,NaN,3.873371e-02,NaN,5.553336e+06,6.689064e-03
1.141431e+04,2.381838e+03,2.373008e+03,3.916866e+03,1.229306e+04,8.376198e+03,4.047484e-01,NaN,NaN,9.528093e-03,1.960372e+16,2.697364e+19,2.459926e+20,6.671009e+16,4.589472e+20,1.048771e+19,7.385824e+20,1.700389e+02,1.796656e+01,1.520723e+02,NaN,NaN,NaN,NaN,3.873054e-02,NaN,5.553812e+06,6.697832e-03
1.142193e+04,2.381601e+03,2.372355e+03,3.888717e+03,1.226491e+04,8.376197e+03,4.042130e-01,NaN,NaN,9.549310e-03,1.962217e+16,2.693212e+19,2.460341e+20,6.687238e+16,4.589235e+20,1.051156e+19,7.388820e+20,1.700691e+02,1.800742e+01,1.520617e+02,NaN,NaN,NaN,NaN,3.872132e-02,NaN,5.555212e+06,6.701655e-03
1.144444e+04,2.380903e+03,2.371669e+03,3.859239e+03,1.223543e+04,8.376193e+03,4.036524e-01,NaN,NaN,9.571730e-03,1.964174e+16,2.688884e+19,2.460773e+20,6.704313e+16,4.588983e+20,1.053649e+19,7.391951e+20,1.701023e+02,1.805012e+01,1.520522e+02,NaN,NaN,NaN,NaN,3.871209e-02,NaN,5.556680e+06,6.712946e-03
1.146822e+04,2.380169e+03,2.370983e+03,3.829812e+03,1.220600e+04,8.376190e+03,4.030938e-01,NaN,NaN,9.594312e-03,1.966130e+16,2.684564e+19,2.461205e+20,6.721419e+16,4.588730e+20,1.056146e+19,7.395084e+20,1.701357e+02,1.809290e+01,1.520428e+02,NaN,NaN,NaN,NaN,3.870292e-02,NaN,5.558146e+06,6.724842e-03
1.149212e+04,2.379436e+03,2.370304e+03,3.800666e+03,1.217685e+04,8.376187e+03,4.025414e-01,NaN,NaN,9.616884e-03,1.968069e+16,2.680284e+19,2.461628e+20,6.738424e+16,4.588480e+20,1.058628e+19,7.398183e+20,1.701690e+02,1.813543e+01,1.520336e+02,NaN,NaN,NaN,NaN,3.869389e-02,NaN,5.559598e+06,6.736769e-03
1.151595e+04,2.378708e+03,2.369795e+03,3.778907e+03,1.215509e+04,8.376184e+03,4.021292e-01,NaN,NaN,9.633871e-03,1.969528e+16,2.677096e+19,2.461940e+20,6.751173e+16,4.588292e+20,1.060481e+19,7.400482e+20,1.701946e+02,1.816716e+01,1.520274e+02,NaN,NaN,NaN,NaN,3.868742e-02,NaN,5.560683e+06,6.748633e-03
1.153390e+04,2.378163e+03,2.369577e+03,3.769586e+03,1.214577e+04,8.376181e+03,4.019530e-01,NaN,NaN,9.641182e-03,1.970146e+16,2.675724e+19,2.462089e+20,6.756632e+16,4.588208e+20,1.061280e+19,7.401516e+20,1.702052e+02,1.818086e+01,1.520243e+02,NaN,NaN,NaN,NaN,3.868428e-02,NaN,5.561147e+06,6.757547e-03
1.154158e+04,2.377931e+03,2.368930e+03,3.741844e+03,1.211802e+04,8.376180e+03,4.014303e-01,NaN,NaN,9.663059e-03,1.971959e+16,2.671614e+19,2.462499e+20,6.772898e+16,4.587969e+20,1.063684e+19,7.404516e+20,1.702352e+02,1.822204e+01,1.520132e+02,NaN,NaN,NaN,NaN,3.867501e-02,NaN,5.562526e+06,6.761354e-03
1.156452e+04,2.377238e+03,2.368249e+03,3.712726e+03,1.208890e+04,8.376177e+03,4.008817e-01,NaN,NaN,9.686234e-03,1.973887e+16,2.667323e+19,2.462928e+20,6.790053e+16,4.587714e+20,1.066202e+19,7.407657e+20,1.702684e+02,1.826517e+01,1.520032e+02,NaN,NaN,NaN,NaN,3.866574e-02,NaN,5.563975e+06,6.772713e-03
1.158880e+04,2.376509e+03,2.367567e+03,3.683655e+03,1.205983e+04,8.376174e+03,4.003350e-01,NaN,NaN,9.709587e-03,1.975815e+16,2.663038e+19,2.463356e+20,6.807241e+16,4.587459e+20,1.068724e+19,7.410799e+20,1.703017e+02,1.830838e+01,1.519933e+02,NaN,NaN,NaN,NaN,3.865651e-02,NaN,5.565423e+06,6.784708e-03
1.161322e+04,2.375780e+03,2.366892e+03,3.654848e+03,1.203102e+04,8.376170e+03,3.997941e-01,NaN,NaN,9.732943e-03,1.977727e+16,2.658791e+19,2.463777e+20,6.824333e+16,4.587206e+20,1.071233e+19,7.413911e+20,1.703349e+02,1.835135e+01,1.519836e+02,NaN,NaN,NaN,NaN,3.864744e-02,NaN,5.566857e+06,6.796737e-03
1.163759e+04,2.375056e+03,2.366382e+03,3.633177e+03,1.200934e+04,8.376167e+03,3.993873e-01,NaN,NaN,9.750662e-03,1.979177e+16,2.655604e+19,2.464088e+20,6.837249e+16,4.587014e+20,1.073119e+19,7.416236e+20,1.703607e+02,1.838366e+01,1.519770e+02,NaN,NaN,NaN,NaN,3.864089e-02,NaN,5.567937e+06,6.808706e-03
1.165607e+04,2.374509e+03,2.366168e+03,3.624075e+03,1.200024e+04,8.376164e+03,3.992168e-01,NaN,NaN,9.758139e-03,1.979780e+16,2.654260e+19,2.464235e+20,6.842670e+16,4.586930e+20,1.073917e+19,7.417261e+20,1.703711e+02,1.839734e+01,1.519738e+02,NaN,NaN,NaN,NaN,3.863778e-02,NaN,5.568390e+06,6.817769e-03
1.166384e+04,2.374281e+03,2.365526e+03,3.596716e+03,1.197288e+04,8.376163e+03,3.987061e-01,NaN,NaN,9.780739e-03,1.981562e+16,2.650191e+19,2.464641e+20,6.858985e+16,4.586689e+20,1.076341e+19,7.420267e+20,1.704011e+02,1.843887e+01,1.519622e+02,NaN,NaN,NaN,NaN,3.862846e-02,NaN,5.569749e+06,6.821564e-03
1.168725e+04,2.373594e+03,2.364849e+03,3.567936e+03,1.194410e+04,8.376160e+03,3.981689e-01,NaN,NaN,9.804740e-03,1.983463e+16,2.645932e+19,2.465066e+20,6.876230e+16,4.586432e+20,1.078885e+19,7.423420e+20,1.704342e+02,1.848246e+01,1.519517e+02,NaN,NaN,NaN,NaN,3.861912e-02,NaN,5.571182e+06,6.832999e-03
1.171209e+04,2.372868e+03,2.364172e+03,3.539197e+03,1.191535e+04,8.376157e+03,3.976333e-01,NaN,NaN,9.828935e-03,1.985365e+16,2.641680e+19,2.465491e+20,6.893512e+16,4.586174e+20,1.081435e+19,7.426576e+20,1.704675e+02,1.852613e+01,1.519414e+02,NaN,NaN,NaN,NaN,3.860985e-02,NaN,5.572612e+06,6.845101e-03
1.173708e+04,2.372143e+03,2.363500e+03,3.510720e+03,1.188687e+04,8.376153e+03,3.971034e-01,NaN,NaN,9.853141e-03,1.987250e+16,2.637465e+19,2.465908e+20,6.910700e+16,4.585918e+20,1.083971e+19,7.429700e+20,1.705008e+02,1.856957e+01,1.519312e+02,NaN,NaN,NaN,NaN,3.860071e-02,NaN,5.574029e+06,6.857238e-03
1.176203e+04,2.371423e+03,2.362989e+03,3.489134e+03,1.186528e+04,8.376150e+03,3.967019e-01,NaN,NaN,9.871648e-03,1.988692e+16,2.634278e+19,2.466219e+20,6.923786e+16,4.585723e+20,1.085891e+19,7.432052e+20,1.705267e+02,1.860247e+01,1.519242e+02,NaN,NaN,NaN,NaN,3.859408e-02,NaN,5.575105e+06,6.869317e-03
1.178110e+04,2.370875e+03,2.362779e+03,3.480236e+03,1.185638e+04,8.376147e+03,3.965368e-01,NaN,NaN,9.879314e-03,1.989280e+16,2.632960e+19,2.466364e+20,6.929176e+16,4.585639e+20,1.086689e+19,7.433071e+20,1.705371e+02,1.861613e+01,1.519210e+02,NaN,NaN,NaN,NaN,3.859100e-02,NaN,5.575548e+06,6.878532e-03
1.178896e+04,2.370650e+03,2.362142e+03,3.453251e+03,1.182940e+04,8.376146e+03,3.960376e-01,NaN,NaN,9.902696e-03,1.991032e+16,2.628929e+19,2.466766e+20,6.945541e+16,4.585396e+20,1.089134e+19,7.436083e+20,1.705668e+02,1.865803e+01,1.519088e+02,NaN,NaN,NaN,NaN,3.858162e-02,NaN,5.576888e+06,6.882319e-03
1.181287e+04,2.369968e+03,2.361469e+03,3.424802e+03,1.180094e+04,8.376143e+03,3.955114e-01,NaN,NaN,9.927588e-03,1.992906e+16,2.624703e+19,2.467188e+20,6.962878e+16,4.585136e+20,1.091705e+19,7.439249e+20,1.706000e+02,1.870208e+01,1.518979e+02,NaN,NaN,NaN,NaN,3.857224e-02,NaN,5.578303e+06,6.893827e-03
1.183831e+04,2.369246e+03,2.360796e+03,3.396391e+03,1.177253e+04,8.376139e+03,3.949868e-01,NaN,NaN,9.952690e-03,1.994781e+16,2.620484e+19,2.467610e+20,6.980252e+16,4.584875e+20,1.094282e+19,7.442417e+20,1.706333e+02,1.874622e+01,1.518871e+02,NaN,NaN,NaN,NaN,3.856291e-02,NaN,5.579716e+06,6.906036e-03
1.186391e+04,2.368525e+03,2.360128e+03,3.368241e+03,1.174438e+04,8.376136e+03,3.944678e-01,NaN,NaN,9.977809e-03,1.996639e+16,2.616301e+19,2.468024e+20,6.997532e+16,4.584616e+20,1.096845e+19,7.445555e+20,1.706665e+02,1.879012e+01,1.518764e+02,NaN,NaN,NaN,NaN,3.855372e-02,NaN,5.581116e+06,6.918279e-03
1.188947e+04,2.367809e+03,2.359616e+03,3.346732e+03,1.172286e+04,8.376132e+03,3.940713e-01,NaN,NaN,9.997174e-03,1.998073e+16,2.613114e+19,2.468334e+20,7.010795e+16,4.584418e+20,1.098801e+19,7.447934e+20,1.706926e+02,1.882364e+01,1.518690e+02,NaN,NaN,NaN,NaN,3.854701e-02,NaN,5.582188e+06,6.930464e-03
1.190917e+04,2.367259e+03,2.359410e+03,3.338045e+03,1.171417e+04,8.376129e+03,3.939115e-01,NaN,NaN,1.000503e-02,1.998647e+16,2.611822e+19,2.468477e+20,7.016147e+16,4.584333e+20,1.099597e+19,7.448944e+20,1.707030e+02,1.883726e+01,1.518657e+02,NaN,NaN,NaN,NaN,3.854395e-02,NaN,5.582620e+06,6.939837e-03
1.191713e+04,2.367038e+03,2.358780e+03,3.310912e+03,1.168704e+04,8.376128e+03,3.934240e-01,NaN,NaN,1.002965e-02,2.000367e+16,2.607833e+19,2.468875e+20,7.032552e+16,4.584089e+20,1.102062e+19,7.451962e+20,1.707326e+02,1.887950e+01,1.518531e+02,NaN,NaN,NaN,NaN,3.853453e-02,NaN,5.583940e+06,6.943610e-03
1.194157e+04,2.366362e+03,2.358111e+03,3.282804e+03,1.165893e+04,8.376125e+03,3.929087e-01,NaN,NaN,1.005549e-02,2.002215e+16,2.603642e+19,2.469293e+20,7.049976e+16,4.583826e+20,1.104660e+19,7.455138e+20,1.707657e+02,1.892399e+01,1.518417e+02,NaN,NaN,NaN,NaN,3.852511e-02,NaN,5.585338e+06,6.955185e-03
1.196765e+04,2.365645e+03,2.357442e+03,3.254746e+03,1.163087e+04,8.376121e+03,3.923950e-01,NaN,NaN,1.008156e-02,2.004070e+16,2.599465e+19,2.469707e+20,7.067438e+16,4.583563e+20,1.107257e+19,7.458302e+20,1.707995e+02,1.896849e+01,1.518310e+02,NaN,NaN,NaN,NaN,3.851593e-02,NaN,5.586734e+06,6.967496e-03
1.199390e+04,2.364927e+03,2.356778e+03,3.227007e+03,1.160312e+04,8.376118e+03,3.918866e-01,NaN,NaN,1.010760e-02,2.005993e+16,2.595434e+19,2.470116e+20,7.084790e+16,4.583291e+20,1.109791e+19,7.461403e+20,1.708386e+02,1.901190e+01,1.518267e+02,NaN,NaN,NaN,NaN,3.850848e-02,NaN,5.588118e+06,6.979842e-03
1.202012e+04,2.364215e+03,2.356265e+03,3.205476e+03,1.158159e+04,8.376114e+03,3.914949e-01,NaN,NaN,1.012797e-02,2.007320e+16,2.592116e+19,2.470433e+20,7.098251e+16,4.583099e+20,1.111846e+19,7.463880e+20,1.708586e+02,1.904711e+01,1.518115e+02,NaN,NaN,NaN,NaN,3.849967e-02,NaN,5.589186e+06,6.992134e-03
1.204051e+04,2.363664e+03,2.356063e+03,3.196999e+03,1.157311e+04,8.376111e+03,3.913404e-01,NaN,NaN,1.013604e-02,2.007880e+16,2.590852e+19,2.470573e+20,7.103564e+16,4.583014e+20,1.112639e+19,7.464881e+20,1.708689e+02,1.906070e+01,1.518082e+02,NaN,NaN,NaN,NaN,3.849665e-02,NaN,5.589608e+06,7.001668e-03
1.204858e+04,2.363447e+03,2.355437e+03,3.170781e+03,1.154689e+04,8.376110e+03,3.908642e-01,NaN,NaN,1.016115e-02,2.009568e+16,2.586903e+19,2.470967e+20,7.120007e+16,4.582768e+20,1.115125e+19,7.467903e+20,1.708983e+02,1.910327e+01,1.517950e+02,NaN,NaN,NaN,NaN,3.848717e-02,NaN,5.590909e+06,7.005428e-03
1.207359e+04,2.362776e+03,2.354772e+03,3.142991e+03,1.151910e+04,8.376107e+03,3.903595e-01,NaN,NaN,1.018804e-02,2.011389e+16,2.582744e+19,2.471382e+20,7.137522e+16,4.582503e+20,1.117749e+19,7.471093e+20,1.709313e+02,1.914824e+01,1.517831e+02,NaN,NaN,NaN,NaN,3.847770e-02,NaN,5.592290e+06,7.017070e-03
1.210037e+04,2.362063e+03,2.354108e+03,3.115255e+03,1.149136e+04,8.376103e+03,3.898562e-01,NaN,NaN,1.021516e-02,2.013218e+16,2.578600e+19,2.471793e+20,7.155078e+16,4.582237e+20,1.120375e+19,7.474271e+20,1.709651e+02,1.919321e+01,1.517719e+02,NaN,NaN,NaN,NaN,3.846847e-02,NaN,5.593670e+06,7.029489e-03
1.212733e+04,2.361349e+03,2.353447e+03,3.087828e+03,1.146393e+04,8.376099e+03,3.893580e-01,NaN,NaN,1.024227e-02,2.015114e+16,2.574595e+19,2.472199e+20,7.172529e+16,4.581962e+20,1.122938e+19,7.477388e+20,1.710042e+02,1.923712e+01,1.517671e+02,NaN,NaN,NaN,NaN,3.846091e-02,NaN,5.595038e+06,7.041945e-03
1.215426e+04,2.360641e+03,2.352933e+03,3.066362e+03,1.144246e+04,8.376095e+03,3.889710e-01,NaN,NaN,1.026367e-02,2.016435e+16,2.571279e+19,2.472516e+20,7.186176e+16,4.581766e+20,1.125031e+19,7.479892e+20,1.710246e+02,1.927297e+01,1.517516e+02,NaN,NaN,NaN,NaN,3.845206e-02,NaN,5.596102e+06,7.054348e-03
1.217540e+04,2.360088e+03,2.352734e+03,3.058085e+03,1.143418e+04,8.376093e+03,3.888214e-01,NaN,NaN,1.027197e-02,2.016981e+16,2.570041e+19,2.472653e+20,7.191454e+16,4.581681e+20,1.125822e+19,7.480886e+20,1.710347e+02,1.928652e+01,1.517482e+02,NaN,NaN,NaN,NaN,3.844907e-02,NaN,5.596514e+06,7.064048e-03
1.218359e+04,2.359875e+03,2.352115e+03,3.032239e+03,1.140833e+04,8.376091e+03,3.883563e-01,NaN,NaN,1.029806e-02,2.018638e+16,2.566131e+19,2.473043e+20,7.207937e+16,4.581433e+20,1.128327e+19,7.483914e+20,1.710640e+02,1.932945e+01,1.517345e+02,NaN,NaN,NaN,NaN,3.843954e-02,NaN,5.597796e+06,7.067796e-03
1.220922e+04,2.359209e+03,2.351454e+03,3.004772e+03,1.138086e+04,8.376088e+03,3.878617e-01,NaN,NaN,1.032608e-02,2.020433e+16,2.562004e+19,2.473455e+20,7.225546e+16,4.581165e+20,1.130980e+19,7.487117e+20,1.710971e+02,1.937489e+01,1.517222e+02,NaN,NaN,NaN,NaN,3.843001e-02,NaN,5.599161e+06,7.079505e-03
1.223675e+04,2.358500e+03,2.350793e+03,2.977348e+03,1.135343e+04,8.376084e+03,3.873685e-01,NaN,NaN,1.035435e-02,2.022236e+16,2.557890e+19,2.473863e+20,7.243199e+16,4.580897e+20,1.133634e+19,7.490309e+20,1.711309e+02,1.942036e+01,1.517105e+02,NaN,NaN,NaN,NaN,3.842072e-02,NaN,5.600525e+06,7.092034e-03
1.226448e+04,2.357790e+03,2.350137e+03,2.950227e+03,1.132631e+04,8.376080e+03,3.868803e-01,NaN,NaN,1.038264e-02,2.024106e+16,2.553912e+19,2.474266e+20,7.260749e+16,4.580619e+20,1.136227e+19,7.493443e+20,1.711698e+02,1.946477e+01,1.517050e+02,NaN,NaN,NaN,NaN,3.841307e-02,NaN,5.601877e+06,7.104601e-03
1.229220e+04,2.357085e+03,2.349621e+03,2.928821e+03,1.130490e+04,8.376076e+03,3.864978e-01,NaN,NaN,1.040515e-02,2.025421e+16,2.550597e+19,2.474583e+20,7.274590e+16,4.580419e+20,1.138358e+19,7.495977e+20,1.711906e+02,1.950129e+01,1.516893e+02,NaN,NaN,NaN,NaN,3.840417e-02,NaN,5.602938e+06,7.117117e-03
1.231414e+04,2.356530e+03,2.349426e+03,2.920735e+03,1.129681e+04,8.376073e+03,3.863529e-01,NaN,NaN,1.041372e-02,2.025954e+16,2.549384e+19,2.474718e+20,7.279834e+16,4.580334e+20,1.139148e+19,7.496964e+20,1.712007e+02,1.951481e+01,1.516859e+02,NaN,NaN,NaN,NaN,3.840122e-02,NaN,5.603341e+06,7.126988e-03
1.232248e+04,2.356320e+03,2.348812e+03,2.895254e+03,1.127133e+04,8.376072e+03,3.858987e-01,NaN,NaN,1.044086e-02,2.027580e+16,2.545514e+19,2.475104e+20,7.296355e+16,4.580084e+20,1.141673e+19,7.499998e+20,1.712298e+02,1.955808e+01,1.516717e+02,NaN,NaN,NaN,NaN,3.839164e-02,NaN,5.604604e+06,7.130725e-03
1.234878e+04,2.355661e+03,2.348155e+03,2.868095e+03,1.124416e+04,8.376069e+03,3.854141e-01,NaN,NaN,1.047012e-02,2.029349e+16,2.541417e+19,2.475513e+20,7.314062e+16,4.579813e+20,1.144355e+19,7.503215e+20,1.712629e+02,1.960402e+01,1.516589e+02,NaN,NaN,NaN,NaN,3.838205e-02,NaN,5.605953e+06,7.142500e-03
1.237713e+04,2.354955e+03,2.347496e+03,2.841727e+03,1.121779e+04,8.376065e+03,3.849306e-01,NaN,NaN,1.049897e-02,2.031127e+16,2.537332e+19,2.475918e+20,7.331819e+16,4.579541e+20,1.147039e+19,7.506424e+20,1.712967e+02,1.964999e+01,1.516467e+02,NaN,NaN,NaN,NaN,3.837269e-02,NaN,5.607302e+06,7.155143e-03
1.240570e+04,2.354248e+03,2.346843e+03,2.814895e+03,1.119096e+04,8.376061e+03,3.844519e-01,NaN,NaN,1.052853e-02,2.032971e+16,2.533378e+19,2.476318e+20,7.349477e+16,4.579261e+20,1.149662e+19,7.509574e+20,1.713355e+02,1.969494e+01,1.516406e+02,NaN,NaN,NaN,NaN,3.836494e-02,NaN,5.608640e+06,7.167828e-03
1.243427e+04,2.353546e+03,2.346327e+03,2.793544e+03,1.116960e+04,8.376057e+03,3.840738e-01,NaN,NaN,1.055227e-02,2.034280e+16,2.530064e+19,2.476635e+20,7.363516e+16,4.579056e+20,1.151834e+19,7.512140e+20,1.713567e+02,1.973214e+01,1.516246e+02,NaN,NaN,NaN,NaN,3.835599e-02,NaN,5.609698e+06,7.180462e-03
1.245708e+04,2.352990e+03,2.346134e+03,2.785637e+03,1.116169e+04,8.376054e+03,3.839334e-01,NaN,NaN,1.056113e-02,2.034802e+16,2.528874e+19,2.476768e+20,7.368732e+16,4.578971e+20,1.152622e+19,7.513121e+20,1.713670e+02,1.974565e+01,1.516213e+02,NaN,NaN,NaN,NaN,3.835308e-02,NaN,5.610092e+06,7.190509e-03
1.246558e+04,2.352783e+03,2.345526e+03,2.760519e+03,1.113657e+04,8.376053e+03,3.834896e-01,NaN,NaN,1.058943e-02,2.036397e+16,2.525043e+19,2.477150e+20,7.385293e+16,4.578720e+20,1.155169e+19,7.516160e+20,1.713958e+02,1.978927e+01,1.516065e+02,NaN,NaN,NaN,NaN,3.834343e-02,NaN,5.611337e+06,7.194237e-03
1.249261e+04,2.352129e+03,2.344873e+03,2.733654e+03,1.110970e+04,8.376049e+03,3.830146e-01,NaN,NaN,1.062004e-02,2.038141e+16,2.520975e+19,2.477556e+20,7.403104e+16,4.578446e+20,1.157881e+19,7.519395e+20,1.714289e+02,1.983573e+01,1.515932e+02,NaN,NaN,NaN,NaN,3.833378e-02,NaN,5.612671e+06,7.206080e-03
1.252186e+04,2.351427e+03,2.344220e+03,2.706825e+03,1.108287e+04,8.376045e+03,3.825407e-01,NaN,NaN,1.065098e-02,2.039894e+16,2.516919e+19,2.477958e+20,7.420964e+16,4.578171e+20,1.160595e+19,7.522619e+20,1.714628e+02,1.988222e+01,1.515806e+02,NaN,NaN,NaN,NaN,3.832437e-02,NaN,5.614005e+06,7.218837e-03
1.255134e+04,2.350724e+03,2.343570e+03,2.680283e+03,1.105632e+04,8.376041e+03,3.820714e-01,NaN,NaN,1.068195e-02,2.041711e+16,2.512990e+19,2.478356e+20,7.438728e+16,4.577887e+20,1.163249e+19,7.525787e+20,1.715015e+02,1.992770e+01,1.515738e+02,NaN,NaN,NaN,NaN,3.831650e-02,NaN,5.615328e+06,7.231638e-03
1.258085e+04,2.350025e+03,2.343052e+03,2.658980e+03,1.103502e+04,8.376037e+03,3.816975e-01,NaN,NaN,1.070705e-02,2.043016e+16,2.509674e+19,2.478673e+20,7.452974e+16,4.577678e+20,1.165462e+19,7.528386e+20,1.715232e+02,1.996560e+01,1.515576e+02,NaN,NaN,NaN,NaN,3.830751e-02,NaN,5.616384e+06,7.244390e-03
1.260462e+04,2.349466e+03,2.342863e+03,2.651247e+03,1.102728e+04,8.376033e+03,3.815614e-01,NaN,NaN,1.071623e-02,2.043526e+16,2.508509e+19,2.478804e+20,7.458159e+16,4.577593e+20,1.166249e+19,7.529360e+20,1.715333e+02,1.997909e+01,1.515542e+02,NaN,NaN,NaN,NaN,3.830463e-02,NaN,5.616769e+06,7.254620e-03
1.261330e+04,2.349264e+03,2.342261e+03,2.626492e+03,1.100252e+04,8.376032e+03,3.811280e-01,NaN,NaN,1.074579e-02,2.045090e+16,2.504716e+19,2.479182e+20,7.474756e+16,4.577340e+20,1.168816e+19,7.532406e+20,1.715620e+02,2.002306e+01,1.515389e+02,NaN,NaN,NaN,NaN,3.829493e-02,NaN,5.617995e+06,7.258339e-03
1.264113e+04,2.348615e+03,2.341611e+03,2.599916e+03,1.097594e+04,8.376028e+03,3.806623e-01,NaN,NaN,1.077792e-02,2.046810e+16,2.500676e+19,2.479585e+20,7.492674e+16,4.577062e+20,1.171559e+19,7.535657e+20,1.715953e+02,2.007005e+01,1.515252e+02,NaN,NaN,NaN,NaN,3.828522e-02,NaN,5.619316e+06,7.270247e-03
1.267137e+04,2.347916e+03,2.340961e+03,2.573372e+03,1.094940e+04,8.376024e+03,3.801977e-01,NaN,NaN,1.081039e-02,2.048538e+16,2.496648e+19,2.479984e+20,7.510643e+16,4.576784e+20,1.174304e+19,7.538899e+20,1.716291e+02,2.011707e+01,1.515120e+02,NaN,NaN,NaN,NaN,3.827574e-02,NaN,5.620635e+06,7.283123e-03
1.270187e+04,2.347216e+03,2.340316e+03,2.547108e+03,1.092313e+04,8.376020e+03,3.797374e-01,NaN,NaN,1.084293e-02,2.050330e+16,2.492742e+19,2.480380e+20,7.528521e+16,4.576498e+20,1.176991e+19,7.542087e+20,1.716677e+02,2.016311e+01,1.515046e+02,NaN,NaN,NaN,NaN,3.826776e-02,NaN,5.621945e+06,7.296045e-03
1.273242e+04,2.346521e+03,2.339796e+03,2.525846e+03,1.090186e+04,8.376016e+03,3.793676e-01,NaN,NaN,1.086954e-02,2.051630e+16,2.489425e+19,2.480696e+20,7.542981e+16,4.576284e+20,1.179247e+19,7.544719e+20,1.716899e+02,2.020175e+01,1.514881e+02,NaN,NaN,NaN,NaN,3.825872e-02,NaN,5.622998e+06,7.308922e-03
1.275724e+04,2.345959e+03,2.339610e+03,2.518285e+03,1.089430e+04,8.376012e+03,3.792356e-01,NaN,NaN,1.087907e-02,2.052129e+16,2.488281e+19,2.480826e+20,7.548142e+16,4.576199e+20,1.180033e+19,7.545688e+20,1.717000e+02,2.021522e+01,1.514848e+02,NaN,NaN,NaN,NaN,3.825588e-02,NaN,5.623375e+06,7.319340e-03
1.276613e+04,2.345760e+03,2.339013e+03,2.493883e+03,1.086989e+04,8.376011e+03,3.788123e-01,NaN,NaN,1.091005e-02,2.053662e+16,2.484526e+19,2.481200e+20,7.564776e+16,4.575944e+20,1.182621e+19,7.548740e+20,1.717286e+02,2.025956e+01,1.514690e+02,NaN,NaN,NaN,NaN,3.824612e-02,NaN,5.624583e+06,7.323054e-03
1.279484e+04,2.345117e+03,2.338367e+03,2.467586e+03,1.084359e+04,8.376007e+03,3.783557e-01,NaN,NaN,1.094384e-02,2.055358e+16,2.480514e+19,2.481601e+20,7.582806e+16,4.575663e+20,1.185396e+19,7.552009e+20,1.717618e+02,2.030709e+01,1.514547e+02,NaN,NaN,NaN,NaN,3.823634e-02,NaN,5.625890e+06,7.335027e-03
1.282618e+04,2.344421e+03,2.337721e+03,2.441318e+03,1.081732e+04,8.376003e+03,3.779000e-01,NaN,NaN,1.097803e-02,2.057062e+16,2.476511e+19,2.481997e+20,7.600891e+16,4.575382e+20,1.188173e+19,7.555270e+20,1.717958e+02,2.035467e+01,1.514411e+02,NaN,NaN,NaN,NaN,3.822679e-02,NaN,5.627195e+06,7.348027e-03
1.285780e+04,2.343724e+03,2.337078e+03,2.415318e+03,1.079132e+04,8.375998e+03,3.774484e-01,NaN,NaN,1.101231e-02,2.058829e+16,2.472626e+19,2.482391e+20,7.618889e+16,4.575092e+20,1.190895e+19,7.558478e+20,1.718343e+02,2.040129e+01,1.514330e+02,NaN,NaN,NaN,NaN,3.821870e-02,NaN,5.628492e+06,7.361075e-03
1.288950e+04,2.343031e+03,2.336557e+03,2.394087e+03,1.077008e+04,8.375994e+03,3.770825e-01,NaN,NaN,1.104060e-02,2.060125e+16,2.469306e+19,2.482707e+20,7.633572e+16,4.574874e+20,1.193194e+19,7.561146e+20,1.718570e+02,2.044069e+01,1.514163e+02,NaN,NaN,NaN,NaN,3.820960e-02,NaN,5.629544e+06,7.374080e-03
1.291549e+04,2.342468e+03,2.336374e+03,2.386683e+03,1.076267e+04,8.375990e+03,3.769544e-01,NaN,NaN,1.105055e-02,2.060614e+16,2.468184e+19,2.482835e+20,7.638712e+16,4.574788e+20,1.193980e+19,7.562110e+20,1.718672e+02,2.045416e+01,1.514130e+02,NaN,NaN,NaN,NaN,3.820681e-02,NaN,5.629913e+06,7.384693e-03
1.292463e+04,2.342271e+03,2.335783e+03,2.362632e+03,1.073862e+04,8.375989e+03,3.765410e-01,NaN,NaN,1.108308e-02,2.062117e+16,2.464467e+19,2.483205e+20,7.655382e+16,4.574531e+20,1.196590e+19,7.565167e+20,1.718955e+02,2.049886e+01,1.513966e+02,NaN,NaN,NaN,NaN,3.819698e-02,NaN,5.631104e+06,7.388406e-03
1.295430e+04,2.341634e+03,2.335140e+03,2.336608e+03,1.071259e+04,8.375985e+03,3.760932e-01,NaN,NaN,1.111873e-02,2.063789e+16,2.460481e+19,2.483603e+20,7.673528e+16,4.574247e+20,1.199397e+19,7.568457e+20,1.719289e+02,2.054695e+01,1.513819e+02,NaN,NaN,NaN,NaN,3.818714e-02,NaN,5.632396e+06,7.400441e-03
1.298684e+04,2.340941e+03,2.334497e+03,2.310607e+03,1.068659e+04,8.375981e+03,3.756462e-01,NaN,NaN,1.115483e-02,2.065470e+16,2.456503e+19,2.483997e+20,7.691732e+16,4.573962e+20,1.202208e+19,7.571738e+20,1.719628e+02,2.059510e+01,1.513677e+02,NaN,NaN,NaN,NaN,3.817751e-02,NaN,5.633689e+06,7.413566e-03
1.301971e+04,2.340247e+03,2.333858e+03,2.284867e+03,1.066084e+04,8.375976e+03,3.752032e-01,NaN,NaN,1.119106e-02,2.067212e+16,2.452639e+19,2.484388e+20,7.709853e+16,4.573669e+20,1.204964e+19,7.574967e+20,1.720013e+02,2.064232e+01,1.513590e+02,NaN,NaN,NaN,NaN,3.816929e-02,NaN,5.634972e+06,7.426743e-03
1.305268e+04,2.339557e+03,2.333335e+03,2.263663e+03,1.063963e+04,8.375971e+03,3.748410e-01,NaN,NaN,1.122124e-02,2.068505e+16,2.449315e+19,2.484705e+20,7.724771e+16,4.573446e+20,1.207311e+19,7.577673e+20,1.720245e+02,2.068252e+01,1.513420e+02,NaN,NaN,NaN,NaN,3.816015e-02,NaN,5.636023e+06,7.439880e-03
1.307997e+04,2.338990e+03,2.333154e+03,2.256415e+03,1.063238e+04,8.375968e+03,3.747166e-01,NaN,NaN,1.123164e-02,2.068985e+16,2.448213e+19,2.484831e+20,7.729891e+16,4.573359e+20,1.208096e+19,7.578633e+20,1.720347e+02,2.069598e+01,1.513387e+02,NaN,NaN,NaN,NaN,3.815740e-02,NaN,5.636385e+06,7.450697e-03
1.308939e+04,2.338796e+03,2.332569e+03,2.232716e+03,1.060868e+04,8.375966e+03,3.743131e-01,NaN,NaN,1.126590e-02,2.070456e+16,2.444534e+19,2.485197e+20,7.746592e+16,4.573101e+20,1.210727e+19,7.581697e+20,1.720628e+02,2.074103e+01,1.513218e+02,NaN,NaN,NaN,NaN,3.814750e-02,NaN,5.637558e+06,7.454411e-03
1.312012e+04,2.338165e+03,2.331930e+03,2.206954e+03,1.058292e+04,8.375962e+03,3.738738e-01,NaN,NaN,1.130364e-02,2.072105e+16,2.440573e+19,2.485593e+20,7.764859e+16,4.572814e+20,1.213568e+19,7.585006e+20,1.720963e+02,2.078971e+01,1.513066e+02,NaN,NaN,NaN,NaN,3.813759e-02,NaN,5.638838e+06,7.466505e-03
1.315402e+04,2.337475e+03,2.331291e+03,2.181210e+03,1.055717e+04,8.375958e+03,3.734352e-01,NaN,NaN,1.134188e-02,2.073763e+16,2.436619e+19,2.485985e+20,7.783189e+16,4.572526e+20,1.216414e+19,7.588308e+20,1.721304e+02,2.083846e+01,1.512919e+02,NaN,NaN,NaN,NaN,3.812788e-02,NaN,5.640117e+06,7.479761e-03
1.318828e+04,2.336784e+03,2.330654e+03,2.155826e+03,1.053178e+04,8.375953e+03,3.730005e-01,NaN,NaN,1.138016e-02,2.075481e+16,2.432774e+19,2.486374e+20,7.801442e+16,4.572229e+20,1.219206e+19,7.591561e+20,1.721688e+02,2.088630e+01,1.512825e+02,NaN,NaN,NaN,NaN,3.811955e-02,NaN,5.641389e+06,7.493072e-03
1.322267e+04,2.336096e+03,2.330128e+03,2.134636e+03,1.051058e+04,8.375948e+03,3.726417e-01,NaN,NaN,1.141247e-02,2.076771e+16,2.429444e+19,2.486691e+20,7.816604e+16,4.572001e+20,1.221601e+19,7.594307e+20,1.721926e+02,2.092733e+01,1.512653e+02,NaN,NaN,NaN,NaN,3.811035e-02,NaN,5.642439e+06,7.506346e-03
1.325141e+04,2.335527e+03,2.329951e+03,2.127530e+03,1.050347e+04,8.375944e+03,3.725208e-01,NaN,NaN,1.142341e-02,2.077242e+16,2.428362e+19,2.486815e+20,7.821711e+16,4.571913e+20,1.222387e+19,7.595262e+20,1.722029e+02,2.094080e+01,1.512621e+02,NaN,NaN,NaN,NaN,3.810764e-02,NaN,5.642794e+06,7.517377e-03
1.326116e+04,2.335335e+03,2.329371e+03,2.104177e+03,1.048012e+04,8.375943e+03,3.721269e-01,NaN,NaN,1.145960e-02,2.078682e+16,2.424720e+19,2.487178e+20,7.838444e+16,4.571653e+20,1.225039e+19,7.598333e+20,1.722308e+02,2.098622e+01,1.512446e+02,NaN,NaN,NaN,NaN,3.809767e-02,NaN,5.643950e+06,7.521095e-03
1.329308e+04,2.334709e+03,2.328735e+03,2.078662e+03,1.045460e+04,8.375938e+03,3.716958e-01,NaN,NaN,1.149971e-02,2.080309e+16,2.420781e+19,2.487571e+20,7.856843e+16,4.571363e+20,1.227916e+19,7.601665e+20,1.722644e+02,2.103551e+01,1.512289e+02,NaN,NaN,NaN,NaN,3.808768e-02,NaN,5.645217e+06,7.533251e-03
1.332850e+04,2.334022e+03,2.328099e+03,2.053158e+03,1.042909e+04,8.375933e+03,3.712653e-01,NaN,NaN,1.154039e-02,2.081946e+16,2.416849e+19,2.487961e+20,7.875310e+16,4.571071e+20,1.230799e+19,7.604991e+20,1.722986e+02,2.108489e+01,1.512137e+02,NaN,NaN,NaN,NaN,3.807790e-02,NaN,5.646485e+06,7.546646e-03
1.336433e+04,2.333333e+03,2.327467e+03,2.027086e+03,1.040301e+04,8.375928e+03,3.708385e-01,NaN,NaN,1.158245e-02,2.083640e+16,2.413021e+19,2.488348e+20,7.893704e+16,4.570770e+20,1.233630e+19,7.608270e+20,1.723370e+02,2.113340e+01,1.512036e+02,NaN,NaN,NaN,NaN,3.806943e-02,NaN,5.647745e+06,7.560099e-03
1.340034e+04,2.332648e+03,2.326939e+03,2.005904e+03,1.038183e+04,8.375924e+03,3.704831e-01,NaN,NaN,1.161721e-02,2.084928e+16,2.409683e+19,2.488666e+20,7.909122e+16,4.570536e+20,1.236076e+19,7.611057e+20,1.723614e+02,2.117529e+01,1.511861e+02,NaN,NaN,NaN,NaN,3.806016e-02,NaN,5.648796e+06,7.573519e-03
1.343074e+04,2.332075e+03,2.326763e+03,1.998923e+03,1.037484e+04,8.375919e+03,3.703653e-01,NaN,NaN,1.162877e-02,2.085392e+16,2.408618e+19,2.488789e+20,7.914229e+16,4.570448e+20,1.236864e+19,7.612010e+20,1.723718e+02,2.118879e+01,1.511830e+02,NaN,NaN,NaN,NaN,3.805750e-02,NaN,5.649144e+06,7.584774e-03
1.344087e+04,2.331885e+03,2.326190e+03,1.975917e+03,1.035184e+04,8.375918e+03,3.699809e-01,NaN,NaN,1.166717e-02,2.086801e+16,2.405014e+19,2.489148e+20,7.930990e+16,4.570187e+20,1.239536e+19,7.615088e+20,1.723995e+02,2.123458e+01,1.511649e+02,NaN,NaN,NaN,NaN,3.804745e-02,NaN,5.650283e+06,7.588502e-03
1.347414e+04,2.331266e+03,2.325557e+03,1.950641e+03,1.032655e+04,8.375913e+03,3.695577e-01,NaN,NaN,1.170999e-02,2.088406e+16,2.401097e+19,2.489539e+20,7.949527e+16,4.569892e+20,1.242452e+19,7.618444e+20,1.724331e+02,2.128452e+01,1.511486e+02,NaN,NaN,NaN,NaN,3.803739e-02,NaN,5.651539e+06,7.600716e-03
1.351130e+04,2.330580e+03,2.324923e+03,1.925364e+03,1.030127e+04,8.375908e+03,3.691351e-01,NaN,NaN,1.175348e-02,2.090021e+16,2.397185e+19,2.489927e+20,7.968140e+16,4.569596e+20,1.245372e+19,7.621796e+20,1.724675e+02,2.133456e+01,1.511329e+02,NaN,NaN,NaN,NaN,3.802752e-02,NaN,5.652795e+06,7.614256e-03
1.354892e+04,2.329894e+03,2.324292e+03,1.900323e+03,1.027623e+04,8.375903e+03,3.687158e-01,NaN,NaN,1.179725e-02,2.091692e+16,2.393371e+19,2.490312e+20,7.986687e+16,4.569292e+20,1.248244e+19,7.625102e+20,1.725058e+02,2.138375e+01,1.511221e+02,NaN,NaN,NaN,NaN,3.801891e-02,NaN,5.654045e+06,7.627859e-03
1.358676e+04,2.329210e+03,2.323761e+03,1.879132e+03,1.025503e+04,8.375898e+03,3.683635e-01,NaN,NaN,1.183480e-02,2.092979e+16,2.390023e+19,2.490631e+20,8.002375e+16,4.569052e+20,1.250743e+19,7.627934e+20,1.725310e+02,2.142657e+01,1.511044e+02,NaN,NaN,NaN,NaN,3.800958e-02,NaN,5.655096e+06,7.641433e-03
1.361899e+04,2.328634e+03,2.323586e+03,1.873227e+03,1.024912e+04,8.375893e+03,3.682487e-01,NaN,NaN,1.184557e-02,2.093438e+16,2.388975e+19,2.490752e+20,8.007483e+16,4.568963e+20,1.251534e+19,7.628885e+20,1.725414e+02,2.144011e+01,1.511013e+02,NaN,NaN,NaN,NaN,3.800696e-02,NaN,5.655439e+06,7.652920e-03
1.362958e+04,2.328446e+03,2.323018e+03,1.850552e+03,1.022644e+04,8.375892e+03,3.678735e-01,NaN,NaN,1.188645e-02,2.094815e+16,2.385406e+19,2.491108e+20,8.024278e+16,4.568700e+20,1.254229e+19,7.631972e+20,1.725689e+02,2.148628e+01,1.510826e+02,NaN,NaN,NaN,NaN,3.799683e-02,NaN,5.656561e+06,7.656668e-03
1.366434e+04,2.327831e+03,2.322388e+03,1.825493e+03,1.020138e+04,8.375887e+03,3.674579e-01,NaN,NaN,1.193235e-02,2.096400e+16,2.381508e+19,2.491497e+20,8.042968e+16,4.568401e+20,1.257184e+19,7.635354e+20,1.726028e+02,2.153690e+01,1.510659e+02,NaN,NaN,NaN,NaN,3.798668e-02,NaN,5.657806e+06,7.668942e-03
1.370345e+04,2.327148e+03,2.321757e+03,1.800431e+03,1.017631e+04,8.375882e+03,3.670427e-01,NaN,NaN,1.197902e-02,2.097994e+16,2.377613e+19,2.491883e+20,8.061740e+16,4.568101e+20,1.260146e+19,7.638734e+20,1.726372e+02,2.158764e+01,1.510496e+02,NaN,NaN,NaN,NaN,3.797672e-02,NaN,5.659053e+06,7.682637e-03
1.374309e+04,2.326463e+03,2.321128e+03,1.775697e+03,1.015157e+04,8.375876e+03,3.666306e-01,NaN,NaN,1.202587e-02,2.099643e+16,2.373812e+19,2.492267e+20,8.080452e+16,4.567793e+20,1.263061e+19,7.642071e+20,1.726757e+02,2.163758e+01,1.510381e+02,NaN,NaN,NaN,NaN,3.796796e-02,NaN,5.660292e+06,7.696401e-03
1.378300e+04,2.325781e+03,2.320594e+03,1.754488e+03,1.013036e+04,8.375871e+03,3.662812e-01,NaN,NaN,1.206663e-02,2.100930e+16,2.370453e+19,2.492587e+20,8.096424e+16,4.567547e+20,1.265616e+19,7.644949e+20,1.727014e+02,2.168135e+01,1.510200e+02,NaN,NaN,NaN,NaN,3.795856e-02,NaN,5.661345e+06,7.710140e-03
1.381735e+04,2.325200e+03,2.320422e+03,1.747721e+03,1.012359e+04,8.375866e+03,3.661690e-01,NaN,NaN,1.207977e-02,2.101384e+16,2.369418e+19,2.492707e+20,8.101552e+16,4.567457e+20,1.266411e+19,7.645902e+20,1.727121e+02,2.169497e+01,1.510171e+02,NaN,NaN,NaN,NaN,3.795599e-02,NaN,5.661683e+06,7.721874e-03
1.382848e+04,2.325014e+03,2.319861e+03,1.725382e+03,1.010125e+04,8.375864e+03,3.658030e-01,NaN,NaN,1.212352e-02,2.102730e+16,2.365884e+19,2.493059e+20,8.118377e+16,4.567192e+20,1.269129e+19,7.648997e+20,1.727393e+02,2.174153e+01,1.509978e+02,NaN,NaN,NaN,NaN,3.794577e-02,NaN,5.662789e+06,7.725647e-03
1.386497e+04,2.324405e+03,2.319232e+03,1.700519e+03,1.007638e+04,8.375859e+03,3.653946e-01,NaN,NaN,1.217303e-02,2.104295e+16,2.362002e+19,2.493447e+20,8.137233e+16,4.566889e+20,1.272127e+19,7.652409e+20,1.727734e+02,2.179289e+01,1.509805e+02,NaN,NaN,NaN,NaN,3.793553e-02,NaN,5.664024e+06,7.737983e-03
1.390634e+04,2.323723e+03,2.318603e+03,1.675653e+03,1.005151e+04,8.375854e+03,3.649864e-01,NaN,NaN,1.222342e-02,2.105870e+16,2.358122e+19,2.493832e+20,8.156177e+16,4.566585e+20,1.275132e+19,7.655820e+20,1.728081e+02,2.184438e+01,1.509637e+02,NaN,NaN,NaN,NaN,3.792546e-02,NaN,5.665261e+06,7.751842e-03
1.394832e+04,2.323039e+03,2.317976e+03,1.650996e+03,1.002684e+04,8.375848e+03,3.645813e-01,NaN,NaN,1.227430e-02,2.107498e+16,2.354331e+19,2.494215e+20,8.175069e+16,4.566272e+20,1.278094e+19,7.659190e+20,1.728465e+02,2.189510e+01,1.509514e+02,NaN,NaN,NaN,NaN,3.791655e-02,NaN,5.666492e+06,7.765776e-03
1.399065e+04,2.322358e+03,2.317439e+03,1.629754e+03,1.000560e+04,8.375842e+03,3.642346e-01,NaN,NaN,1.231883e-02,2.108785e+16,2.350958e+19,2.494535e+20,8.191342e+16,4.566020e+20,1.280708e+19,7.662119e+20,1.728730e+02,2.193989e+01,1.509331e+02,NaN,NaN,NaN,NaN,3.790707e-02,NaN,5.667547e+06,7.779692e-03
1.402746e+04,2.321773e+03,2.317268e+03,1.623067e+03,9.998904e+03,8.375837e+03,3.641246e-01,NaN,NaN,1.233301e-02,2.109236e+16,2.349934e+19,2.494655e+20,8.196503e+16,4.565928e+20,1.281509e+19,7.663075e+20,1.728839e+02,2.195362e+01,1.509303e+02,NaN,NaN,NaN,NaN,3.790454e-02,NaN,5.667882e+06,7.791688e-03
1.403925e+04,2.321587e+03,2.316713e+03,1.601058e+03,9.976893e+03,8.375835e+03,3.637675e-01,NaN,NaN,1.238009e-02,2.110550e+16,2.346436e+19,2.495003e+20,8.213356e+16,4.565662e+20,1.284250e+19,7.666177e+20,1.729109e+02,2.200057e+01,1.509103e+02,NaN,NaN,NaN,NaN,3.789423e-02,NaN,5.668971e+06,7.795498e-03
1.407771e+04,2.320985e+03,2.316087e+03,1.576389e+03,9.952219e+03,8.375830e+03,3.633661e-01,NaN,NaN,1.243382e-02,2.112096e+16,2.342568e+19,2.495390e+20,8.232391e+16,4.565354e+20,1.287293e+19,7.669622e+20,1.729451e+02,2.205270e+01,1.508924e+02,NaN,NaN,NaN,NaN,3.788389e-02,NaN,5.670197e+06,7.807890e-03
1.412171e+04,2.320304e+03,2.315459e+03,1.551700e+03,9.927524e+03,8.375824e+03,3.629647e-01,NaN,NaN,1.248861e-02,2.113653e+16,2.338700e+19,2.495773e+20,8.251524e+16,4.565045e+20,1.290345e+19,7.673067e+20,1.729801e+02,2.210499e+01,1.508751e+02,NaN,NaN,NaN,NaN,3.787371e-02,NaN,5.671426e+06,7.821927e-03
1.416643e+04,2.319621e+03,2.314834e+03,1.527209e+03,9.903027e+03,8.375818e+03,3.625661e-01,NaN,NaN,1.254402e-02,2.115261e+16,2.334915e+19,2.496155e+20,8.270611e+16,4.564728e+20,1.293356e+19,7.676474e+20,1.730186e+02,2.215656e+01,1.508620e+02,NaN,NaN,NaN,NaN,3.786464e-02,NaN,5.672649e+06,7.836044e-03
1.421158e+04,2.318940e+03,2.314293e+03,1.505909e+03,9.881721e+03,8.375812e+03,3.622217e-01,NaN,NaN,1.259304e-02,2.116549e+16,2.331524e+19,2.496477e+20,8.287215e+16,4.564468e+20,1.296034e+19,7.679459e+20,1.730457e+02,2.220245e+01,1.508433e+02,NaN,NaN,NaN,NaN,3.785506e-02,NaN,5.673707e+06,7.850149e-03
1.425127e+04,2.318349e+03,2.314123e+03,1.499287e+03,9.875093e+03,8.375806e+03,3.621136e-01,NaN,NaN,1.260847e-02,2.117000e+16,2.330509e+19,2.496597e+20,8.292420e+16,4.564374e+20,1.296844e+19,7.680419e+20,1.730570e+02,2.221631e+01,1.508407e+02,NaN,NaN,NaN,NaN,3.785259e-02,NaN,5.674040e+06,7.862427e-03
1.426387e+04,2.318164e+03,2.313574e+03,1.477614e+03,9.853418e+03,8.375804e+03,3.617655e-01,NaN,NaN,1.265946e-02,2.118281e+16,2.327047e+19,2.496941e+20,8.309296e+16,4.564107e+20,1.299607e+19,7.683530e+20,1.730836e+02,2.226365e+01,1.508200e+02,NaN,NaN,NaN,NaN,3.784217e-02,NaN,5.675112e+06,7.866286e-03
1.430462e+04,2.317567e+03,2.312950e+03,1.453106e+03,9.828904e+03,8.375799e+03,3.613705e-01,NaN,NaN,1.271823e-02,2.119809e+16,2.323189e+19,2.497327e+20,8.328530e+16,4.563794e+20,1.302699e+19,7.687011e+20,1.731182e+02,2.231662e+01,1.508016e+02,NaN,NaN,NaN,NaN,3.783172e-02,NaN,5.676330e+06,7.878733e-03
1.435172e+04,2.316886e+03,2.312323e+03,1.428574e+03,9.804366e+03,8.375792e+03,3.609755e-01,NaN,NaN,1.277827e-02,2.121349e+16,2.319330e+19,2.497710e+20,8.347870e+16,4.563480e+20,1.305802e+19,7.690495e+20,1.731535e+02,2.236978e+01,1.507837e+02,NaN,NaN,NaN,NaN,3.782142e-02,NaN,5.677552e+06,7.892961e-03
1.439966e+04,2.316204e+03,2.311699e+03,1.404225e+03,9.780011e+03,8.375786e+03,3.605830e-01,NaN,NaN,1.283910e-02,2.122937e+16,2.315548e+19,2.498091e+20,8.367175e+16,4.563158e+20,1.308866e+19,7.693941e+20,1.731921e+02,2.242226e+01,1.507698e+02,NaN,NaN,NaN,NaN,3.781217e-02,NaN,5.678768e+06,7.907278e-03
1.444816e+04,2.315523e+03,2.311153e+03,1.382846e+03,9.758625e+03,8.375779e+03,3.602406e-01,NaN,NaN,1.289354e-02,2.124230e+16,2.312136e+19,2.498415e+20,8.384134e+16,4.562891e+20,1.311613e+19,7.696986e+20,1.732201e+02,2.246933e+01,1.507508e+02,NaN,NaN,NaN,NaN,3.780249e-02,NaN,5.679831e+06,7.921590e-03
1.449127e+04,2.314926e+03,2.310983e+03,1.376263e+03,9.752036e+03,8.375773e+03,3.601340e-01,NaN,NaN,1.291052e-02,2.124682e+16,2.311126e+19,2.498535e+20,8.389405e+16,4.562794e+20,1.312433e+19,7.697954e+20,1.732317e+02,2.248338e+01,1.507483e+02,NaN,NaN,NaN,NaN,3.780007e-02,NaN,5.680162e+06,7.934171e-03
1.450487e+04,2.314740e+03,2.310441e+03,1.354919e+03,9.730690e+03,8.375771e+03,3.597947e-01,NaN,NaN,1.296617e-02,2.125929e+16,2.307698e+19,2.498876e+20,8.406306e+16,4.562525e+20,1.315221e+19,7.701075e+20,1.732580e+02,2.253113e+01,1.507269e+02,NaN,NaN,NaN,NaN,3.778954e-02,NaN,5.681218e+06,7.938099e-03
1.454831e+04,2.314149e+03,2.309818e+03,1.330558e+03,9.706323e+03,8.375765e+03,3.594058e-01,NaN,NaN,1.303102e-02,2.127441e+16,2.303846e+19,2.499260e+20,8.425761e+16,4.562207e+20,1.318366e+19,7.704597e+20,1.732929e+02,2.258501e+01,1.507079e+02,NaN,NaN,NaN,NaN,3.777896e-02,NaN,5.682430e+06,7.950597e-03
1.459911e+04,2.313468e+03,2.309192e+03,1.306156e+03,9.681914e+03,8.375758e+03,3.590167e-01,NaN,NaN,1.309742e-02,2.128965e+16,2.299991e+19,2.499643e+20,8.445335e+16,4.561887e+20,1.321524e+19,7.708123e+20,1.733285e+02,2.263911e+01,1.506894e+02,NaN,NaN,NaN,NaN,3.776853e-02,NaN,5.683646e+06,7.965036e-03
1.465094e+04,2.312785e+03,2.308568e+03,1.281922e+03,9.657672e+03,8.375751e+03,3.586298e-01,NaN,NaN,1.316487e-02,2.130536e+16,2.296208e+19,2.500024e+20,8.464886e+16,4.561560e+20,1.324646e+19,7.711617e+20,1.733672e+02,2.269260e+01,1.506746e+02,NaN,NaN,NaN,NaN,3.775908e-02,NaN,5.684857e+06,7.979574e-03
1.470347e+04,2.312103e+03,2.308018e+03,1.260439e+03,9.636182e+03,8.375744e+03,3.582889e-01,NaN,NaN,1.322593e-02,2.131834e+16,2.292769e+19,2.500351e+20,8.482231e+16,4.561284e+20,1.327468e+19,7.714727e+20,1.733961e+02,2.274094e+01,1.506552e+02,NaN,NaN,NaN,NaN,3.774929e-02,NaN,5.685926e+06,7.994114e-03
1.475071e+04,2.311499e+03,2.307846e+03,1.253859e+03,9.629596e+03,8.375737e+03,3.581832e-01,NaN,NaN,1.324490e-02,2.132290e+16,2.291760e+19,2.500471e+20,8.487601e+16,4.561185e+20,1.328304e+19,7.715709e+20,1.734082e+02,2.275525e+01,1.506530e+02,NaN,NaN,NaN,NaN,3.774692e-02,NaN,5.686258e+06,8.007029e-03
1.476558e+04,2.311312e+03,2.307311e+03,1.232846e+03,9.608581e+03,8.375735e+03,3.578528e-01,NaN,NaN,1.330619e-02,2.133503e+16,2.288366e+19,2.500808e+20,8.504519e+16,4.560915e+20,1.331115e+19,7.718839e+20,1.734342e+02,2.280341e+01,1.506308e+02,NaN,NaN,NaN,NaN,3.773626e-02,NaN,5.687297e+06,8.011045e-03
1.481222e+04,2.310727e+03,2.306688e+03,1.208596e+03,9.584324e+03,8.375729e+03,3.574694e-01,NaN,NaN,1.337854e-02,2.135001e+16,2.284516e+19,2.501192e+20,8.524225e+16,4.560591e+20,1.334319e+19,7.722407e+20,1.734695e+02,2.285830e+01,1.506112e+02,NaN,NaN,NaN,NaN,3.772554e-02,NaN,5.688505e+06,8.023592e-03
1.486753e+04,2.310045e+03,2.306062e+03,1.184290e+03,9.560011e+03,8.375721e+03,3.570856e-01,NaN,NaN,1.345283e-02,2.136511e+16,2.280660e+19,2.501576e+20,8.544067e+16,4.560264e+20,1.337538e+19,7.725983e+20,1.735054e+02,2.291345e+01,1.505919e+02,NaN,NaN,NaN,NaN,3.771495e-02,NaN,5.689717e+06,8.038267e-03
1.492408e+04,2.309360e+03,2.305439e+03,1.160140e+03,9.535853e+03,8.375713e+03,3.567039e-01,NaN,NaN,1.352850e-02,2.138066e+16,2.276870e+19,2.501957e+20,8.563893e+16,4.559931e+20,1.340725e+19,7.729528e+20,1.735443e+02,2.296804e+01,1.505763e+02,NaN,NaN,NaN,NaN,3.770528e-02,NaN,5.690924e+06,8.053049e-03
1.498156e+04,2.308676e+03,2.304882e+03,1.138508e+03,9.514213e+03,8.375705e+03,3.563639e-01,NaN,NaN,1.359788e-02,2.139371e+16,2.273397e+19,2.502287e+20,8.581673e+16,4.559646e+20,1.343630e+19,7.732712e+20,1.735743e+02,2.301781e+01,1.505565e+02,NaN,NaN,NaN,NaN,3.769536e-02,NaN,5.692002e+06,8.067847e-03
1.503391e+04,2.308064e+03,2.304708e+03,1.131897e+03,9.507595e+03,8.375698e+03,3.562585e-01,NaN,NaN,1.361942e-02,2.139836e+16,2.272383e+19,2.502408e+20,8.587175e+16,4.559544e+20,1.344485e+19,7.733713e+20,1.735871e+02,2.303247e+01,1.505546e+02,NaN,NaN,NaN,NaN,3.769305e-02,NaN,5.692336e+06,8.081132e-03
1.505043e+04,2.307873e+03,2.304180e+03,1.111225e+03,9.486921e+03,8.375696e+03,3.559368e-01,NaN,NaN,1.368765e-02,2.141013e+16,2.269024e+19,2.502742e+20,8.604107e+16,4.559272e+20,1.347321e+19,7.736853e+20,1.736124e+02,2.308104e+01,1.505314e+02,NaN,NaN,NaN,NaN,3.768224e-02,NaN,5.693359e+06,8.085266e-03
1.510095e+04,2.307295e+03,2.303557e+03,1.087051e+03,9.462740e+03,8.375689e+03,3.555584e-01,NaN,NaN,1.376946e-02,2.142498e+16,2.265169e+19,2.503126e+20,8.624101e+16,4.558942e+20,1.350591e+19,7.740474e+20,1.736482e+02,2.313706e+01,1.505111e+02,NaN,NaN,NaN,NaN,3.767136e-02,NaN,5.694563e+06,8.097857e-03
1.516183e+04,2.306611e+03,2.302931e+03,1.062816e+03,9.438496e+03,8.375680e+03,3.551794e-01,NaN,NaN,1.385370e-02,2.143996e+16,2.261307e+19,2.503510e+20,8.644239e+16,4.558608e+20,1.353877e+19,7.744106e+20,1.736846e+02,2.319336e+01,1.504912e+02,NaN,NaN,NaN,NaN,3.766060e-02,NaN,5.695773e+06,8.112789e-03
1.522424e+04,2.305924e+03,2.302306e+03,1.038728e+03,9.414400e+03,8.375672e+03,3.548025e-01,NaN,NaN,1.393976e-02,2.145536e+16,2.257505e+19,2.503893e+20,8.664368e+16,4.558268e+20,1.357134e+19,7.747709e+20,1.737237e+02,2.324914e+01,1.504746e+02,NaN,NaN,NaN,NaN,3.765070e-02,NaN,5.696978e+06,8.127837e-03
1.528786e+04,2.305237e+03,2.301742e+03,1.016921e+03,9.392584e+03,8.375663e+03,3.544631e-01,NaN,NaN,1.401976e-02,2.146851e+16,2.253995e+19,2.504226e+20,8.682617e+16,4.557974e+20,1.360128e+19,7.750973e+20,1.737548e+02,2.330044e+01,1.504544e+02,NaN,NaN,NaN,NaN,3.764063e-02,NaN,5.698065e+06,8.142913e-03
1.534656e+04,2.304616e+03,2.301566e+03,1.010232e+03,9.385887e+03,8.375655e+03,3.543572e-01,NaN,NaN,1.404474e-02,2.147329e+16,2.252970e+19,2.504348e+20,8.688298e+16,4.557866e+20,1.361010e+19,7.752000e+20,1.737683e+02,2.331555e+01,1.504528e+02,NaN,NaN,NaN,NaN,3.763839e-02,NaN,5.698405e+06,8.156592e-03
1.536526e+04,2.304421e+03,2.301045e+03,9.902128e+02,9.365865e+03,8.375652e+03,3.540447e-01,NaN,NaN,1.412065e-02,2.148465e+16,2.249648e+19,2.504678e+20,8.705212e+16,4.557594e+20,1.363866e+19,7.755146e+20,1.737932e+02,2.336448e+01,1.504287e+02,NaN,NaN,NaN,NaN,3.762740e-02,NaN,5.699409e+06,8.160881e-03
1.542048e+04,2.303851e+03,2.300421e+03,9.661125e+02,9.341757e+03,8.375645e+03,3.536713e-01,NaN,NaN,1.421450e-02,2.149938e+16,2.245789e+19,2.505064e+20,8.725503e+16,4.557257e+20,1.367205e+19,7.758823e+20,1.738294e+02,2.342167e+01,1.504077e+02,NaN,NaN,NaN,NaN,3.761636e-02,NaN,5.700611e+06,8.173483e-03
1.548830e+04,2.303164e+03,2.299795e+03,9.419427e+02,9.317578e+03,8.375635e+03,3.532971e-01,NaN,NaN,1.431150e-02,2.151424e+16,2.241919e+19,2.505449e+20,8.745952e+16,4.556916e+20,1.370561e+19,7.762512e+20,1.738663e+02,2.347917e+01,1.503871e+02,NaN,NaN,NaN,NaN,3.760542e-02,NaN,5.701818e+06,8.188683e-03
1.555806e+04,2.302474e+03,2.299170e+03,9.179109e+02,9.293537e+03,8.375626e+03,3.529249e-01,NaN,NaN,1.441098e-02,2.152949e+16,2.238105e+19,2.505832e+20,8.766397e+16,4.556569e+20,1.373891e+19,7.766175e+20,1.739057e+02,2.353621e+01,1.503695e+02,NaN,NaN,NaN,NaN,3.759528e-02,NaN,5.703022e+06,8.204009e-03
1.562940e+04,2.301785e+03,2.298599e+03,8.959410e+02,9.271557e+03,8.375616e+03,3.525861e-01,NaN,NaN,1.450471e-02,2.154272e+16,2.234556e+19,2.506169e+20,8.785129e+16,4.556264e+20,1.376978e+19,7.769524e+20,1.739379e+02,2.358910e+01,1.503488e+02,NaN,NaN,NaN,NaN,3.758505e-02,NaN,5.704119e+06,8.219366e-03
1.569611e+04,2.301155e+03,2.298418e+03,8.891150e+02,9.264722e+03,8.375607e+03,3.524789e-01,NaN,NaN,1.453443e-02,2.154769e+16,2.233511e+19,2.506294e+20,8.791049e+16,4.556150e+20,1.377894e+19,7.770584e+20,1.739524e+02,2.360479e+01,1.503476e+02,NaN,NaN,NaN,NaN,3.758288e-02,NaN,5.704467e+06,8.233449e-03
1.571781e+04,2.300954e+03,2.297908e+03,8.692658e+02,9.244869e+03,8.375604e+03,3.521767e-01,NaN,NaN,1.462229e-02,2.155859e+16,2.230240e+19,2.506618e+20,8.807873e+16,4.555879e+20,1.380762e+19,7.773724e+20,1.739764e+02,2.365392e+01,1.503225e+02,NaN,NaN,NaN,NaN,3.757174e-02,NaN,5.705449e+06,8.237944e-03
1.577880e+04,2.300393e+03,2.297285e+03,8.452476e+02,9.220843e+03,8.375595e+03,3.518083e-01,NaN,NaN,1.473196e-02,2.157319e+16,2.226375e+19,2.507004e+20,8.828466e+16,4.555534e+20,1.384170e+19,7.777458e+20,1.740131e+02,2.371231e+01,1.503008e+02,NaN,NaN,NaN,NaN,3.756053e-02,NaN,5.706648e+06,8.250506e-03
1.585555e+04,2.299705e+03,2.296658e+03,8.211487e+02,9.196733e+03,8.375585e+03,3.514389e-01,NaN,NaN,1.484587e-02,2.158792e+16,2.222498e+19,2.507390e+20,8.849234e+16,4.555186e+20,1.387599e+19,7.781208e+20,1.740505e+02,2.377105e+01,1.502794e+02,NaN,NaN,NaN,NaN,3.754941e-02,NaN,5.707853e+06,8.265978e-03
1.593488e+04,2.299012e+03,2.296032e+03,7.971568e+02,9.172730e+03,8.375574e+03,3.510711e-01,NaN,NaN,1.496339e-02,2.160302e+16,2.218667e+19,2.507775e+20,8.870020e+16,4.554831e+20,1.391007e+19,7.784936e+20,1.740902e+02,2.382943e+01,1.502608e+02,NaN,NaN,NaN,NaN,3.753900e-02,NaN,5.709056e+06,8.281600e-03
1.601634e+04,2.298320e+03,2.295455e+03,7.750001e+02,9.150563e+03,8.375562e+03,3.507328e-01,NaN,NaN,1.507577e-02,2.161636e+16,2.215076e+19,2.508116e+20,8.889269e+16,4.554515e+20,1.394195e+19,7.788377e+20,1.741236e+02,2.388404e+01,1.502396e+02,NaN,NaN,NaN,NaN,3.752858e-02,NaN,5.710165e+06,8.297257e-03
1.609367e+04,2.297679e+03,2.295267e+03,7.677977e+02,9.143349e+03,8.375552e+03,3.506227e-01,NaN,NaN,1.511314e-02,2.162046e+16,2.213881e+19,2.508248e+20,8.895544e+16,4.554407e+20,1.395240e+19,7.789558e+20,1.741328e+02,2.390194e+01,1.502309e+02,NaN,NaN,NaN,NaN,3.752445e-02,NaN,5.710526e+06,8.311773e-03
1.611966e+04,2.297469e+03,2.294770e+03,7.486382e+02,9.124186e+03,8.375548e+03,3.503321e-01,NaN,NaN,1.521464e-02,2.163196e+16,2.210789e+19,2.508563e+20,8.912175e+16,4.554125e+20,1.398025e+19,7.792607e+20,1.741624e+02,2.394965e+01,1.502128e+02,NaN,NaN,NaN,NaN,3.751521e-02,NaN,5.711481e+06,8.316548e-03
1.618799e+04,2.296922e+03,2.294147e+03,7.247055e+02,9.100244e+03,8.375539e+03,3.499687e-01,NaN,NaN,1.534596e-02,2.164642e+16,2.206919e+19,2.508949e+20,8.933078e+16,4.553773e+20,1.401507e+19,7.796400e+20,1.741996e+02,2.400930e+01,1.501903e+02,NaN,NaN,NaN,NaN,3.750382e-02,NaN,5.712677e+06,8.329001e-03
1.627662e+04,2.296231e+03,2.293520e+03,7.006824e+02,9.076209e+03,8.375527e+03,3.496041e-01,NaN,NaN,1.548320e-02,2.166103e+16,2.203033e+19,2.509336e+20,8.954174e+16,4.553416e+20,1.405010e+19,7.800212e+20,1.742375e+02,2.406932e+01,1.501682e+02,NaN,NaN,NaN,NaN,3.749251e-02,NaN,5.713881e+06,8.344750e-03
1.636874e+04,2.295536e+03,2.292894e+03,6.767659e+02,9.052280e+03,8.375514e+03,3.492411e-01,NaN,NaN,1.562564e-02,2.167596e+16,2.199190e+19,2.509721e+20,8.975291e+16,4.553054e+20,1.408497e+19,7.804006e+20,1.742775e+02,2.412904e+01,1.501485e+02,NaN,NaN,NaN,NaN,3.748183e-02,NaN,5.715082e+06,8.360663e-03
1.646383e+04,2.294841e+03,2.292310e+03,6.544409e+02,9.029942e+03,8.375501e+03,3.489034e-01,NaN,NaN,1.576423e-02,2.168940e+16,2.195556e+19,2.510067e+20,8.995067e+16,4.552726e+20,1.411786e+19,7.807538e+20,1.743121e+02,2.418540e+01,1.501267e+02,NaN,NaN,NaN,NaN,3.747124e-02,NaN,5.716201e+06,8.376616e-03
1.655562e+04,2.294191e+03,2.292112e+03,6.468703e+02,9.022358e+03,8.375488e+03,3.487887e-01,NaN,NaN,1.581255e-02,2.169372e+16,2.194295e+19,2.510205e+20,9.001802e+16,4.552610e+20,1.412909e+19,7.808797e+20,1.743222e+02,2.420464e+01,1.501176e+02,NaN,NaN,NaN,NaN,3.746690e-02,NaN,5.716582e+06,8.391577e-03
1.658814e+04,2.293967e+03,2.291632e+03,6.284208e+02,9.003904e+03,8.375484e+03,3.485117e-01,NaN,NaN,1.593319e-02,2.170473e+16,2.191302e+19,2.510511e+20,9.018121e+16,4.552331e+20,1.415661e+19,7.811795e+20,1.743512e+02,2.425177e+01,1.500994e+02,NaN,NaN,NaN,NaN,3.745780e-02,NaN,5.717503e+06,8.396738e-03
1.666596e+04,2.293437e+03,2.291010e+03,6.045938e+02,8.980067e+03,8.375473e+03,3.481536e-01,NaN,NaN,1.609555e-02,2.171904e+16,2.187429e+19,2.510898e+20,9.039327e+16,4.551971e+20,1.419217e+19,7.815648e+20,1.743889e+02,2.431269e+01,1.500762e+02,NaN,NaN,NaN,NaN,3.744624e-02,NaN,5.718696e+06,8.408969e-03
1.677112e+04,2.292745e+03,2.290384e+03,5.806632e+02,8.956121e+03,8.375458e+03,3.477939e-01,NaN,NaN,1.626668e-02,2.173351e+16,2.183536e+19,2.511285e+20,9.060753e+16,4.551606e+20,1.422797e+19,7.819522e+20,1.744272e+02,2.437402e+01,1.500532e+02,NaN,NaN,NaN,NaN,3.743473e-02,NaN,5.719898e+06,8.424993e-03
1.688122e+04,2.292048e+03,2.289760e+03,5.568417e+02,8.932285e+03,8.375443e+03,3.474359e-01,NaN,NaN,1.644582e-02,2.174826e+16,2.179681e+19,2.511672e+20,9.082198e+16,4.551236e+20,1.426362e+19,7.823381e+20,1.744675e+02,2.443510e+01,1.500324e+02,NaN,NaN,NaN,NaN,3.742378e-02,NaN,5.721096e+06,8.441195e-03
1.699576e+04,2.291350e+03,2.289170e+03,5.343581e+02,8.909785e+03,8.375427e+03,3.470990e-01,NaN,NaN,1.662368e-02,2.176179e+16,2.176005e+19,2.512022e+20,9.102518e+16,4.550896e+20,1.429758e+19,7.827010e+20,1.745034e+02,2.449327e+01,1.500101e+02,NaN,NaN,NaN,NaN,3.741301e-02,NaN,5.722227e+06,8.457446e-03
1.710853e+04,2.290690e+03,2.288956e+03,5.262229e+02,8.901634e+03,8.375412e+03,3.469766e-01,NaN,NaN,1.669032e-02,2.176647e+16,2.174644e+19,2.512169e+20,9.109918e+16,4.550767e+20,1.430992e+19,7.828380e+20,1.745148e+02,2.451441e+01,1.500004e+02,NaN,NaN,NaN,NaN,3.740839e-02,NaN,5.722638e+06,8.472868e-03
1.715174e+04,2.290446e+03,2.288500e+03,5.087087e+02,8.884114e+03,8.375406e+03,3.467162e-01,NaN,NaN,1.683809e-02,2.177685e+16,2.171785e+19,2.512462e+20,9.125714e+16,4.550495e+20,1.433674e+19,7.831290e+20,1.745428e+02,2.456035e+01,1.499824e+02,NaN,NaN,NaN,NaN,3.739953e-02,NaN,5.723515e+06,8.478587e-03
1.724241e+04,2.289941e+03,2.287881e+03,4.850260e+02,8.860419e+03,8.375393e+03,3.463638e-01,NaN,NaN,1.704813e-02,2.179099e+16,2.167912e+19,2.512849e+20,9.147210e+16,4.550127e+20,1.437304e+19,7.835202e+20,1.745810e+02,2.462255e+01,1.499584e+02,NaN,NaN,NaN,NaN,3.738779e-02,NaN,5.724703e+06,8.490423e-03
1.737214e+04,2.289248e+03,2.287257e+03,4.612117e+02,8.836587e+03,8.375375e+03,3.460093e-01,NaN,NaN,1.727241e-02,2.180532e+16,2.164013e+19,2.513237e+20,9.168967e+16,4.549753e+20,1.440962e+19,7.839140e+20,1.746198e+02,2.468521e+01,1.499346e+02,NaN,NaN,NaN,NaN,3.737610e-02,NaN,5.725902e+06,8.506714e-03
1.750960e+04,2.288548e+03,2.286634e+03,4.374958e+02,8.812852e+03,8.375356e+03,3.456562e-01,NaN,NaN,1.751035e-02,2.181987e+16,2.160145e+19,2.513624e+20,9.190755e+16,4.549375e+20,1.444610e+19,7.843067e+20,1.746603e+02,2.474770e+01,1.499126e+02,NaN,NaN,NaN,NaN,3.736486e-02,NaN,5.727098e+06,8.523217e-03
1.765431e+04,2.287847e+03,2.286039e+03,4.148518e+02,8.790188e+03,8.375336e+03,3.453198e-01,NaN,NaN,1.775278e-02,2.183351e+16,2.156422e+19,2.513980e+20,9.211654e+16,4.549021e+20,1.448120e+19,7.846800e+20,1.746976e+02,2.480783e+01,1.498898e+02,NaN,NaN,NaN,NaN,3.735387e-02,NaN,5.728241e+06,8.539781e-03
1.780034e+04,2.287176e+03,2.285800e+03,4.058299e+02,8.781146e+03,8.375316e+03,3.451849e-01,NaN,NaN,1.785396e-02,2.183877e+16,2.154906e+19,2.514140e+20,9.220057e+16,4.548874e+20,1.449519e+19,7.848338e+20,1.747109e+02,2.483180e+01,1.498791e+02,NaN,NaN,NaN,NaN,3.734883e-02,NaN,5.728700e+06,8.555696e-03
1.786321e+04,2.286900e+03,2.285377e+03,3.895813e+02,8.764889e+03,8.375308e+03,3.449456e-01,NaN,NaN,1.804325e-02,2.184833e+16,2.152234e+19,2.514416e+20,9.235015e+16,4.548613e+20,1.452076e+19,7.851103e+20,1.747372e+02,2.487561e+01,1.498616e+02,NaN,NaN,NaN,NaN,3.734038e-02,NaN,5.729516e+06,8.562264e-03
1.797247e+04,2.286431e+03,2.284762e+03,3.660656e+02,8.741358e+03,8.375292e+03,3.445991e-01,NaN,NaN,1.833513e-02,2.186228e+16,2.148364e+19,2.514803e+20,9.256796e+16,4.548237e+20,1.455786e+19,7.855076e+20,1.747760e+02,2.493916e+01,1.498368e+02,NaN,NaN,NaN,NaN,3.732845e-02,NaN,5.730699e+06,8.573435e-03
1.814275e+04,2.285737e+03,2.284141e+03,3.423843e+02,8.717653e+03,8.375269e+03,3.442494e-01,NaN,NaN,1.865337e-02,2.187647e+16,2.144456e+19,2.515192e+20,9.278902e+16,4.547853e+20,1.459525e+19,7.859084e+20,1.748154e+02,2.500322e+01,1.498122e+02,NaN,NaN,NaN,NaN,3.731656e-02,NaN,5.731896e+06,8.589988e-03
1.832684e+04,2.285035e+03,2.283522e+03,3.187930e+02,8.694037e+03,8.375244e+03,3.439011e-01,NaN,NaN,1.899857e-02,2.189084e+16,2.140572e+19,2.515581e+20,9.301051e+16,4.547466e+20,1.463261e+19,7.863083e+20,1.748562e+02,2.506721e+01,1.497890e+02,NaN,NaN,NaN,NaN,3.730501e-02,NaN,5.733091e+06,8.606809e-03
1.852420e+04,2.284332e+03,2.282924e+03,2.960391e+02,8.671255e+03,8.375216e+03,3.435656e-01,NaN,NaN,1.936272e-02,2.190455e+16,2.136804e+19,2.515942e+20,9.322532e+16,4.547096e+20,1.466887e+19,7.866924e+20,1.748948e+02,2.512933e+01,1.497655e+02,NaN,NaN,NaN,NaN,3.729378e-02,NaN,5.734246e+06,8.623675e-03
1.873039e+04,2.283651e+03,2.282646e+03,2.855777e+02,8.660766e+03,8.375188e+03,3.434099e-01,NaN,NaN,1.954196e-02,2.191076e+16,2.135036e+19,2.516124e+20,9.332535e+16,4.546920e+20,1.468548e+19,7.868727e+20,1.749112e+02,2.515780e+01,1.497534e+02,NaN,NaN,NaN,NaN,3.728808e-02,NaN,5.734783e+06,8.640092e-03
1.883630e+04,2.283322e+03,2.282271e+03,2.712142e+02,8.646388e+03,8.375173e+03,3.431997e-01,NaN,NaN,1.980161e-02,2.191917e+16,2.132648e+19,2.516374e+20,9.346076e+16,4.546680e+20,1.470876e+19,7.871241e+20,1.749348e+02,2.519767e+01,1.497371e+02,NaN,NaN,NaN,NaN,3.728033e-02,NaN,5.735508e+06,8.648032e-03
1.897501e+04,2.282908e+03,2.281665e+03,2.479639e+02,8.623118e+03,8.375154e+03,3.428601e-01,NaN,NaN,2.026009e-02,2.193287e+16,2.128790e+19,2.516760e+20,9.368073e+16,4.546295e+20,1.474663e+19,7.875273e+20,1.749740e+02,2.526254e+01,1.497115e+02,NaN,NaN,NaN,NaN,3.726823e-02,NaN,5.736683e+06,8.658041e-03
1.922416e+04,2.282216e+03,2.281051e+03,2.244985e+02,8.599618e+03,8.375120e+03,3.425158e-01,NaN,NaN,2.078017e-02,2.194691e+16,2.124879e+19,2.517150e+20,9.390510e+16,4.545901e+20,1.478483e+19,7.879345e+20,1.750141e+02,2.532798e+01,1.496861e+02,NaN,NaN,NaN,NaN,3.725614e-02,NaN,5.737877e+06,8.674799e-03
1.950438e+04,2.281512e+03,2.280438e+03,2.011206e+02,8.576202e+03,8.375081e+03,3.421727e-01,NaN,NaN,2.136990e-02,2.196106e+16,2.120982e+19,2.517539e+20,9.413003e+16,4.545502e+20,1.482304e+19,7.883415e+20,1.750550e+02,2.539345e+01,1.496616e+02,NaN,NaN,NaN,NaN,3.724427e-02,NaN,5.739070e+06,8.691927e-03
1.981734e+04,2.280807e+03,2.279839e+03,1.786077e+02,8.553646e+03,8.375038e+03,3.418378e-01,NaN,NaN,2.202427e-02,2.197484e+16,2.117162e+19,2.517908e+20,9.435099e+16,4.545113e+20,1.486056e+19,7.887378e+20,1.750949e+02,2.545772e+01,1.496372e+02,NaN,NaN,NaN,NaN,3.723274e-02,NaN,5.740237e+06,8.709111e-03
2.016383e+04,2.280115e+03,2.279493e+03,1.656193e+02,8.540609e+03,8.374990e+03,3.416445e-01,NaN,NaN,2.245022e-02,2.198277e+16,2.114948e+19,2.518128e+20,9.447909e+16,4.544885e+20,1.488176e+19,7.889645e+20,1.751167e+02,2.549403e+01,1.496227e+02,NaN,NaN,NaN,NaN,3.722589e-02,NaN,5.740912e+06,8.726025e-03
2.040055e+04,2.279690e+03,2.279197e+03,1.543237e+02,8.529281e+03,8.374957e+03,3.414784e-01,NaN,NaN,2.285572e-02,2.198942e+16,2.113026e+19,2.518336e+20,9.458940e+16,4.544683e+20,1.490055e+19,7.891689e+20,1.751353e+02,2.552623e+01,1.496091e+02,NaN,NaN,NaN,NaN,3.721944e-02,NaN,5.741493e+06,8.736441e-03
2.059708e+04,2.279369e+03,2.278612e+03,1.315713e+02,8.506502e+03,8.374930e+03,3.411488e-01,NaN,NaN,2.379696e-02,2.200270e+16,2.109212e+19,2.518717e+20,9.480948e+16,4.544290e+20,1.493919e+19,7.895771e+20,1.751749e+02,2.559242e+01,1.495825e+02,NaN,NaN,NaN,NaN,3.720719e-02,NaN,5.742648e+06,8.744328e-03
2.106327e+04,2.278688e+03,2.278011e+03,1.085092e+02,8.483375e+03,8.374866e+03,3.408104e-01,NaN,NaN,2.498391e-02,2.201656e+16,2.105302e+19,2.519107e+20,9.503677e+16,4.543878e+20,1.497816e+19,7.899905e+20,1.752156e+02,2.565919e+01,1.495564e+02,NaN,NaN,NaN,NaN,3.719493e-02,NaN,5.743837e+06,8.761099e-03
2.165070e+04,2.277982e+03,2.277415e+03,8.558351e+01,8.460368e+03,8.374785e+03,3.404727e-01,NaN,NaN,2.652440e-02,2.203048e+16,2.101395e+19,2.519497e+20,9.526488e+16,4.543459e+20,1.501720e+19,7.904043e+20,1.752566e+02,2.572607e+01,1.495305e+02,NaN,NaN,NaN,NaN,3.718274e-02,NaN,5.745027e+06,8.778525e-03
2.240307e+04,2.277274e+03,2.276829e+03,6.298865e+01,8.437670e+03,8.374681e+03,3.401381e-01,NaN,NaN,2.865117e-02,2.204430e+16,2.097512e+19,2.519879e+20,9.549222e+16,4.543037e+20,1.505607e+19,7.908145e+20,1.752974e+02,2.579265e+01,1.495048e+02,NaN,NaN,NaN,NaN,3.717072e-02,NaN,5.746209e+06,8.796049e-03
2.337850e+04,2.276605e+03,2.276373e+03,4.570345e+01,8.420250e+03,8.374547e+03,3.398759e-01,NaN,NaN,3.105560e-02,2.205538e+16,2.094484e+19,2.520168e+20,9.567125e+16,4.542698e+20,1.508557e+19,7.911256e+20,1.753294e+02,2.584319e+01,1.494862e+02,NaN,NaN,NaN,NaN,3.716182e-02,NaN,5.747138e+06,8.812667e-03
2.456907e+04,2.276038e+03,2.276200e+03,4.021007e+01,8.414592e+03,8.374382e+03,3.397789e-01,NaN,NaN,3.207054e-02,2.205964e+16,2.093375e+19,2.520301e+20,9.573739e+16,4.542556e+20,1.509348e+19,7.912239e+20,1.753369e+02,2.585673e+01,1.494802e+02,NaN,NaN,NaN,NaN,3.715838e-02,NaN,5.747482e+06,8.826807e-03
2.537340e+04,2.275822e+03,2.275759e+03,2.212688e+01,8.396398e+03,8.374271e+03,3.395151e-01,NaN,NaN,3.725040e-02,2.206981e+16,2.090224e+19,2.520615e+20,9.591835e+16,4.542196e+20,1.512708e+19,7.915741e+20,1.753689e+02,2.591430e+01,1.494546e+02,NaN,NaN,NaN,NaN,3.714739e-02,NaN,5.748419e+06,8.832185e-03
2.807849e+04,2.275343e+03,2.275310e+03,4.357790e+00,8.378256e+03,8.373898e+03,3.392351e-01,NaN,NaN,5.594053e-02,2.208138e+16,2.086941e+19,2.520943e+20,9.611018e+16,4.541751e+20,1.515998e+19,7.919227e+20,1.754031e+02,2.597066e+01,1.494324e+02,NaN,NaN,NaN,NaN,3.713702e-02,NaN,5.749415e+06,8.844161e-03
6.498762e+04,2.273510e+03,2.273587e+03,2.481535e+00,8.322687e+03,8.368809e+03,3.384184e-01,NaN,NaN,6.447621e-02,2.211571e+16,2.077361e+19,2.521897e+20,9.665389e+16,4.539420e+20,1.523717e+19,7.927897e+20,1.754729e+02,2.610289e+01,1.493700e+02,NaN,NaN,NaN,NaN,3.710747e-02,NaN,5.752336e+06,8.890198e-03
1.242531e+05,2.273276e+03,2.273236e+03,0.000000e+00,8.328968e+03,8.360652e+03,3.382549e-01,NaN,NaN,0.000000e+00,2.212587e+16,2.075740e+19,2.522068e+20,9.672958e+16,4.537347e+20,1.519022e+19,7.924623e+20,1.754019e+02,2.602246e+01,1.493794e+02,NaN,NaN,NaN,NaN,3.710731e-02,NaN,5.752923e+06,8.896101e-03
1.704784e+05,2.272925e+03,2.273002e+03,2.480163e+00,8.308282e+03,8.354301e+03,3.381462e-01,NaN,NaN,6.451188e-02,2.213120e+16,2.074528e+19,2.522180e+20,9.675621e+16,4.534852e+20,1.524699e+19,7.929428e+20,1.754958e+02,2.611972e+01,1.493761e+02,NaN,NaN,NaN,NaN,3.710483e-02,NaN,5.753314e+06,8.904955e-03
2.298970e+05,2.272692e+03,2.272652e+03,0.000000e+00,8.314602e+03,8.346152e+03,3.379837e-01,NaN,NaN,0.000000e+00,2.214131e+16,2.072912e+19,2.522350e+20,9.683163e+16,4.532780e+20,1.519993e+19,7.926148e+20,1.754245e+02,2.603910e+01,1.493854e+02,NaN,NaN,NaN,NaN,3.710463e-02,NaN,5.753899e+06,8.910857e-03
2.762347e+05,2.272342e+03,2.272419e+03,2.478795e+00,8.293955e+03,8.339808e+03,3.378757e-01,NaN,NaN,6.454750e-02,2.214663e+16,2.071704e+19,2.522462e+20,9.685800e+16,4.530286e+20,1.525674e+19,7.930954e+20,1.755185e+02,2.613642e+01,1.493821e+02,NaN,NaN,NaN,NaN,3.710217e-02,NaN,5.754288e+06,8.919704e-03
3.358367e+05,2.272110e+03,2.272070e+03,0.000000e+00,8.300339e+03,8.331663e+03,3.377143e-01,NaN,NaN,0.000000e+00,2.215671e+16,2.070095e+19,2.522632e+20,9.693307e+16,4.528215e+20,1.520950e+19,7.927657e+20,1.754469e+02,2.605550e+01,1.493914e+02,NaN,NaN,NaN,NaN,3.710199e-02,NaN,5.754870e+06,8.925599e-03
3.823063e+05,2.271762e+03,2.271838e+03,2.477431e+00,8.279726e+03,8.325324e+03,3.376071e-01,NaN,NaN,6.458303e-02,2.216201e+16,2.068894e+19,2.522743e+20,9.695910e+16,4.525719e+20,1.526637e+19,7.932467e+20,1.755411e+02,2.615292e+01,1.493882e+02,NaN,NaN,NaN,NaN,3.709955e-02,NaN,5.755257e+06,8.934435e-03
4.421204e+05,2.271530e+03,2.271490e+03,0.000000e+00,8.286190e+03,8.317180e+03,3.374469e-01,NaN,NaN,0.000000e+00,2.217205e+16,2.067293e+19,2.522912e+20,9.703374e+16,4.523648e+20,1.521890e+19,7.929149e+20,1.754692e+02,2.607160e+01,1.493976e+02,NaN,NaN,NaN,NaN,3.709940e-02,NaN,5.755837e+06,8.940320e-03
4.887403e+05,2.271184e+03,2.271259e+03,2.476072e+00,8.265605e+03,8.310843e+03,3.373405e-01,NaN,NaN,6.461847e-02,2.217733e+16,2.066098e+19,2.523022e+20,9.705937e+16,4.521150e+20,1.527586e+19,7.933964e+20,1.755636e+02,2.616917e+01,1.493944e+02,NaN,NaN,NaN,NaN,3.709698e-02,NaN,5.756222e+06,8.949139e-03
5.487932e+05,2.270954e+03,2.270914e+03,0.000000e+00,8.272168e+03,8.302696e+03,3.371815e-01,NaN,NaN,0.000000e+00,2.218734e+16,2.064506e+19,2.523190e+20,9.713350e+16,4.519078e+20,1.522810e+19,7.930621e+20,1.754912e+02,2.608736e+01,1.494038e+02,NaN,NaN,NaN,NaN,3.709685e-02,NaN,5.756798e+06,8.955013e-03
5.955809e+05,2.270609e+03,2.270684e+03,2.474720e+00,8.251606e+03,8.296360e+03,3.370759e-01,NaN,NaN,6.465379e-02,2.219261e+16,2.063318e+19,2.523300e+20,9.715868e+16,4.516577e+20,1.528517e+19,7.935444e+20,1.755858e+02,2.618512e+01,1.494007e+02,NaN,NaN,NaN,NaN,3.709446e-02,NaN,5.757181e+06,8.963812e-03
6.558978e+05,2.270380e+03,2.270340e+03,0.000000e+00,8.258282e+03,8.288206e+03,3.369182e-01,NaN,NaN,0.000000e+00,2.220258e+16,2.061736e+19,2.523467e+20,9.723225e+16,4.514504e+20,1.523709e+19,7.932072e+20,1.755129e+02,2.610275e+01,1.494102e+02,NaN,NaN,NaN,NaN,3.709436e-02,NaN,5.757754e+06,8.969670e-03
7.028697e+05,2.270037e+03,2.270111e+03,2.473373e+00,8.237740e+03,8.281868e+03,3.368135e-01,NaN,NaN,6.468898e-02,2.220782e+16,2.060556e+19,2.523576e+20,9.725691e+16,4.512000e+20,1.529428e+19,7.936902e+20,1.756078e+02,2.620073e+01,1.494071e+02,NaN,NaN,NaN,NaN,3.709201e-02,NaN,5.758135e+06,8.978444e-03
7.634747e+05,2.269809e+03,2.269769e+03,0.000000e+00,8.244543e+03,8.273705e+03,3.366572e-01,NaN,NaN,0.000000e+00,2.221775e+16,2.058985e+19,2.523742e+20,9.732985e+16,4.509925e+20,1.524583e+19,7.933499e+20,1.755344e+02,2.611773e+01,1.494167e+02,NaN,NaN,NaN,NaN,3.709194e-02,NaN,5.758704e+06,8.984285e-03
8.106462e+05,2.269468e+03,2.269541e+03,2.472034e+00,8.224015e+03,8.267363e+03,3.365534e-01,NaN,NaN,6.472403e-02,2.222297e+16,2.057814e+19,2.523850e+20,9.735395e+16,4.507415e+20,1.530318e+19,7.938338e+20,1.756297e+02,2.621597e+01,1.494137e+02,NaN,NaN,NaN,NaN,3.708962e-02,NaN,5.759082e+06,8.993031e-03
8.715618e+05,2.269241e+03,2.269201e+03,0.000000e+00,8.230960e+03,8.259188e+03,3.363985e-01,NaN,NaN,0.000000e+00,2.223286e+16,2.056255e+19,2.524015e+20,9.742620e+16,4.505338e+20,1.525431e+19,7.934899e+20,1.755557e+02,2.613226e+01,1.494234e+02,NaN,NaN,NaN,NaN,3.708959e-02,NaN,5.759648e+06,8.998852e-03
9.189477e+05,2.268902e+03,2.268975e+03,2.470702e+00,8.210442e+03,8.252840e+03,3.362957e-01,NaN,NaN,6.475892e-02,2.223806e+16,2.055092e+19,2.524122e+20,9.744970e+16,4.502823e+20,1.531183e+19,7.939751e+20,1.756513e+02,2.623080e+01,1.494205e+02,NaN,NaN,NaN,NaN,3.708731e-02,NaN,5.760023e+06,9.007566e-03
9.801954e+05,2.268677e+03,2.268637e+03,0.000000e+00,8.217540e+03,8.244650e+03,3.361422e-01,NaN,NaN,0.000000e+00,2.224790e+16,2.053545e+19,2.524286e+20,9.752122e+16,4.500744e+20,1.526252e+19,7.936272e+20,1.755765e+02,2.614632e+01,1.494302e+02,NaN,NaN,NaN,NaN,3.708731e-02,NaN,5.760585e+06,9.013365e-03
1.027810e+06,2.268340e+03,2.268412e+03,2.469378e+00,8.197028e+03,8.238295e+03,3.360403e-01,NaN,NaN,6.479364e-02,2.225308e+16,2.052392e+19,2.524392e+20,9.754407e+16,4.498223e+20,1.532023e+19,7.941137e+20,1.756727e+02,2.624519e+01,1.494275e+02,NaN,NaN,NaN,NaN,3.708508e-02,NaN,5.760958e+06,9.022046e-03
1.089409e+06,2.268116e+03,2.268076e+03,0.000000e+00,8.204290e+03,8.230089e+03,3.358881e-01,NaN,NaN,0.000000e+00,2.226288e+16,2.050858e+19,2.524555e+20,9.761480e+16,4.496140e+20,1.527044e+19,7.937616e+20,1.755972e+02,2.615989e+01,1.494373e+02,NaN,NaN,NaN,NaN,3.708512e-02,NaN,5.761515e+06,9.027820e-03
1.137265e+06,2.267782e+03,2.267853e+03,2.468063e+00,8.183781e+03,8.223725e+03,3.357848e-01,NaN,NaN,6.482818e-02,2.226804e+16,2.049714e+19,2.524660e+20,9.763696e+16,4.493612e+20,1.532836e+19,7.942494e+20,1.756938e+02,2.625910e+01,1.494347e+02,NaN,NaN,NaN,NaN,3.708294e-02,NaN,5.761885e+06,9.036463e-03
1.199236e+06,2.267560e+03,2.267520e+03,0.000000e+00,8.191217e+03,8.215499e+03,3.356261e-01,NaN,NaN,0.000000e+00,2.227779e+16,2.048193e+19,2.524821e+20,9.770687e+16,4.491526e+20,1.527805e+19,7.938929e+20,1.756175e+02,2.617292e+01,1.494446e+02,NaN,NaN,NaN,NaN,3.708303e-02,NaN,5.762438e+06,9.042212e-03
1.247346e+06,2.267228e+03,2.267298e+03,2.466756e+00,8.170706e+03,8.209125e+03,3.355180e-01,NaN,NaN,6.486252e-02,2.228293e+16,2.047060e+19,2.524925e+20,9.772830e+16,4.488990e+20,1.533619e+19,7.943822e+20,1.757147e+02,2.627252e+01,1.494422e+02,NaN,NaN,NaN,NaN,3.708089e-02,NaN,5.762805e+06,9.050816e-03
1.309707e+06,2.267007e+03,2.266967e+03,0.000000e+00,8.178326e+03,8.200878e+03,3.353528e-01,NaN,NaN,0.000000e+00,2.229263e+16,2.045553e+19,2.525085e+20,9.779735e+16,4.486901e+20,1.528534e+19,7.940211e+20,1.756376e+02,2.618541e+01,1.494522e+02,NaN,NaN,NaN,NaN,3.708102e-02,NaN,5.763354e+06,9.056537e-03
1.358082e+06,2.266677e+03,2.266747e+03,2.465458e+00,8.157810e+03,8.194493e+03,3.352408e-01,NaN,NaN,6.489667e-02,2.229775e+16,2.044430e+19,2.525188e+20,9.781803e+16,4.484357e+20,1.534371e+19,7.945120e+20,1.757353e+02,2.628541e+01,1.494499e+02,NaN,NaN,NaN,NaN,3.707893e-02,NaN,5.763718e+06,9.065098e-03
1.420850e+06,2.266458e+03,2.266418e+03,0.000000e+00,8.165622e+03,8.186223e+03,3.350701e-01,NaN,NaN,0.000000e+00,2.230741e+16,2.042937e+19,2.525346e+20,9.788617e+16,4.482263e+20,1.529229e+19,7.941459e+20,1.756573e+02,2.619733e+01,1.494600e+02,NaN,NaN,NaN,NaN,3.707912e-02,NaN,5.764262e+06,9.070791e-03
1.469502e+06,2.266131e+03,2.266200e+03,2.464169e+00,8.145097e+03,8.179824e+03,3.349547e-01,NaN,NaN,6.493061e-02,2.231250e+16,2.041825e+19,2.525449e+20,9.790607e+16,4.479711e+20,1.535092e+19,7.946386e+20,1.757556e+02,2.629776e+01,1.494578e+02,NaN,NaN,NaN,NaN,3.707708e-02,NaN,5.764623e+06,9.079308e-03
1.532693e+06,2.265914e+03,2.265874e+03,0.000000e+00,8.153109e+03,8.171530e+03,3.347793e-01,NaN,NaN,0.000000e+00,2.232211e+16,2.040347e+19,2.525605e+20,9.797329e+16,4.477612e+20,1.529891e+19,7.942673e+20,1.756766e+02,2.620865e+01,1.494680e+02,NaN,NaN,NaN,NaN,3.707731e-02,NaN,5.765163e+06,9.084971e-03
1.581632e+06,2.265589e+03,2.265658e+03,2.462890e+00,8.132572e+03,8.165118e+03,3.346610e-01,NaN,NaN,6.496433e-02,2.232718e+16,2.039246e+19,2.525706e+20,9.799237e+16,4.475051e+20,1.535780e+19,7.947618e+20,1.757755e+02,2.630954e+01,1.494660e+02,NaN,NaN,NaN,NaN,3.707533e-02,NaN,5.765521e+06,9.093442e-03
1.645262e+06,2.265374e+03,2.265334e+03,0.000000e+00,8.140792e+03,8.156796e+03,3.344816e-01,NaN,NaN,0.000000e+00,2.233674e+16,2.037783e+19,2.525861e+20,9.805863e+16,4.472948e+20,1.530517e+19,7.943854e+20,1.756957e+02,2.621938e+01,1.494763e+02,NaN,NaN,NaN,NaN,3.707562e-02,NaN,5.766055e+06,9.099074e-03
1.694498e+06,2.265052e+03,2.265119e+03,2.461621e+00,8.120238e+03,8.150370e+03,3.343608e-01,NaN,NaN,6.499783e-02,2.234179e+16,2.036693e+19,2.525962e+20,9.807688e+16,4.470377e+20,1.536434e+19,7.948817e+20,1.757952e+02,2.632074e+01,1.494745e+02,NaN,NaN,NaN,NaN,3.707369e-02,NaN,5.766410e+06,9.107497e-03
1.758582e+06,2.264838e+03,2.264798e+03,0.000000e+00,8.128672e+03,8.142021e+03,3.341778e-01,NaN,NaN,0.000000e+00,2.235131e+16,2.035245e+19,2.526115e+20,9.814215e+16,4.468269e+20,1.531106e+19,7.944998e+20,1.757144e+02,2.622948e+01,1.494849e+02,NaN,NaN,NaN,NaN,3.707403e-02,NaN,5.766940e+06,9.113097e-03
1.808125e+06,2.264519e+03,2.264585e+03,2.460361e+00,8.108100e+03,8.135578e+03,3.340548e-01,NaN,NaN,6.503111e-02,2.235634e+16,2.034166e+19,2.526214e+20,9.815955e+16,4.465688e+20,1.537052e+19,7.949981e+20,1.758146e+02,2.633134e+01,1.494833e+02,NaN,NaN,NaN,NaN,3.707216e-02,NaN,5.767292e+06,9.121471e-03
1.872675e+06,2.264307e+03,2.264267e+03,0.000000e+00,8.116752e+03,8.127200e+03,3.338687e-01,NaN,NaN,0.000000e+00,2.236580e+16,2.032733e+19,2.526366e+20,9.822381e+16,4.463574e+20,1.531659e+19,7.946105e+20,1.757327e+02,2.623895e+01,1.494938e+02,NaN,NaN,NaN,NaN,3.707255e-02,NaN,5.767817e+06,9.127037e-03
1.922534e+06,2.263990e+03,2.264055e+03,2.459111e+00,8.096160e+03,8.120741e+03,3.337437e-01,NaN,NaN,6.506415e-02,2.237081e+16,2.031667e+19,2.526464e+20,9.824033e+16,4.460983e+20,1.537634e+19,7.951108e+20,1.758337e+02,2.634131e+01,1.494924e+02,NaN,NaN,NaN,NaN,3.707074e-02,NaN,5.768166e+06,9.135361e-03
1.987564e+06,2.263780e+03,2.263740e+03,0.000000e+00,8.105036e+03,8.112332e+03,3.335548e-01,NaN,NaN,0.000000e+00,2.238023e+16,2.030249e+19,2.526614e+20,9.830358e+16,4.458864e+20,1.532174e+19,7.947175e+20,1.757509e+02,2.624777e+01,1.495031e+02,NaN,NaN,NaN,NaN,3.707119e-02,NaN,5.768687e+06,9.140894e-03
2.037748e+06,2.263466e+03,2.263530e+03,2.457872e+00,8.084419e+03,8.105856e+03,3.334281e-01,NaN,NaN,6.509696e-02,2.238521e+16,2.029194e+19,2.526711e+20,9.831920e+16,4.456262e+20,1.538180e+19,7.952200e+20,1.758524e+02,2.635066e+01,1.495017e+02,NaN,NaN,NaN,NaN,3.706944e-02,NaN,5.769032e+06,9.149166e-03
2.103271e+06,2.263257e+03,2.263217e+03,0.000000e+00,8.093523e+03,8.097416e+03,3.332368e-01,NaN,NaN,0.000000e+00,2.239458e+16,2.027793e+19,2.526860e+20,9.838140e+16,4.454137e+20,1.532650e+19,7.948207e+20,1.757685e+02,2.625593e+01,1.495126e+02,NaN,NaN,NaN,NaN,3.706995e-02,NaN,5.769547e+06,9.154664e-03
2.153786e+06,2.262946e+03,2.263010e+03,2.456643e+00,8.072880e+03,8.090922e+03,3.331086e-01,NaN,NaN,6.512953e-02,2.239955e+16,2.026749e+19,2.526955e+20,9.839612e+16,4.451524e+20,1.538689e+19,7.953255e+20,1.758708e+02,2.635937e+01,1.495114e+02,NaN,NaN,NaN,NaN,3.706826e-02,NaN,5.769890e+06,9.162884e-03
2.219813e+06,2.262739e+03,2.262699e+03,0.000000e+00,8.082216e+03,8.082450e+03,3.329152e-01,NaN,NaN,0.000000e+00,2.240887e+16,2.025363e+19,2.527103e+20,9.845727e+16,4.449394e+20,1.533088e+19,7.949201e+20,1.757858e+02,2.626343e+01,1.495224e+02,NaN,NaN,NaN,NaN,3.706883e-02,NaN,5.770400e+06,9.168347e-03
2.269966e+06,2.262034e+03,2.261994e+03,0.000000e+00,8.043518e+03,8.076027e+03,3.324674e-01,NaN,NaN,0.000000e+00,2.242424e+16,2.021691e+19,2.527445e+20,9.863894e+16,4.446471e+20,1.542265e+19,7.957399e+20,1.759293e+02,2.642064e+01,1.495087e+02,NaN,NaN,NaN,NaN,3.706039e-02,NaN,5.771560e+06,9.187023e-03
2.321300e+06,2.261730e+03,2.261791e+03,2.453765e+00,8.039892e+03,8.069464e+03,3.323362e-01,NaN,NaN,6.520593e-02,2.242888e+16,2.020651e+19,2.527565e+20,9.866485e+16,4.444431e+20,1.542169e+19,7.957641e+20,1.759251e+02,2.641899e+01,1.495061e+02,NaN,NaN,NaN,NaN,3.705801e-02,NaN,5.771895e+06,9.195116e-03
2.388568e+06,2.261527e+03,2.261487e+03,0.000000e+00,8.049831e+03,8.060880e+03,3.321386e-01,NaN,NaN,0.000000e+00,2.243809e+16,2.019304e+19,2.527708e+20,9.872343e+16,4.442280e+20,1.536378e+19,7.953426e+20,1.758373e+02,2.631978e+01,1.495175e+02,NaN,NaN,NaN,NaN,3.705872e-02,NaN,5.772394e+06,9.200493e-03
2.440259e+06,2.261225e+03,2.261286e+03,2.452570e+00,8.029059e+03,8.054297e+03,3.320064e-01,NaN,NaN,6.523768e-02,2.244299e+16,2.018301e+19,2.527800e+20,9.873492e+16,4.439621e+20,1.542543e+19,7.958565e+20,1.759424e+02,2.642541e+01,1.495170e+02,NaN,NaN,NaN,NaN,3.705725e-02,NaN,5.772725e+06,9.208532e-03
2.508066e+06,2.261025e+03,2.260985e+03,0.000000e+00,8.039239e+03,8.045678e+03,3.318073e-01,NaN,NaN,0.000000e+00,2.245215e+16,2.016969e+19,2.527942e+20,9.879240e+16,4.437464e+20,1.536677e+19,7.954285e+20,1.758534e+02,2.632492e+01,1.495285e+02,NaN,NaN,NaN,NaN,3.705802e-02,NaN,5.773219e+06,9.213872e-03
2.560119e+06,2.260726e+03,2.260785e+03,2.451387e+00,8.018430e+03,8.039075e+03,3.316742e-01,NaN,NaN,6.526918e-02,2.245704e+16,2.015978e+19,2.528032e+20,9.880295e+16,4.434792e+20,1.542878e+19,7.959448e+20,1.759592e+02,2.643114e+01,1.495281e+02,NaN,NaN,NaN,NaN,3.705662e-02,NaN,5.773547e+06,9.221856e-03
2.628474e+06,2.260527e+03,2.260487e+03,0.000000e+00,8.028855e+03,8.030421e+03,3.314740e-01,NaN,NaN,0.000000e+00,2.246615e+16,2.014662e+19,2.528172e+20,9.885933e+16,4.432628e+20,1.536937e+19,7.955105e+20,1.758692e+02,2.632936e+01,1.495398e+02,NaN,NaN,NaN,NaN,3.705745e-02,NaN,5.774037e+06,9.227160e-03
2.680896e+06,2.260230e+03,2.260289e+03,2.450213e+00,8.008006e+03,8.023797e+03,3.313401e-01,NaN,NaN,6.530044e-02,2.247102e+16,2.013684e+19,2.528262e+20,9.886892e+16,4.429944e+20,1.543173e+19,7.960294e+20,1.759759e+02,2.643620e+01,1.495397e+02,NaN,NaN,NaN,NaN,3.705611e-02,NaN,5.774361e+06,9.235088e-03
2.733252e+06,2.259536e+03,2.259594e+03,2.448568e+00,7.986755e+03,8.017193e+03,3.308637e-01,NaN,NaN,6.534431e-02,2.248594e+16,2.010051e+19,2.528624e+20,9.906005e+16,4.427563e+20,1.546131e+19,7.963608e+20,1.760117e+02,2.648687e+01,1.495248e+02,NaN,NaN,NaN,NaN,3.704710e-02,NaN,5.775501e+06,9.253682e-03
2.802966e+06,2.259342e+03,2.259302e+03,0.000000e+00,7.997815e+03,8.008417e+03,3.306610e-01,NaN,NaN,0.000000e+00,2.249494e+16,2.008774e+19,2.528761e+20,9.911375e+16,4.425376e+20,1.539985e+19,7.959094e+20,1.759184e+02,2.638159e+01,1.495368e+02,NaN,NaN,NaN,NaN,3.704808e-02,NaN,5.775979e+06,9.258897e-03
2.856296e+06,2.259052e+03,2.259108e+03,2.447420e+00,7.976840e+03,8.001717e+03,3.305257e-01,NaN,NaN,6.537497e-02,2.249977e+16,2.007824e+19,2.528847e+20,9.912092e+16,4.422654e+20,1.546326e+19,7.964357e+20,1.760273e+02,2.649021e+01,1.495371e+02,NaN,NaN,NaN,NaN,3.704690e-02,NaN,5.776296e+06,9.266692e-03
2.926564e+06,2.258859e+03,2.258819e+03,0.000000e+00,7.988136e+03,7.992907e+03,3.303223e-01,NaN,NaN,0.000000e+00,2.250873e+16,2.006562e+19,2.528982e+20,9.917356e+16,4.420461e+20,1.540106e+19,7.959779e+20,1.759330e+02,2.638366e+01,1.495493e+02,NaN,NaN,NaN,NaN,3.704795e-02,NaN,5.776770e+06,9.271872e-03
2.980255e+06,2.258572e+03,2.258627e+03,2.446281e+00,7.967119e+03,7.986189e+03,3.301864e-01,NaN,NaN,6.540539e-02,2.251354e+16,2.005623e+19,2.529067e+20,9.917983e+16,4.417727e+20,1.546482e+19,7.965067e+20,1.760428e+02,2.649288e+01,1.495499e+02,NaN,NaN,NaN,NaN,3.704683e-02,NaN,5.777084e+06,9.279618e-03
3.051051e+06,2.257882e+03,2.258341e+03,2.445603e+00,7.978632e+03,7.977348e+03,3.299821e-01,NaN,NaN,6.542355e-02,2.252247e+16,2.004376e+19,2.529200e+20,9.923148e+16,4.415528e+20,1.540194e+19,7.960430e+20,1.759474e+02,2.638516e+01,1.495622e+02,NaN,NaN,NaN,NaN,3.704794e-02,NaN,5.777553e+06,9.298244e-03
3.105289e+06,2.257693e+03,2.257653e+03,0.000000e+00,7.957960e+03,7.970589e+03,3.294859e-01,NaN,NaN,0.000000e+00,2.253723e+16,2.000792e+19,2.529559e+20,9.941980e+16,4.413104e+20,1.543011e+19,7.963620e+20,1.759811e+02,2.643343e+01,1.495477e+02,NaN,NaN,NaN,NaN,3.703911e-02,NaN,5.778677e+06,9.303349e-03
3.159799e+06,2.257411e+03,2.257465e+03,2.443527e+00,7.936831e+03,7.963808e+03,3.293487e-01,NaN,NaN,6.547911e-02,2.254201e+16,1.999878e+19,2.529642e+20,9.942398e+16,4.410338e+20,1.549480e+19,7.968976e+20,1.760930e+02,2.654425e+01,1.495487e+02,NaN,NaN,NaN,NaN,3.703813e-02,NaN,5.778985e+06,9.310985e-03
3.231801e+06,2.257223e+03,2.257183e+03,0.000000e+00,7.948866e+03,7.954870e+03,3.291426e-01,NaN,NaN,0.000000e+00,2.255085e+16,1.998662e+19,2.529771e+20,9.947340e+16,4.408120e+20,1.543021e+19,7.964195e+20,1.759950e+02,2.643359e+01,1.495614e+02,NaN,NaN,NaN,NaN,3.703937e-02,NaN,5.779444e+06,9.316063e-03
3.286624e+06,2.256943e+03,2.256997e+03,2.442418e+00,7.927710e+03,7.948078e+03,3.290049e-01,NaN,NaN,6.550885e-02,2.255562e+16,1.997757e+19,2.529854e+20,9.947684e+16,4.405345e+20,1.549517e+19,7.969571e+20,1.761074e+02,2.654488e+01,1.495625e+02,NaN,NaN,NaN,NaN,3.703844e-02,NaN,5.779749e+06,9.323660e-03
3.359089e+06,2.256757e+03,2.256717e+03,0.000000e+00,7.939918e+03,7.939119e+03,3.287979e-01,NaN,NaN,0.000000e+00,2.256442e+16,1.996553e+19,2.529982e+20,9.952545e+16,4.403123e+20,1.543002e+19,7.964742e+20,1.760086e+02,2.643327e+01,1.495753e+02,NaN,NaN,NaN,NaN,3.703973e-02,NaN,5.780205e+06,9.328712e-03
3.414458e+06,2.256073e+03,2.256033e+03,0.000000e+00,7.919465e+03,7.932288e+03,3.282854e-01,NaN,NaN,0.000000e+00,2.257917e+16,1.993002e+19,2.530334e+20,9.971241e+16,4.400672e+20,1.545796e+19,7.967898e+20,1.760426e+02,2.648113e+01,1.495615e+02,NaN,NaN,NaN,NaN,3.703115e-02,NaN,5.781321e+06,9.347328e-03
3.470017e+06,2.255798e+03,2.255850e+03,2.439699e+00,7.898215e+03,7.925445e+03,3.281465e-01,NaN,NaN,6.558187e-02,2.258384e+16,1.992112e+19,2.530418e+20,9.971403e+16,4.397869e+20,1.552378e+19,7.973344e+20,1.761564e+02,2.659389e+01,1.495625e+02,NaN,NaN,NaN,NaN,3.703018e-02,NaN,5.781620e+06,9.354835e-03
3.543569e+06,2.255615e+03,2.255575e+03,0.000000e+00,7.910860e+03,7.916406e+03,3.279378e-01,NaN,NaN,0.000000e+00,2.259257e+16,1.990936e+19,2.530544e+20,9.976072e+16,4.395631e+20,1.545715e+19,7.968392e+20,1.760554e+02,2.647975e+01,1.495756e+02,NaN,NaN,NaN,NaN,3.703158e-02,NaN,5.782068e+06,9.359829e-03
3.599411e+06,2.255341e+03,2.255393e+03,2.438614e+00,7.889605e+03,7.909557e+03,3.277984e-01,NaN,NaN,6.561103e-02,2.259730e+16,1.990060e+19,2.530623e+20,9.976172e+16,4.392822e+20,1.552313e+19,7.973840e+20,1.761700e+02,2.659278e+01,1.495772e+02,NaN,NaN,NaN,NaN,3.703081e-02,NaN,5.782365e+06,9.367304e-03
3.673381e+06,2.254660e+03,2.255120e+03,2.437967e+00,7.902393e+03,7.900505e+03,3.275891e-01,NaN,NaN,6.562845e-02,2.260600e+16,1.988894e+19,2.530748e+20,9.980771e+16,4.390581e+20,1.545604e+19,7.968847e+20,1.760682e+02,2.647785e+01,1.495904e+02,NaN,NaN,NaN,NaN,3.703226e-02,NaN,5.782810e+06,9.385958e-03
3.730065e+06,2.254480e+03,2.254440e+03,0.000000e+00,7.882172e+03,7.893582e+03,3.270625e-01,NaN,NaN,0.000000e+00,2.262059e+16,1.985368e+19,2.531100e+20,9.999285e+16,4.388097e+20,1.548376e+19,7.971986e+20,1.761017e+02,2.652533e+01,1.495764e+02,NaN,NaN,NaN,NaN,3.702364e-02,NaN,5.783915e+06,9.390901e-03
3.786582e+06,2.254211e+03,2.254260e+03,2.435928e+00,7.860856e+03,7.886692e+03,3.269220e-01,NaN,NaN,6.568339e-02,2.262529e+16,1.984511e+19,2.531178e+20,9.999225e+16,4.385263e+20,1.555044e+19,7.977484e+20,1.762179e+02,2.663956e+01,1.495783e+02,NaN,NaN,NaN,NaN,3.702298e-02,NaN,5.784208e+06,9.398300e-03
3.861552e+06,2.254032e+03,2.253992e+03,0.000000e+00,7.874020e+03,7.877572e+03,3.267110e-01,NaN,NaN,0.000000e+00,2.263393e+16,1.983369e+19,2.531300e+20,1.000366e+17,4.383009e+20,1.548204e+19,7.972381e+20,1.761141e+02,2.652238e+01,1.495917e+02,NaN,NaN,NaN,NaN,3.702452e-02,NaN,5.784645e+06,9.403224e-03
3.918328e+06,2.253764e+03,2.253813e+03,2.434865e+00,7.852693e+03,7.870681e+03,3.265700e-01,NaN,NaN,6.571205e-02,2.263862e+16,1.982518e+19,2.531377e+20,1.000354e+17,4.380170e+20,1.554890e+19,7.977893e+20,1.762306e+02,2.663692e+01,1.495937e+02,NaN,NaN,NaN,NaN,3.702389e-02,NaN,5.784935e+06,9.410595e-03
3.975787e+06,2.253087e+03,2.253136e+03,2.433257e+00,7.832838e+03,7.863718e+03,3.260316e-01,NaN,NaN,6.575549e-02,2.265315e+16,1.979011e+19,2.531727e+20,1.002196e+17,4.377663e+20,1.557712e+19,7.981066e+20,1.762652e+02,2.668527e+01,1.495799e+02,NaN,NaN,NaN,NaN,3.701536e-02,NaN,5.786035e+06,9.429251e-03
4.051712e+06,2.252911e+03,2.252871e+03,0.000000e+00,7.846340e+03,7.854539e+03,3.258191e-01,NaN,NaN,0.000000e+00,2.266172e+16,1.977891e+19,2.531848e+20,1.002624e+17,4.375397e+20,1.550752e+19,7.975862e+20,1.761596e+02,2.656602e+01,1.495936e+02,NaN,NaN,NaN,NaN,3.701698e-02,NaN,5.786465e+06,9.434130e-03
4.109116e+06,2.252647e+03,2.252695e+03,2.432209e+00,7.824969e+03,7.847613e+03,3.256771e-01,NaN,NaN,6.578383e-02,2.266639e+16,1.977057e+19,2.531923e+20,1.002598e+17,4.372538e+20,1.557499e+19,7.981418e+20,1.762775e+02,2.668162e+01,1.495959e+02,NaN,NaN,NaN,NaN,3.701644e-02,NaN,5.786751e+06,9.441437e-03
4.185404e+06,2.252471e+03,2.252431e+03,0.000000e+00,7.838580e+03,7.838429e+03,3.254640e-01,NaN,NaN,0.000000e+00,2.267495e+16,1.975946e+19,2.532042e+20,1.003020e+17,4.370270e+20,1.550503e+19,7.976183e+20,1.761715e+02,2.656177e+01,1.496097e+02,NaN,NaN,NaN,NaN,3.701811e-02,NaN,5.787179e+06,9.446300e-03
4.243788e+06,2.251797e+03,2.251757e+03,0.000000e+00,7.818679e+03,7.831415e+03,3.249141e-01,NaN,NaN,0.000000e+00,2.268947e+16,1.972464e+19,2.532387e+20,1.004854e+17,4.367749e+20,1.553244e+19,7.979277e+20,1.762051e+02,2.660872e+01,1.495964e+02,NaN,NaN,NaN,NaN,3.700979e-02,NaN,5.788272e+06,9.465005e-03
4.301795e+06,2.251536e+03,2.251583e+03,2.429566e+00,7.797256e+03,7.824459e+03,3.247712e-01,NaN,NaN,6.585539e-02,2.269405e+16,1.971639e+19,2.532464e+20,1.004814e+17,4.364869e+20,1.560056e+19,7.984891e+20,1.763239e+02,2.672541e+01,1.495985e+02,NaN,NaN,NaN,NaN,3.700917e-02,NaN,5.788554e+06,9.472253e-03
4.378978e+06,2.251363e+03,2.251323e+03,0.000000e+00,7.811169e+03,7.815224e+03,3.245566e-01,NaN,NaN,0.000000e+00,2.270255e+16,1.970549e+19,2.532581e+20,1.005222e+17,4.362591e+20,1.552950e+19,7.979562e+20,1.762162e+02,2.660369e+01,1.496125e+02,NaN,NaN,NaN,NaN,3.701093e-02,NaN,5.788975e+06,9.477078e-03
4.437215e+06,2.251103e+03,2.251150e+03,2.428536e+00,7.789758e+03,7.808272e+03,3.244134e-01,NaN,NaN,6.588333e-02,2.270719e+16,1.969735e+19,2.532654e+20,1.005178e+17,4.359709e+20,1.559768e+19,7.985169e+20,1.763356e+02,2.672049e+01,1.496151e+02,NaN,NaN,NaN,NaN,3.701051e-02,NaN,5.789255e+06,9.484304e-03
4.496304e+06,2.250342e+03,2.250388e+03,2.426723e+00,7.766903e+03,7.801230e+03,3.237776e-01,NaN,NaN,6.593254e-02,2.272390e+16,1.965834e+19,2.533045e+20,1.007313e+17,4.357107e+20,1.563048e+19,7.988812e+20,1.763790e+02,2.677667e+01,1.496023e+02,NaN,NaN,NaN,NaN,3.700163e-02,NaN,5.790488e+06,9.505557e-03
4.574418e+06,2.250171e+03,2.250131e+03,0.000000e+00,7.781012e+03,7.791942e+03,3.235615e-01,NaN,NaN,0.000000e+00,2.273164e+16,1.964703e+19,2.533166e+20,1.007708e+17,4.354824e+20,1.555885e+19,7.983448e+20,1.762659e+02,2.665396e+01,1.496119e+02,NaN,NaN,NaN,NaN,3.700223e-02,NaN,5.790903e+06,9.510343e-03
4.633270e+06,2.249915e+03,2.249960e+03,2.425705e+00,7.759570e+03,7.784959e+03,3.234173e-01,NaN,NaN,6.596020e-02,2.273626e+16,1.963904e+19,2.533237e+20,1.007650e+17,4.351923e+20,1.562761e+19,7.989097e+20,1.763866e+02,2.677176e+01,1.496148e+02,NaN,NaN,NaN,NaN,3.700190e-02,NaN,5.791179e+06,9.517513e-03
4.711709e+06,2.249745e+03,2.249705e+03,0.000000e+00,7.773869e+03,7.775673e+03,3.232008e-01,NaN,NaN,0.000000e+00,2.274469e+16,1.962841e+19,2.533352e+20,1.008039e+17,4.349633e+20,1.555516e+19,7.983651e+20,1.762767e+02,2.664764e+01,1.496291e+02,NaN,NaN,NaN,NaN,3.700377e-02,NaN,5.791592e+06,9.522287e-03
4.771700e+06,2.249075e+03,2.249035e+03,0.000000e+00,7.736446e+03,7.768586e+03,3.226292e-01,NaN,NaN,0.000000e+00,2.275955e+16,1.959434e+19,2.533668e+20,1.009705e+17,4.346419e+20,1.564966e+19,7.991994e+20,1.764286e+02,2.680954e+01,1.496191e+02,NaN,NaN,NaN,NaN,3.699668e-02,NaN,5.792674e+06,9.541092e-03
4.831100e+06,2.248822e+03,2.248867e+03,2.423101e+00,7.732776e+03,7.761582e+03,3.224841e-01,NaN,NaN,6.603110e-02,2.276361e+16,1.958602e+19,2.533767e+20,1.009789e+17,4.344162e+20,1.565166e+19,7.992418e+20,1.764316e+02,2.681297e+01,1.496186e+02,NaN,NaN,NaN,NaN,3.699511e-02,NaN,5.792946e+06,9.548215e-03
4.910356e+06,2.248654e+03,2.248614e+03,0.000000e+00,7.747322e+03,7.752258e+03,3.222663e-01,NaN,NaN,0.000000e+00,2.277199e+16,1.957557e+19,2.533880e+20,1.010166e+17,4.341863e+20,1.557828e+19,7.986894e+20,1.763204e+02,2.668725e+01,1.496331e+02,NaN,NaN,NaN,NaN,3.699706e-02,NaN,5.793354e+06,9.552957e-03
4.969963e+06,2.248402e+03,2.248446e+03,2.422099e+00,7.725865e+03,7.745261e+03,3.221209e-01,NaN,NaN,6.605842e-02,2.277658e+16,1.956776e+19,2.533950e+20,1.010093e+17,4.338945e+20,1.564761e+19,7.992582e+20,1.764423e+02,2.680603e+01,1.496363e+02,NaN,NaN,NaN,NaN,3.699682e-02,NaN,5.793625e+06,9.560063e-03
5.030717e+06,2.247699e+03,2.247742e+03,2.420421e+00,7.705156e+03,7.738143e+03,3.215081e-01,NaN,NaN,6.610419e-02,2.279222e+16,1.953202e+19,2.534308e+20,1.012029e+17,4.336342e+20,1.567690e+19,7.995861e+20,1.764822e+02,2.685620e+01,1.496260e+02,NaN,NaN,NaN,NaN,3.698905e-02,NaN,5.794759e+06,9.579936e-03
5.110789e+06,2.247532e+03,2.247492e+03,0.000000e+00,7.719829e+03,7.728782e+03,3.212891e-01,NaN,NaN,0.000000e+00,2.279984e+16,1.952111e+19,2.534424e+20,1.012396e+17,4.334042e+20,1.560317e+19,7.990319e+20,1.763659e+02,2.672989e+01,1.496360e+02,NaN,NaN,NaN,NaN,3.698981e-02,NaN,5.795162e+06,9.584649e-03
5.170937e+06,2.247283e+03,2.247326e+03,2.419430e+00,7.698359e+03,7.721766e+03,3.211429e-01,NaN,NaN,6.613128e-02,2.280441e+16,1.951344e+19,2.534493e+20,1.012312e+17,4.331109e+20,1.567296e+19,7.996041e+20,1.764887e+02,2.684945e+01,1.496393e+02,NaN,NaN,NaN,NaN,3.698965e-02,NaN,5.795429e+06,9.591710e-03
5.251307e+06,2.247117e+03,2.247077e+03,0.000000e+00,7.713205e+03,7.712412e+03,3.209234e-01,NaN,NaN,0.000000e+00,2.281273e+16,1.950321e+19,2.534603e+20,1.012673e+17,4.328802e+20,1.559846e+19,7.990422e+20,1.763759e+02,2.672181e+01,1.496541e+02,NaN,NaN,NaN,NaN,3.699168e-02,NaN,5.795830e+06,9.596413e-03
5.312986e+06,2.246397e+03,2.246357e+03,0.000000e+00,7.691991e+03,7.705249e+03,3.202835e-01,NaN,NaN,0.000000e+00,2.282799e+16,1.946606e+19,2.534971e+20,1.014669e+17,4.326182e+20,1.562873e+19,7.993806e+20,1.764125e+02,2.677368e+01,1.496388e+02,NaN,NaN,NaN,NaN,3.698253e-02,NaN,5.796988e+06,9.616886e-03
5.373667e+06,2.246151e+03,2.246193e+03,2.416727e+00,7.670499e+03,7.698216e+03,3.201366e-01,NaN,NaN,6.620524e-02,2.283247e+16,1.945844e+19,2.535043e+20,1.014574e+17,4.323234e+20,1.569904e+19,7.999575e+20,1.765360e+02,2.689412e+01,1.496419e+02,NaN,NaN,NaN,NaN,3.698226e-02,NaN,5.797253e+06,9.623907e-03
5.454832e+06,2.245987e+03,2.245947e+03,0.000000e+00,7.685563e+03,7.688829e+03,3.199159e-01,NaN,NaN,0.000000e+00,2.284075e+16,1.944837e+19,2.535151e+20,1.014924e+17,4.320920e+20,1.562367e+19,7.993883e+20,1.764218e+02,2.676501e+01,1.496568e+02,NaN,NaN,NaN,NaN,3.698436e-02,NaN,5.797648e+06,9.628582e-03
5.515704e+06,2.245742e+03,2.245783e+03,2.415749e+00,7.664096e+03,7.681805e+03,3.197687e-01,NaN,NaN,6.623204e-02,2.284530e+16,1.944085e+19,2.535218e+20,1.014825e+17,4.317971e+20,1.569396e+19,7.999641e+20,1.765459e+02,2.688543e+01,1.496605e+02,NaN,NaN,NaN,NaN,3.698428e-02,NaN,5.797911e+06,9.635589e-03
5.578123e+06,2.245022e+03,2.245063e+03,2.414030e+00,7.642852e+03,7.674617e+03,3.191168e-01,NaN,NaN,6.627922e-02,2.286047e+16,1.940367e+19,2.535590e+20,1.016823e+17,4.315331e+20,1.572484e+19,8.003081e+20,1.765830e+02,2.693832e+01,1.496447e+02,NaN,NaN,NaN,NaN,3.697498e-02,NaN,5.799068e+06,9.656182e-03
5.660062e+06,2.244859e+03,2.244819e+03,0.000000e+00,7.658118e+03,7.665202e+03,3.188951e-01,NaN,NaN,0.000000e+00,2.286870e+16,1.939375e+19,2.535697e+20,1.017162e+17,4.313010e+20,1.564867e+19,7.997321e+20,1.764676e+02,2.680783e+01,1.496598e+02,NaN,NaN,NaN,NaN,3.697713e-02,NaN,5.799459e+06,9.660833e-03
5.721447e+06,2.244617e+03,2.244657e+03,2.413062e+00,7.636650e+03,7.658164e+03,3.187471e-01,NaN,NaN,6.630581e-02,2.287324e+16,1.938635e+19,2.535763e+20,1.017053e+17,4.310049e+20,1.571936e+19,8.003108e+20,1.765925e+02,2.692893e+01,1.496636e+02,NaN,NaN,NaN,NaN,3.697711e-02,NaN,5.799719e+06,9.667802e-03
5.803660e+06,2.243821e+03,2.244407e+03,3.059314e+00,7.651819e+03,7.648760e+03,3.185250e-01,NaN,NaN,6.249782e-02,2.288146e+16,1.937649e+19,2.535870e+20,1.017389e+17,4.307729e+20,1.564302e+19,7.997333e+20,1.764770e+02,2.679816e+01,1.496788e+02,NaN,NaN,NaN,NaN,3.697930e-02,NaN,5.800108e+06,9.690674e-03
5.866993e+06,2.243661e+03,2.243621e+03,0.000000e+00,7.628357e+03,7.641531e+03,3.177928e-01,NaN,NaN,0.000000e+00,2.289789e+16,1.933533e+19,2.536281e+20,1.019648e+17,4.305029e+20,1.567794e+19,8.001201e+20,1.765177e+02,2.685798e+01,1.496597e+02,NaN,NaN,NaN,NaN,3.696859e-02,NaN,5.801381e+06,9.695300e-03
5.928911e+06,2.243421e+03,2.243461e+03,2.410202e+00,7.606891e+03,7.634479e+03,3.176441e-01,NaN,NaN,6.638448e-02,2.290241e+16,1.932804e+19,2.536346e+20,1.019528e+17,4.302055e+20,1.574905e+19,8.007018e+20,1.766435e+02,2.697980e+01,1.496637e+02,NaN,NaN,NaN,NaN,3.696863e-02,NaN,5.801637e+06,9.702233e-03
6.011919e+06,2.243261e+03,2.243221e+03,0.000000e+00,7.622404e+03,7.625045e+03,3.174208e-01,NaN,NaN,0.000000e+00,2.291059e+16,1.931833e+19,2.536451e+20,1.019853e+17,4.299727e+20,1.567189e+19,8.001173e+20,1.765266e+02,2.684761e+01,1.496790e+02,NaN,NaN,NaN,NaN,3.697088e-02,NaN,5.802022e+06,9.706851e-03
6.075640e+06,2.242601e+03,2.242561e+03,0.000000e+00,7.585761e+03,7.617819e+03,3.168040e-01,NaN,NaN,0.000000e+00,2.292524e+16,1.928505e+19,2.536759e+20,1.021484e+17,4.296438e+20,1.576668e+19,8.009517e+20,1.766798e+02,2.701000e+01,1.496698e+02,NaN,NaN,NaN,NaN,3.696414e-02,NaN,5.803077e+06,9.725927e-03
6.138020e+06,2.242363e+03,2.242402e+03,2.407672e+00,7.581951e+03,7.610760e+03,3.166546e-01,NaN,NaN,6.645423e-02,2.292913e+16,1.927734e+19,2.536853e+20,1.021515e+17,4.294121e+20,1.577015e+19,8.010042e+20,1.766859e+02,2.701594e+01,1.496700e+02,NaN,NaN,NaN,NaN,3.696281e-02,NaN,5.803331e+06,9.732830e-03
6.221718e+06,2.242205e+03,2.242165e+03,0.000000e+00,7.597620e+03,7.601309e+03,3.164305e-01,NaN,NaN,0.000000e+00,2.293728e+16,1.926776e+19,2.536956e+20,1.021831e+17,4.291789e+20,1.569232e+19,8.004141e+20,1.765681e+02,2.688262e+01,1.496855e+02,NaN,NaN,NaN,NaN,3.696511e-02,NaN,5.803711e+06,9.737429e-03
6.284268e+06,2.241967e+03,2.242006e+03,2.406725e+00,7.576182e+03,7.594263e+03,3.162809e-01,NaN,NaN,6.648038e-02,2.294178e+16,1.926060e+19,2.537020e+20,1.021700e+17,4.288806e+20,1.576378e+19,8.009982e+20,1.766947e+02,2.700504e+01,1.496897e+02,NaN,NaN,NaN,NaN,3.696523e-02,NaN,5.803964e+06,9.744321e-03
6.357751e+06,2.241137e+03,2.241176e+03,2.404737e+00,7.564295e+03,7.586002e+03,3.154909e-01,NaN,NaN,6.653535e-02,2.294511e+16,1.926121e+19,2.537017e+20,1.021207e+17,4.286244e+20,1.575038e+19,8.008912e+20,1.766885e+02,2.698208e+01,1.497064e+02,NaN,NaN,NaN,NaN,3.696939e-02,NaN,5.804015e+06,9.768492e-03
6.433815e+06,2.240228e+03,2.240265e+03,2.402558e+00,7.551637e+03,7.577471e+03,3.146166e-01,NaN,NaN,6.659568e-02,2.294836e+16,1.926386e+19,2.536994e+20,1.020584e+17,4.283614e+20,1.573429e+19,8.007573e+20,1.766819e+02,2.695452e+01,1.497274e+02,NaN,NaN,NaN,NaN,3.697492e-02,NaN,5.804017e+06,9.795070e-03
6.519284e+06,2.239390e+03,2.240023e+03,3.286820e+00,7.571196e+03,7.567909e+03,3.143918e-01,NaN,NaN,6.158756e-02,2.295135e+16,1.926635e+19,2.536969e+20,1.020061e+17,4.281416e+20,1.564077e+19,8.000083e+20,1.765412e+02,2.679430e+01,1.497469e+02,NaN,NaN,NaN,NaN,3.698009e-02,NaN,5.804017e+06,9.819678e-03
6.598332e+06,2.238737e+03,2.239196e+03,2.399997e+00,7.560341e+03,7.559088e+03,3.135772e-01,NaN,NaN,6.666676e-02,2.295444e+16,1.926888e+19,2.536944e+20,1.019418e+17,4.278703e+20,1.562362e+19,7.998655e+20,1.765318e+02,2.676492e+01,1.497669e+02,NaN,NaN,NaN,NaN,3.698540e-02,NaN,5.804019e+06,9.838909e-03
6.684949e+06,2.237883e+03,2.238533e+03,3.365390e+00,7.552812e+03,7.549447e+03,3.129374e-01,NaN,NaN,6.129305e-02,2.295781e+16,1.927166e+19,2.536916e+20,1.018713e+17,4.275733e+20,1.560512e+19,7.997112e+20,1.765220e+02,2.673323e+01,1.497888e+02,NaN,NaN,NaN,NaN,3.699121e-02,NaN,5.804020e+06,9.864128e-03
6.764674e+06,2.237732e+03,2.237692e+03,0.000000e+00,7.541737e+03,7.540595e+03,3.120941e-01,NaN,NaN,0.000000e+00,2.296092e+16,1.927419e+19,2.536891e+20,1.018067e+17,4.273006e+20,1.558791e+19,7.995679e+20,1.765127e+02,2.670375e+01,1.498089e+02,NaN,NaN,NaN,NaN,3.699654e-02,NaN,5.804022e+06,9.868600e-03
6.840718e+06,2.236681e+03,2.236641e+03,0.000000e+00,7.526689e+03,7.532173e+03,3.110431e-01,NaN,NaN,0.000000e+00,2.296392e+16,1.927662e+19,2.536865e+20,1.017454e+17,4.270411e+20,1.557130e+19,7.994292e+20,1.765035e+02,2.667529e+01,1.498282e+02,NaN,NaN,NaN,NaN,3.700170e-02,NaN,5.804024e+06,9.899817e-03
6.929231e+06,2.236033e+03,2.235993e+03,0.000000e+00,7.519290e+03,7.522395e+03,3.103885e-01,NaN,NaN,0.000000e+00,2.296652e+16,1.927875e+19,2.536842e+20,1.016739e+17,4.267396e+20,1.555360e+19,7.992826e+20,1.764901e+02,2.664497e+01,1.498451e+02,NaN,NaN,NaN,NaN,3.700620e-02,NaN,5.804025e+06,9.919162e-03
7.007118e+06,2.235034e+03,2.234994e+03,0.000000e+00,7.495393e+03,7.513812e+03,3.093719e-01,NaN,NaN,0.000000e+00,2.296997e+16,1.928156e+19,2.536814e+20,1.016021e+17,4.264363e+20,1.557515e+19,7.994461e+20,1.765493e+02,2.668188e+01,1.498674e+02,NaN,NaN,NaN,NaN,3.701213e-02,NaN,5.804027e+06,9.949064e-03
7.073672e+06,2.234814e+03,2.234847e+03,2.389561e+00,7.485700e+03,7.506494e+03,3.092217e-01,NaN,NaN,6.695791e-02,2.297298e+16,1.928407e+19,2.536789e+20,1.015385e+17,4.261692e+20,1.560194e+19,7.996520e+20,1.766148e+02,2.672778e+01,1.498870e+02,NaN,NaN,NaN,NaN,3.701733e-02,NaN,5.804027e+06,9.955665e-03
7.160498e+06,2.234100e+03,2.234133e+03,2.387845e+00,7.477134e+03,7.496970e+03,3.084876e-01,NaN,NaN,6.700602e-02,2.297633e+16,1.928683e+19,2.536761e+20,1.014685e+17,4.258740e+20,1.558413e+19,7.995033e+20,1.766060e+02,2.669728e+01,1.499087e+02,NaN,NaN,NaN,NaN,3.702310e-02,NaN,5.804029e+06,9.977129e-03
7.241844e+06,2.233197e+03,2.233229e+03,2.385673e+00,7.464850e+03,7.488071e+03,3.075511e-01,NaN,NaN,6.706704e-02,2.297948e+16,1.928938e+19,2.536735e+20,1.014031e+17,4.255979e+20,1.556751e+19,7.993645e+20,1.765978e+02,2.666880e+01,1.499290e+02,NaN,NaN,NaN,NaN,3.702849e-02,NaN,5.804031e+06,1.000440e-02
7.321486e+06,2.232194e+03,2.232225e+03,2.383257e+00,7.450716e+03,7.479379e+03,3.065006e-01,NaN,NaN,6.713502e-02,2.298293e+16,1.929217e+19,2.536711e+20,1.013420e+17,4.253275e+20,1.555101e+19,7.992272e+20,1.765918e+02,2.664054e+01,1.499513e+02,NaN,NaN,NaN,NaN,3.703434e-02,NaN,5.804033e+06,1.003483e-02
7.413581e+06,2.231438e+03,2.232005e+03,2.925921e+00,7.472280e+03,7.469354e+03,3.062754e-01,NaN,NaN,6.378904e-02,2.298603e+16,1.929474e+19,2.536685e+20,1.012905e+17,4.250969e+20,1.545057e+19,7.984230e+20,1.764398e+02,2.646847e+01,1.499713e+02,NaN,NaN,NaN,NaN,3.703966e-02,NaN,5.804033e+06,1.005786e-02
7.500921e+06,2.230630e+03,2.231246e+03,3.174209e+00,7.463047e+03,7.459873e+03,3.054771e-01,NaN,NaN,6.253884e-02,2.298946e+16,1.929748e+19,2.536658e+20,1.012327e+17,4.248026e+20,1.543230e+19,7.982708e+20,1.764302e+02,2.643718e+01,1.499930e+02,NaN,NaN,NaN,NaN,3.704542e-02,NaN,5.804035e+06,1.008255e-02
7.587029e+06,2.229968e+03,2.230448e+03,2.482341e+00,7.453032e+03,7.450550e+03,3.046181e-01,NaN,NaN,6.654439e-02,2.299285e+16,1.930017e+19,2.536631e+20,1.011770e+17,4.245129e+20,1.541430e+19,7.981206e+20,1.764206e+02,2.640633e+01,1.500143e+02,NaN,NaN,NaN,NaN,3.705108e-02,NaN,5.804036e+06,1.010286e-02
7.679572e+06,2.229329e+03,2.229358e+03,2.376351e+00,7.416714e+03,7.440558e+03,3.034464e-01,NaN,NaN,6.733012e-02,2.299651e+16,1.930304e+19,2.536602e+20,1.011017e+17,4.241201e+20,1.547871e+19,7.986243e+20,1.765539e+02,2.651668e+01,1.500372e+02,NaN,NaN,NaN,NaN,3.705716e-02,NaN,5.804039e+06,1.012252e-02
7.760889e+06,2.228278e+03,2.228307e+03,2.373816e+00,7.401856e+03,7.431801e+03,3.023065e-01,NaN,NaN,6.740203e-02,2.300024e+16,1.930597e+19,2.536573e+20,1.010545e+17,4.238466e+20,1.546197e+19,7.984835e+20,1.765485e+02,2.648799e+01,1.500605e+02,NaN,NaN,NaN,NaN,3.706334e-02,NaN,5.804041e+06,1.015497e-02
7.856044e+06,2.227573e+03,2.228096e+03,2.697069e+00,7.424278e+03,7.421581e+03,3.020813e-01,NaN,NaN,6.529501e-02,2.300337e+16,1.930856e+19,2.536547e+20,1.010020e+17,4.236113e+20,1.535848e+19,7.976553e+20,1.763915e+02,2.631072e+01,1.500808e+02,NaN,NaN,NaN,NaN,3.706873e-02,NaN,5.804042e+06,1.017686e-02
7.948121e+06,2.226554e+03,2.227375e+03,4.187000e+00,7.415907e+03,7.411720e+03,3.013101e-01,NaN,NaN,5.852762e-02,2.300695e+16,1.931143e+19,2.536518e+20,1.009410e+17,4.233038e+20,1.533956e+19,7.974974e+20,1.763818e+02,2.627830e+01,1.501035e+02,NaN,NaN,NaN,NaN,3.707475e-02,NaN,5.804043e+06,1.020859e-02
8.031699e+06,2.226418e+03,2.226378e+03,0.000000e+00,7.402233e+03,7.402793e+03,3.001879e-01,NaN,NaN,0.000000e+00,2.301025e+16,1.931399e+19,2.536493e+20,1.008928e+17,4.230254e+20,1.532215e+19,7.973523e+20,1.763725e+02,2.624847e+01,1.501240e+02,NaN,NaN,NaN,NaN,3.708018e-02,NaN,5.804046e+06,1.021282e-02
8.120491e+06,2.225598e+03,2.225558e+03,0.000000e+00,7.391958e+03,7.393334e+03,2.992767e-01,NaN,NaN,0.000000e+00,2.301374e+16,1.931675e+19,2.536464e+20,1.008372e+17,4.227300e+20,1.530387e+19,7.971997e+20,1.763631e+02,2.621716e+01,1.501459e+02,NaN,NaN,NaN,NaN,3.708602e-02,NaN,5.804048e+06,1.023848e-02
8.215249e+06,2.224916e+03,2.224876e+03,0.000000e+00,7.384416e+03,7.383267e+03,2.985143e-01,NaN,NaN,0.000000e+00,2.301738e+16,1.931967e+19,2.536436e+20,1.007746e+17,4.224152e+20,1.528461e+19,7.970393e+20,1.763532e+02,2.618416e+01,1.501690e+02,NaN,NaN,NaN,NaN,3.709213e-02,NaN,5.804049e+06,1.025990e-02
8.298354e+06,2.223788e+03,2.223748e+03,0.000000e+00,7.368401e+03,7.374462e+03,2.972442e-01,NaN,NaN,0.000000e+00,2.302072e+16,1.932223e+19,2.536408e+20,1.007301e+17,4.221401e+20,1.526731e+19,7.968946e+20,1.763440e+02,2.615452e+01,1.501895e+02,NaN,NaN,NaN,NaN,3.709761e-02,NaN,5.804052e+06,1.029547e-02
8.396960e+06,2.223156e+03,2.223116e+03,0.000000e+00,7.361704e+03,7.364043e+03,2.965273e-01,NaN,NaN,0.000000e+00,2.302358e+16,1.932450e+19,2.536384e+20,1.006644e+17,4.218142e+20,1.524847e+19,7.967386e+20,1.763299e+02,2.612225e+01,1.502076e+02,NaN,NaN,NaN,NaN,3.710242e-02,NaN,5.804054e+06,1.031549e-02
8.496144e+06,2.222025e+03,2.222485e+03,2.359745e+00,7.355473e+03,7.353594e+03,2.958080e-01,NaN,NaN,6.780393e-02,2.302826e+16,1.932829e+19,2.536350e+20,1.005982e+17,4.214860e+20,1.522750e+19,7.965632e+20,1.763237e+02,2.608633e+01,1.502374e+02,NaN,NaN,NaN,NaN,3.711029e-02,NaN,5.804056e+06,1.035146e-02
8.595901e+06,2.221395e+03,2.221420e+03,2.357166e+00,7.318867e+03,7.343117e+03,2.945867e-01,NaN,NaN,6.787811e-02,2.303216e+16,1.933133e+19,2.536319e+20,1.005199e+17,4.210701e+20,1.529612e+19,7.970995e+20,1.764656e+02,2.620388e+01,1.502617e+02,NaN,NaN,NaN,NaN,3.711674e-02,NaN,5.804058e+06,1.037158e-02
8.723250e+06,2.220331e+03,2.220291e+03,0.000000e+00,7.327236e+03,7.329786e+03,2.932807e-01,NaN,NaN,0.000000e+00,2.303619e+16,1.933445e+19,2.536284e+20,1.004636e+17,4.207394e+20,1.518251e+19,7.961885e+20,1.762960e+02,2.600925e+01,1.502867e+02,NaN,NaN,NaN,NaN,3.712342e-02,NaN,5.804061e+06,1.040570e-02
8.824510e+06,2.219203e+03,2.219662e+03,2.352906e+00,7.321135e+03,7.319223e+03,2.925493e-01,NaN,NaN,6.800100e-02,2.304095e+16,1.933830e+19,2.536250e+20,1.003969e+17,4.204064e+20,1.516133e+19,7.960112e+20,1.762900e+02,2.597296e+01,1.503170e+02,NaN,NaN,NaN,NaN,3.713142e-02,NaN,5.804063e+06,1.044206e-02
8.926332e+06,2.218575e+03,2.218599e+03,2.350327e+00,7.284301e+03,7.308634e+03,2.913039e-01,NaN,NaN,6.807564e-02,2.304491e+16,1.934138e+19,2.536219e+20,1.003182e+17,4.199844e+20,1.523141e+19,7.965591e+20,1.764346e+02,2.609302e+01,1.503416e+02,NaN,NaN,NaN,NaN,3.713796e-02,NaN,5.804066e+06,1.046236e-02
9.056414e+06,2.217512e+03,2.217472e+03,0.000000e+00,7.293191e+03,7.295152e+03,2.899743e-01,NaN,NaN,0.000000e+00,2.304900e+16,1.934454e+19,2.536183e+20,1.002621e+17,4.196492e+20,1.511586e+19,7.956327e+20,1.762620e+02,2.589508e+01,1.503669e+02,NaN,NaN,NaN,NaN,3.714473e-02,NaN,5.804069e+06,1.049689e-02
9.158134e+06,2.216361e+03,2.216821e+03,2.346009e+00,7.286669e+03,7.284646e+03,2.892001e-01,NaN,NaN,6.820093e-02,2.305378e+16,1.934839e+19,2.536149e+20,1.001969e+17,4.193170e+20,1.509476e+19,7.954560e+20,1.762563e+02,2.585893e+01,1.503974e+02,NaN,NaN,NaN,NaN,3.715275e-02,NaN,5.804071e+06,1.053450e-02
9.259026e+06,2.215685e+03,2.215707e+03,2.343304e+00,7.248953e+03,7.274257e+03,2.878698e-01,NaN,NaN,6.827967e-02,2.305781e+16,1.935149e+19,2.536117e+20,1.001215e+17,4.188985e+20,1.516676e+19,7.960191e+20,1.764046e+02,2.598228e+01,1.504223e+02,NaN,NaN,NaN,NaN,3.715936e-02,NaN,5.804074e+06,1.055667e-02
9.391863e+06,2.214624e+03,2.214584e+03,0.000000e+00,7.258334e+03,7.260626e+03,2.865168e-01,NaN,NaN,0.000000e+00,2.306185e+16,1.935460e+19,2.536083e+20,1.000658e+17,4.185590e+20,1.504939e+19,7.950781e+20,1.762284e+02,2.578120e+01,1.504472e+02,NaN,NaN,NaN,NaN,3.716603e-02,NaN,5.804078e+06,1.059164e-02
9.497211e+06,2.213454e+03,2.213958e+03,2.557790e+00,7.252412e+03,7.249854e+03,2.857624e-01,NaN,NaN,6.689187e-02,2.306676e+16,1.935855e+19,2.536047e+20,9.999844e+16,4.182172e+20,1.502781e+19,7.948975e+20,1.762226e+02,2.574424e+01,1.504784e+02,NaN,NaN,NaN,NaN,3.717426e-02,NaN,5.804080e+06,1.063037e-02
9.600337e+06,2.212832e+03,2.212853e+03,2.336359e+00,7.214267e+03,7.239342e+03,2.844137e-01,NaN,NaN,6.848262e-02,2.307075e+16,1.936161e+19,2.536016e+20,9.992290e+16,4.177924e+20,1.510121e+19,7.954718e+20,1.763730e+02,2.586999e+01,1.505030e+02,NaN,NaN,NaN,NaN,3.718078e-02,NaN,5.804083e+06,1.065105e-02
9.732490e+06,2.211715e+03,2.211675e+03,0.000000e+00,7.220250e+03,7.225918e+03,2.829686e-01,NaN,NaN,0.000000e+00,2.307498e+16,1.936483e+19,2.535980e+20,9.986910e+16,4.174485e+20,1.499343e+19,7.946067e+20,1.762143e+02,2.568534e+01,1.505290e+02,NaN,NaN,NaN,NaN,3.718773e-02,NaN,5.804087e+06,1.068836e-02
9.839870e+06,2.210595e+03,2.211055e+03,2.331977e+00,7.217218e+03,7.215049e+03,2.822032e-01,NaN,NaN,6.861131e-02,2.307984e+16,1.936873e+19,2.535945e+20,9.980423e+16,4.171135e+20,1.496081e+19,7.943386e+20,1.761893e+02,2.562946e+01,1.505598e+02,NaN,NaN,NaN,NaN,3.719585e-02,NaN,5.804089e+06,1.072597e-02
9.943894e+06,2.209909e+03,2.209929e+03,2.329232e+00,7.178469e+03,7.204552e+03,2.808072e-01,NaN,NaN,6.869216e-02,2.308400e+16,1.937190e+19,2.535913e+20,9.973032e+16,4.166864e+20,1.503567e+19,7.949241e+20,1.763430e+02,2.575770e+01,1.505853e+02,NaN,NaN,NaN,NaN,3.720263e-02,NaN,5.804093e+06,1.074909e-02
1.008210e+07,2.208850e+03,2.208810e+03,0.000000e+00,7.188768e+03,7.190656e+03,2.794100e-01,NaN,NaN,0.000000e+00,2.308814e+16,1.937504e+19,2.535878e+20,9.967595e+16,4.163386e+20,1.491476e+19,7.939550e+20,1.761613e+02,2.555056e+01,1.506107e+02,NaN,NaN,NaN,NaN,3.720942e-02,NaN,5.804097e+06,1.078495e-02
1.018697e+07,2.207656e+03,2.208115e+03,2.324805e+00,7.181567e+03,7.180150e+03,2.785373e-01,NaN,NaN,6.882297e-02,2.309305e+16,1.937896e+19,2.535842e+20,9.961396e+16,4.160031e+20,1.489361e+19,7.937777e+20,1.761560e+02,2.551434e+01,1.506417e+02,NaN,NaN,NaN,NaN,3.721760e-02,NaN,5.804099e+06,1.082563e-02
1.029689e+07,2.207038e+03,2.207057e+03,2.322219e+00,7.143956e+03,7.169172e+03,2.772015e-01,NaN,NaN,6.889960e-02,2.309725e+16,1.938215e+19,2.535811e+20,9.953591e+16,4.155582e+20,1.496916e+19,7.943689e+20,1.763113e+02,2.564376e+01,1.506675e+02,NaN,NaN,NaN,NaN,3.722443e-02,NaN,5.804103e+06,1.084674e-02
1.043298e+07,2.205900e+03,2.205860e+03,0.000000e+00,7.153078e+03,7.155629e+03,2.756805e-01,NaN,NaN,0.000000e+00,2.310144e+16,1.938529e+19,2.535775e+20,9.948840e+16,4.152216e+20,1.484734e+19,7.933925e+20,1.761280e+02,2.543507e+01,1.506929e+02,NaN,NaN,NaN,NaN,3.723124e-02,NaN,5.804108e+06,1.088585e-02
1.054433e+07,2.204676e+03,2.205237e+03,2.819310e+00,7.147408e+03,7.144589e+03,2.748942e-01,NaN,NaN,6.573230e-02,2.310656e+16,1.938938e+19,2.535739e+20,9.942106e+16,4.148678e+20,1.482525e+19,7.932075e+20,1.761225e+02,2.539723e+01,1.507253e+02,NaN,NaN,NaN,NaN,3.723978e-02,NaN,5.804110e+06,1.092811e-02
1.065009e+07,2.203490e+03,2.204490e+03,4.959143e+00,7.139095e+03,7.134135e+03,2.739672e-01,NaN,NaN,5.711000e-02,2.311053e+16,1.939248e+19,2.535707e+20,9.936169e+16,4.145333e+20,1.480522e+19,7.930401e+20,1.761129e+02,2.536291e+01,1.507500e+02,NaN,NaN,NaN,NaN,3.724634e-02,NaN,5.804113e+06,1.096930e-02
1.074419e+07,2.203376e+03,2.203336e+03,0.000000e+00,7.123225e+03,7.124862e+03,2.724410e-01,NaN,NaN,0.000000e+00,2.311418e+16,1.939514e+19,2.535681e+20,9.932545e+16,4.142365e+20,1.478714e+19,7.928896e+20,1.761038e+02,2.533195e+01,1.507718e+02,NaN,NaN,NaN,NaN,3.725213e-02,NaN,5.804118e+06,1.097329e-02
1.085109e+07,2.202655e+03,2.202615e+03,0.000000e+00,7.115429e+03,7.114358e+03,2.715078e-01,NaN,NaN,0.000000e+00,2.311819e+16,1.939825e+19,2.535649e+20,9.926644e+16,4.138997e+20,1.476701e+19,7.927214e+20,1.760943e+02,2.529746e+01,1.507968e+02,NaN,NaN,NaN,NaN,3.725875e-02,NaN,5.804121e+06,1.099845e-02
1.094561e+07,2.201445e+03,2.201405e+03,0.000000e+00,7.098623e+03,7.105098e+03,2.699326e-01,NaN,NaN,0.000000e+00,2.312191e+16,1.940094e+19,2.535620e+20,9.923268e+16,4.136028e+20,1.474892e+19,7.925701e+20,1.760854e+02,2.526647e+01,1.508189e+02,NaN,NaN,NaN,NaN,3.726464e-02,NaN,5.804126e+06,1.104091e-02
1.105557e+07,2.200764e+03,2.200724e+03,0.000000e+00,7.088099e+03,7.094357e+03,2.690418e-01,NaN,NaN,0.000000e+00,2.312509e+16,1.940337e+19,2.535594e+20,9.916844e+16,4.132451e+20,1.474285e+19,7.925149e+20,1.760945e+02,2.525607e+01,1.508384e+02,NaN,NaN,NaN,NaN,3.726985e-02,NaN,5.804129e+06,1.106491e-02
1.117032e+07,2.199557e+03,2.200106e+03,2.741799e+00,7.085927e+03,7.083185e+03,2.682383e-01,NaN,NaN,6.646266e-02,2.313017e+16,1.940740e+19,2.535558e+20,9.910498e+16,4.128984e+20,1.470712e+19,7.922219e+20,1.760652e+02,2.519485e+01,1.508704e+02,NaN,NaN,NaN,NaN,3.727828e-02,NaN,5.804131e+06,1.110763e-02
1.127993e+07,2.198946e+03,2.198961e+03,2.302388e+00,7.046109e+03,7.072548e+03,2.667220e-01,NaN,NaN,6.949308e-02,2.313438e+16,1.941049e+19,2.535527e+20,9.903711e+16,4.124575e+20,1.478701e+19,7.928477e+20,1.762274e+02,2.533173e+01,1.508957e+02,NaN,NaN,NaN,NaN,3.728498e-02,NaN,5.804137e+06,1.112937e-02
1.142021e+07,2.197765e+03,2.197725e+03,0.000000e+00,7.050646e+03,7.058983e+03,2.650827e-01,NaN,NaN,0.000000e+00,2.313889e+16,1.941378e+19,2.535490e+20,9.899354e+16,4.121005e+20,1.468076e+19,7.919944e+20,1.760724e+02,2.514970e+01,1.509227e+02,NaN,NaN,NaN,NaN,3.729220e-02,NaN,5.804142e+06,1.117153e-02
1.153690e+07,2.196641e+03,2.197114e+03,2.365587e+00,7.050106e+03,7.047741e+03,2.642698e-01,NaN,NaN,6.912638e-02,2.314396e+16,1.941780e+19,2.535454e+20,9.893217e+16,4.117562e+20,1.463893e+19,7.916528e+20,1.760325e+02,2.507804e+01,1.509545e+02,NaN,NaN,NaN,NaN,3.730060e-02,NaN,5.804145e+06,1.121193e-02
1.164504e+07,2.195890e+03,2.195905e+03,2.294875e+00,7.008916e+03,7.037357e+03,2.626504e-01,NaN,NaN,6.972058e-02,2.314842e+16,1.942103e+19,2.535421e+20,9.887095e+16,4.113208e+20,1.472041e+19,7.922909e+20,1.761987e+02,2.521762e+01,1.509811e+02,NaN,NaN,NaN,NaN,3.730765e-02,NaN,5.804151e+06,1.123901e-02
1.174359e+07,2.194729e+03,2.194743e+03,2.292015e+00,6.993097e+03,7.027922e+03,2.610869e-01,NaN,NaN,6.980756e-02,2.315263e+16,1.942406e+19,2.535391e+20,9.884055e+16,4.110150e+20,1.470237e+19,7.921396e+20,1.761928e+02,2.518673e+01,1.510061e+02,NaN,NaN,NaN,NaN,3.731427e-02,NaN,5.804157e+06,1.128112e-02
1.186210e+07,2.193858e+03,2.194565e+03,3.494719e+00,7.020106e+03,7.016611e+03,2.608671e-01,NaN,NaN,6.282909e-02,2.315615e+16,1.942695e+19,2.535362e+20,9.878292e+16,4.107497e+20,1.457909e+19,7.911534e+20,1.760042e+02,2.497553e+01,1.510287e+02,NaN,NaN,NaN,NaN,3.732029e-02,NaN,5.804158e+06,1.131285e-02
1.196832e+07,2.193050e+03,2.193698e+03,3.206766e+00,7.009712e+03,7.006506e+03,2.596896e-01,NaN,NaN,6.423885e-02,2.316015e+16,1.942991e+19,2.535333e+20,9.873757e+16,4.104224e+20,1.455965e+19,7.909912e+20,1.759950e+02,2.494222e+01,1.510528e+02,NaN,NaN,NaN,NaN,3.732668e-02,NaN,5.804163e+06,1.134241e-02
1.207716e+07,2.192050e+03,2.192880e+03,4.080635e+00,7.000264e+03,6.996183e+03,2.585926e-01,NaN,NaN,6.052293e-02,2.316421e+16,1.943295e+19,2.535302e+20,9.868878e+16,4.100876e+20,1.453983e+19,7.908257e+20,1.759858e+02,2.490827e+01,1.510775e+02,NaN,NaN,NaN,NaN,3.733322e-02,NaN,5.804167e+06,1.137913e-02
1.218083e+07,2.191444e+03,2.191904e+03,2.285019e+00,6.987882e+03,6.986381e+03,2.572308e-01,NaN,NaN,7.002131e-02,2.316815e+16,1.943579e+19,2.535274e+20,9.865254e+16,4.097695e+20,1.452090e+19,7.906680e+20,1.759767e+02,2.487585e+01,1.511009e+02,NaN,NaN,NaN,NaN,3.733942e-02,NaN,5.804172e+06,1.140151e-02
1.229570e+07,2.190749e+03,2.190763e+03,2.282204e+00,6.947789e+03,6.975554e+03,2.556675e-01,NaN,NaN,7.010766e-02,2.317274e+16,1.943908e+19,2.535241e+20,9.859083e+16,4.093156e+20,1.460372e+19,7.913166e+20,1.761457e+02,2.501773e+01,1.511280e+02,NaN,NaN,NaN,NaN,3.734661e-02,NaN,5.804179e+06,1.142720e-02
1.244187e+07,2.189547e+03,2.189507e+03,0.000000e+00,6.951048e+03,6.961827e+03,2.539383e-01,NaN,NaN,0.000000e+00,2.317732e+16,1.944229e+19,2.535204e+20,9.855595e+16,4.089453e+20,1.450128e+19,7.904938e+20,1.759970e+02,2.484223e+01,1.511548e+02,NaN,NaN,NaN,NaN,3.735376e-02,NaN,5.804186e+06,1.147191e-02
1.254327e+07,2.188361e+03,2.188321e+03,0.000000e+00,6.926266e+03,6.952339e+03,2.522958e-01,NaN,NaN,0.000000e+00,2.318169e+16,1.944533e+19,2.535174e+20,9.852620e+16,4.086005e+20,1.451870e+19,7.906239e+20,1.760523e+02,2.487207e+01,1.511802e+02,NaN,NaN,NaN,NaN,3.736049e-02,NaN,5.804194e+06,1.151629e-02
1.263160e+07,2.188203e+03,2.188216e+03,2.275914e+00,6.918050e+03,6.944095e+03,2.521503e-01,NaN,NaN,7.030141e-02,2.318520e+16,1.944822e+19,2.535145e+20,9.845623e+16,4.082904e+20,1.454429e+19,7.908193e+20,1.761187e+02,2.491592e+01,1.512028e+02,NaN,NaN,NaN,NaN,3.736651e-02,NaN,5.804194e+06,1.152219e-02
1.274120e+07,2.187337e+03,2.187350e+03,2.273773e+00,6.907741e+03,6.933896e+03,2.509454e-01,NaN,NaN,7.036762e-02,2.318932e+16,1.945120e+19,2.535115e+20,9.841625e+16,4.079573e+20,1.452501e+19,7.906583e+20,1.761102e+02,2.488289e+01,1.512273e+02,NaN,NaN,NaN,NaN,3.737301e-02,NaN,5.804200e+06,1.155477e-02
1.285154e+07,2.186480e+03,2.186492e+03,2.271652e+00,6.897609e+03,6.923660e+03,2.497482e-01,NaN,NaN,7.043334e-02,2.319346e+16,1.945419e+19,2.535085e+20,9.837658e+16,4.076226e+20,1.450566e+19,7.904967e+20,1.761016e+02,2.484973e+01,1.512519e+02,NaN,NaN,NaN,NaN,3.737953e-02,NaN,5.804206e+06,1.158716e-02
1.296136e+07,2.185593e+03,2.185604e+03,2.269455e+00,6.886940e+03,6.913504e+03,2.485050e-01,NaN,NaN,7.050150e-02,2.319759e+16,1.945715e+19,2.535055e+20,9.834010e+16,4.072902e+20,1.448646e+19,7.903364e+20,1.760931e+02,2.481685e+01,1.512763e+02,NaN,NaN,NaN,NaN,3.738600e-02,NaN,5.804212e+06,1.162083e-02
1.307450e+07,2.184787e+03,2.184799e+03,2.267461e+00,6.877803e+03,6.903073e+03,2.473728e-01,NaN,NaN,7.056352e-02,2.320181e+16,1.946020e+19,2.535025e+20,9.829844e+16,4.069484e+20,1.446672e+19,7.901716e+20,1.760845e+02,2.478303e+01,1.513015e+02,NaN,NaN,NaN,NaN,3.739266e-02,NaN,5.804217e+06,1.165152e-02
1.318122e+07,2.183749e+03,2.183760e+03,2.264888e+00,6.864432e+03,6.893265e+03,2.459080e-01,NaN,NaN,7.064368e-02,2.320592e+16,1.946301e+19,2.534997e+20,9.827505e+16,4.066267e+20,1.444822e+19,7.900173e+20,1.760764e+02,2.475134e+01,1.513251e+02,NaN,NaN,NaN,NaN,3.739891e-02,NaN,5.804225e+06,1.169126e-02
1.333672e+07,2.182624e+03,2.182584e+03,0.000000e+00,6.872552e+03,6.879027e+03,2.442415e-01,NaN,NaN,0.000000e+00,2.321076e+16,1.946631e+19,2.534964e+20,9.824786e+16,4.062495e+20,1.433088e+19,7.890772e+20,1.759032e+02,2.455032e+01,1.513529e+02,NaN,NaN,NaN,NaN,3.740627e-02,NaN,5.804234e+06,1.173457e-02
1.346274e+07,2.181246e+03,2.181966e+03,3.508486e+00,6.871042e+03,6.867534e+03,2.433856e-01,NaN,NaN,6.341469e-02,2.321621e+16,1.947049e+19,2.534927e+20,9.819380e+16,4.058863e+20,1.429262e+19,7.887636e+20,1.758713e+02,2.448477e+01,1.513865e+02,NaN,NaN,NaN,NaN,3.741512e-02,NaN,5.804238e+06,1.178794e-02
1.357535e+07,2.180388e+03,2.181090e+03,3.418402e+00,6.860717e+03,6.857298e+03,2.421359e-01,NaN,NaN,6.387453e-02,2.322046e+16,1.947346e+19,2.534897e+20,9.816285e+16,4.055497e+20,1.427296e+19,7.885995e+20,1.758624e+02,2.445110e+01,1.514113e+02,NaN,NaN,NaN,NaN,3.742169e-02,NaN,5.804245e+06,1.182135e-02
1.368905e+07,2.179470e+03,2.180230e+03,3.691973e+00,6.850688e+03,6.846996e+03,2.409103e-01,NaN,NaN,6.270122e-02,2.322474e+16,1.947645e+19,2.534867e+20,9.813169e+16,4.052105e+20,1.425319e+19,7.884346e+20,1.758534e+02,2.441724e+01,1.514362e+02,NaN,NaN,NaN,NaN,3.742829e-02,NaN,5.804252e+06,1.185728e-02
1.380126e+07,2.178722e+03,2.179321e+03,2.920706e+00,6.839782e+03,6.836861e+03,2.395935e-01,NaN,NaN,6.653446e-02,2.322901e+16,1.947936e+19,2.534838e+20,9.810717e+16,4.048765e+20,1.423373e+19,7.882724e+20,1.758446e+02,2.438390e+01,1.514607e+02,NaN,NaN,NaN,NaN,3.743478e-02,NaN,5.804260e+06,1.188666e-02
1.392029e+07,2.177455e+03,2.178546e+03,5.257557e+00,6.831403e+03,6.826146e+03,2.385182e-01,NaN,NaN,5.747680e-02,2.323343e+16,1.948251e+19,2.534806e+20,9.806884e+16,4.045229e+20,1.421322e+19,7.881012e+20,1.758355e+02,2.434876e+01,1.514867e+02,NaN,NaN,NaN,NaN,3.744168e-02,NaN,5.804267e+06,1.193667e-02
1.402615e+07,2.177356e+03,2.177316e+03,0.000000e+00,6.814830e+03,6.816645e+03,2.366905e-01,NaN,NaN,0.000000e+00,2.323769e+16,1.948509e+19,2.534780e+20,9.807615e+16,4.042092e+20,1.419489e+19,7.879488e+20,1.758270e+02,2.431735e+01,1.515096e+02,NaN,NaN,NaN,NaN,3.744772e-02,NaN,5.804279e+06,1.194060e-02
1.414617e+07,2.176610e+03,2.176570e+03,0.000000e+00,6.806965e+03,6.805907e+03,2.356099e-01,NaN,NaN,0.000000e+00,2.324218e+16,1.948825e+19,2.534748e+20,9.804108e+16,4.038541e+20,1.417433e+19,7.877771e+20,1.758180e+02,2.428213e+01,1.515359e+02,NaN,NaN,NaN,NaN,3.745469e-02,NaN,5.804286e+06,1.197021e-02
1.425253e+07,2.175329e+03,2.175289e+03,0.000000e+00,6.524054e+03,6.796422e+03,2.337483e-01,NaN,NaN,0.000000e+00,2.515717e+16,1.841111e+19,2.545403e+20,3.362552e+17,4.021394e+20,1.531877e+19,7.996993e+20,1.769591e+02,2.624267e+01,1.507164e+02,NaN,NaN,NaN,NaN,3.709620e-02,NaN,5.835820e+06,1.202132e-02
1.433980e+07,2.175173e+03,2.175187e+03,2.243587e+00,6.435993e+03,6.788660e+03,2.335996e-01,NaN,NaN,7.131437e-02,2.559653e+16,1.815926e+19,2.547999e+20,3.947942e+17,4.014227e+20,1.570684e+19,8.034711e+20,1.774125e+02,2.690749e+01,1.505050e+02,NaN,NaN,NaN,NaN,3.700642e-02,NaN,5.843116e+06,1.202755e-02
1.445908e+07,2.175065e+03,2.175025e+03,0.000000e+00,6.394020e+03,6.778083e+03,2.333639e-01,NaN,NaN,0.000000e+00,2.603774e+16,1.791075e+19,2.550421e+20,4.546675e+17,4.008073e+20,1.588860e+19,8.055592e+20,1.775334e+02,2.721886e+01,1.503145e+02,NaN,NaN,NaN,NaN,3.692449e-02,NaN,5.850387e+06,1.203189e-02
1.454428e+07,2.174901e+03,2.174916e+03,2.242912e+00,6.338810e+03,6.770548e+03,2.332045e-01,NaN,NaN,7.133583e-02,2.626659e+16,1.777862e+19,2.551803e+20,4.864165e+17,4.002689e+20,1.613342e+19,8.078703e+20,1.778380e+02,2.763826e+01,1.501997e+02,NaN,NaN,NaN,NaN,3.687629e-02,NaN,5.854202e+06,1.203848e-02
1.466093e+07,2.174790e+03,2.174750e+03,0.000000e+00,6.315931e+03,6.760261e+03,2.329629e-01,NaN,NaN,0.000000e+00,2.656454e+16,1.761114e+19,2.553430e+20,5.280794e+17,3.997674e+20,1.622913e+19,8.090635e+20,1.778749e+02,2.780222e+01,1.500727e+02,NaN,NaN,NaN,NaN,3.682166e-02,NaN,5.859108e+06,1.204292e-02
1.474468e+07,2.174623e+03,2.174639e+03,2.242221e+00,6.269453e+03,6.752896e+03,2.328001e-01,NaN,NaN,7.135780e-02,2.673869e+16,1.751065e+19,2.554479e+20,5.527939e+17,3.992789e+20,1.643650e+19,8.109889e+20,1.781431e+02,2.815748e+01,1.499856e+02,NaN,NaN,NaN,NaN,3.678517e-02,NaN,5.862011e+06,1.204964e-02
1.485942e+07,2.174510e+03,2.174470e+03,0.000000e+00,6.253766e+03,6.742833e+03,2.325540e-01,NaN,NaN,0.000000e+00,2.697949e+16,1.737539e+19,2.555791e+20,5.872267e+17,3.988248e+20,1.649935e+19,8.118373e+20,1.781487e+02,2.826515e+01,1.498835e+02,NaN,NaN,NaN,NaN,3.674125e-02,NaN,5.865976e+06,1.205417e-02
1.494204e+07,2.174340e+03,2.174357e+03,2.241519e+00,6.211931e+03,6.735607e+03,2.323885e-01,NaN,NaN,7.138017e-02,2.712582e+16,1.729092e+19,2.556673e+20,6.083767e+17,3.983638e+20,1.668713e+19,8.135628e+20,1.783970e+02,2.858683e+01,1.498102e+02,NaN,NaN,NaN,NaN,3.671061e-02,NaN,5.868416e+06,1.206101e-02
1.505521e+07,2.174226e+03,2.174186e+03,0.000000e+00,6.200156e+03,6.725736e+03,2.321384e-01,NaN,NaN,0.000000e+00,2.733365e+16,1.717419e+19,2.557804e+20,6.386583e+17,3.979381e+20,1.673185e+19,8.142191e+20,1.783855e+02,2.866344e+01,1.497221e+02,NaN,NaN,NaN,NaN,3.667279e-02,NaN,5.871838e+06,1.206561e-02
1.513686e+07,2.174053e+03,2.174071e+03,2.240806e+00,6.161387e+03,6.718633e+03,2.319704e-01,NaN,NaN,7.140287e-02,2.746241e+16,1.709981e+19,2.558581e+20,6.575650e+17,3.974961e+20,1.690688e+19,8.158153e+20,1.786206e+02,2.896329e+01,1.496573e+02,NaN,NaN,NaN,NaN,3.664579e-02,NaN,5.873987e+06,1.207256e-02
1.524867e+07,2.173937e+03,2.173897e+03,0.000000e+00,6.152084e+03,6.708932e+03,2.317168e-01,NaN,NaN,0.000000e+00,2.764808e+16,1.699550e+19,2.559591e+20,6.850697e+17,3.970903e+20,1.693997e+19,8.163470e+20,1.785985e+02,2.901998e+01,1.495785e+02,NaN,NaN,NaN,NaN,3.661204e-02,NaN,5.877044e+06,1.207722e-02
1.532946e+07,2.173763e+03,2.173781e+03,2.240084e+00,6.115976e+03,6.701942e+03,2.315466e-01,NaN,NaN,7.142589e-02,2.776444e+16,1.692823e+19,2.560294e+20,7.023988e+17,3.966626e+20,1.710576e+19,8.178502e+20,1.788236e+02,2.930398e+01,1.495196e+02,NaN,NaN,NaN,NaN,3.658758e-02,NaN,5.878987e+06,1.208427e-02
1.544005e+07,2.173646e+03,2.173606e+03,0.000000e+00,6.108374e+03,6.692397e+03,2.312898e-01,NaN,NaN,0.000000e+00,2.793389e+16,1.683298e+19,2.561215e+20,7.278844e+17,3.962718e+20,1.713076e+19,8.182942e+20,1.787942e+02,2.934681e+01,1.494474e+02,NaN,NaN,NaN,NaN,3.655677e-02,NaN,5.881779e+06,1.208899e-02
1.552007e+07,2.173469e+03,2.173488e+03,2.239353e+00,6.073619e+03,6.685510e+03,2.311175e-01,NaN,NaN,7.144919e-02,2.804088e+16,1.677105e+19,2.561863e+20,7.440261e+17,3.958557e+20,1.728937e+19,8.197256e+20,1.790115e+02,2.961853e+01,1.493930e+02,NaN,NaN,NaN,NaN,3.653420e-02,NaN,5.883567e+06,1.209613e-02
1.562955e+07,2.173351e+03,2.173311e+03,0.000000e+00,6.067242e+03,6.676110e+03,2.308576e-01,NaN,NaN,0.000000e+00,2.819779e+16,1.668281e+19,2.562716e+20,7.679582e+17,3.954770e+20,1.730844e+19,8.201042e+20,1.789771e+02,2.965119e+01,1.493259e+02,NaN,NaN,NaN,NaN,3.650564e-02,NaN,5.886152e+06,1.210091e-02
1.570886e+07,2.173172e+03,2.173192e+03,2.238615e+00,6.033928e+03,6.669319e+03,2.306833e-01,NaN,NaN,7.147277e-02,2.829740e+16,1.662508e+19,2.563321e+20,7.831685e+17,3.950707e+20,1.746124e+19,8.214781e+20,1.791878e+02,2.991296e+01,1.492748e+02,NaN,NaN,NaN,NaN,3.648455e-02,NaN,5.887818e+06,1.210813e-02
1.581731e+07,2.173053e+03,2.173013e+03,0.000000e+00,6.028475e+03,6.660056e+03,2.304205e-01,NaN,NaN,0.000000e+00,2.844422e+16,1.654244e+19,2.564119e+20,8.058590e+17,3.947021e+20,1.747580e+19,8.218063e+20,1.791496e+02,2.993790e+01,1.492117e+02,NaN,NaN,NaN,NaN,3.645778e-02,NaN,5.890239e+06,1.211297e-02
1.589596e+07,2.172872e+03,2.172892e+03,2.237869e+00,5.996378e+03,6.653355e+03,2.302443e-01,NaN,NaN,7.149660e-02,2.853779e+16,1.648813e+19,2.564688e+20,8.203121e+17,3.943042e+20,1.762375e+19,8.231322e+20,1.793547e+02,3.019135e+01,1.491634e+02,NaN,NaN,NaN,NaN,3.643788e-02,NaN,5.891806e+06,1.212027e-02
1.600345e+07,2.172752e+03,2.172712e+03,0.000000e+00,5.991628e+03,6.644221e+03,2.299787e-01,NaN,NaN,0.000000e+00,2.867630e+16,1.641011e+19,2.565441e+20,8.419856e+17,3.939441e+20,1.763481e+19,8.234206e+20,1.793138e+02,3.021030e+01,1.491035e+02,NaN,NaN,NaN,NaN,3.641257e-02,NaN,5.894090e+06,1.212516e-02
1.608148e+07,2.172570e+03,2.172590e+03,2.237115e+00,5.960577e+03,6.637607e+03,2.298007e-01,NaN,NaN,7.152069e-02,2.876482e+16,1.635866e+19,2.565980e+20,8.558085e+17,3.935537e+20,1.777860e+19,8.247057e+20,1.795140e+02,3.045663e+01,1.490574e+02,NaN,NaN,NaN,NaN,3.639366e-02,NaN,5.895574e+06,1.213255e-02
1.618807e+07,2.172448e+03,2.172408e+03,0.000000e+00,5.956377e+03,6.628594e+03,2.295325e-01,NaN,NaN,0.000000e+00,2.889627e+16,1.628454e+19,2.566696e+20,8.766258e+17,3.932011e+20,1.778687e+19,8.249619e+20,1.794711e+02,3.047081e+01,1.490003e+02,NaN,NaN,NaN,NaN,3.636956e-02,NaN,5.897743e+06,1.213749e-02
1.626551e+07,2.172264e+03,2.172286e+03,2.236355e+00,5.926254e+03,6.622063e+03,2.293527e-01,NaN,NaN,7.154501e-02,2.898048e+16,1.623552e+19,2.567210e+20,8.899130e+17,3.928174e+20,1.792704e+19,8.262113e+20,1.796669e+02,3.071092e+01,1.489560e+02,NaN,NaN,NaN,NaN,3.635148e-02,NaN,5.899156e+06,1.214495e-02
1.637126e+07,2.172141e+03,2.172101e+03,0.000000e+00,5.922486e+03,6.613167e+03,2.290818e-01,NaN,NaN,0.000000e+00,2.910589e+16,1.616472e+19,2.567893e+20,9.100025e+17,3.924714e+20,1.793310e+19,8.264413e+20,1.796224e+02,3.072130e+01,1.489011e+02,NaN,NaN,NaN,NaN,3.632842e-02,NaN,5.901227e+06,1.214995e-02
1.644814e+07,2.171956e+03,2.171978e+03,2.235587e+00,5.893184e+03,6.606714e+03,2.289004e-01,NaN,NaN,7.156956e-02,2.918637e+16,1.611780e+19,2.568385e+20,9.228289e+17,3.920938e+20,1.807005e+19,8.276595e+20,1.798144e+02,3.095592e+01,1.488585e+02,NaN,NaN,NaN,NaN,3.631105e-02,NaN,5.902578e+06,1.215748e-02
1.655307e+07,2.171832e+03,2.171792e+03,0.000000e+00,5.889760e+03,6.597930e+03,2.286270e-01,NaN,NaN,0.000000e+00,2.930650e+16,1.604991e+19,2.569039e+20,9.422866e+17,3.917537e+20,1.807431e+19,8.278677e+20,1.797687e+02,3.096321e+01,1.488055e+02,NaN,NaN,NaN,NaN,3.628888e-02,NaN,5.904564e+06,1.216253e-02
1.662943e+07,2.171646e+03,2.171668e+03,2.234814e+00,5.861250e+03,6.591553e+03,2.284439e-01,NaN,NaN,7.159433e-02,2.938369e+16,1.600483e+19,2.569513e+20,9.547117e+17,3.913818e+20,1.820839e+19,8.290581e+20,1.799571e+02,3.119292e+01,1.487642e+02,NaN,NaN,NaN,NaN,3.627213e-02,NaN,5.905861e+06,1.217013e-02
1.673358e+07,2.171521e+03,2.171481e+03,0.000000e+00,5.858101e+03,6.582876e+03,2.281680e-01,NaN,NaN,0.000000e+00,2.949916e+16,1.593950e+19,2.570142e+20,9.736153e+17,3.910471e+20,1.821118e+19,8.292479e+20,1.799106e+02,3.119769e+01,1.487129e+02,NaN,NaN,NaN,NaN,3.625073e-02,NaN,5.907771e+06,1.217523e-02
1.680944e+07,2.171333e+03,2.171356e+03,2.234034e+00,5.830213e+03,6.576573e+03,2.279832e-01,NaN,NaN,7.161933e-02,2.957345e+16,1.589603e+19,2.570599e+20,9.856865e+17,3.906803e+20,1.834267e+19,8.304132e+20,1.800956e+02,3.142295e+01,1.486727e+02,NaN,NaN,NaN,NaN,3.623452e-02,NaN,5.909021e+06,1.218291e-02
1.691285e+07,2.171207e+03,2.171167e+03,0.000000e+00,5.827282e+03,6.567999e+03,2.277049e-01,NaN,NaN,0.000000e+00,2.968476e+16,1.583297e+19,2.571206e+20,1.004101e+18,3.903505e+20,1.834426e+19,8.305876e+20,1.800486e+02,3.142567e+01,1.486229e+02,NaN,NaN,NaN,NaN,3.621381e-02,NaN,5.910863e+06,1.218805e-02
1.698821e+07,2.171017e+03,2.171041e+03,2.233247e+00,5.800012e+03,6.561766e+03,2.275186e-01,NaN,NaN,7.164455e-02,2.975643e+16,1.579096e+19,2.571648e+20,1.015856e+18,3.899886e+20,1.847338e+19,8.317301e+20,1.802307e+02,3.164687e+01,1.485838e+02,NaN,NaN,NaN,NaN,3.619807e-02,NaN,5.912071e+06,1.219580e-02
1.709091e+07,2.170891e+03,2.170851e+03,0.000000e+00,5.797255e+03,6.553293e+03,2.272379e-01,NaN,NaN,0.000000e+00,2.986400e+16,1.572994e+19,2.572235e+20,1.033835e+18,3.896634e+20,1.847400e+19,8.318915e+20,1.801831e+02,3.164792e+01,1.485352e+02,NaN,NaN,NaN,NaN,3.617797e-02,NaN,5.913853e+06,1.220099e-02
1.716581e+07,2.170700e+03,2.170723e+03,2.232455e+00,5.770551e+03,6.547128e+03,2.270500e-01,NaN,NaN,7.166997e-02,2.993333e+16,1.568923e+19,2.572663e+20,1.045309e+18,3.893061e+20,1.860095e+19,8.330133e+20,1.803624e+02,3.186540e+01,1.484970e+02,NaN,NaN,NaN,NaN,3.616265e-02,NaN,5.915022e+06,1.220881e-02
1.726782e+07,2.170572e+03,2.170532e+03,0.000000e+00,5.767932e+03,6.538751e+03,2.267670e-01,NaN,NaN,0.000000e+00,3.003751e+16,1.563004e+19,2.573233e+20,1.062896e+18,3.889850e+20,1.860077e+19,8.331635e+20,1.803147e+02,3.186510e+01,1.484496e+02,NaN,NaN,NaN,NaN,3.614309e-02,NaN,5.916750e+06,1.221404e-02
1.734227e+07,2.170380e+03,2.170404e+03,2.231657e+00,5.741762e+03,6.532652e+03,2.265776e-01,NaN,NaN,7.169560e-02,3.010469e+16,1.559052e+19,2.573649e+20,1.074114e+18,3.886320e+20,1.872571e+19,8.342659e+20,1.804913e+02,3.207914e+01,1.484122e+02,NaN,NaN,NaN,NaN,3.612815e-02,NaN,5.917884e+06,1.222193e-02
1.744362e+07,2.170251e+03,2.170211e+03,0.000000e+00,5.739248e+03,6.524370e+03,2.262923e-01,NaN,NaN,0.000000e+00,3.020579e+16,1.553301e+19,2.574202e+20,1.091348e+18,3.883149e+20,1.872489e+19,8.344068e+20,1.804434e+02,3.207773e+01,1.483657e+02,NaN,NaN,NaN,NaN,3.610908e-02,NaN,5.919562e+06,1.222721e-02
1.751763e+07,2.170057e+03,2.170082e+03,2.230853e+00,5.713572e+03,6.518335e+03,2.261014e-01,NaN,NaN,7.172144e-02,3.027101e+16,1.549456e+19,2.574607e+20,1.102335e+18,3.879659e+20,1.884797e+19,8.354916e+20,1.806177e+02,3.228858e+01,1.483291e+02,NaN,NaN,NaN,NaN,3.609449e-02,NaN,5.920665e+06,1.223517e-02
1.761833e+07,2.169928e+03,2.169888e+03,0.000000e+00,5.711140e+03,6.510143e+03,2.258139e-01,NaN,NaN,0.000000e+00,3.036929e+16,1.543857e+19,2.575145e+20,1.119249e+18,3.876524e+20,1.884664e+19,8.356245e+20,1.805698e+02,3.228631e+01,1.482835e+02,NaN,NaN,NaN,NaN,3.607585e-02,NaN,5.922297e+06,1.224050e-02
1.769193e+07,2.169733e+03,2.169758e+03,2.230043e+00,5.685923e+03,6.504170e+03,2.256214e-01,NaN,NaN,7.174748e-02,3.043271e+16,1.540111e+19,2.575540e+20,1.130025e+18,3.873074e+20,1.896798e+19,8.366927e+20,1.807417e+02,3.249417e+01,1.482475e+02,NaN,NaN,NaN,NaN,3.606157e-02,NaN,5.923371e+06,1.224852e-02
1.779201e+07,2.169603e+03,2.169563e+03,0.000000e+00,5.683553e+03,6.496067e+03,2.253317e-01,NaN,NaN,0.000000e+00,3.052836e+16,1.534653e+19,2.576064e+20,1.146644e+18,3.869974e+20,1.896625e+19,8.368186e+20,1.806939e+02,3.249120e+01,1.482027e+02,NaN,NaN,NaN,NaN,3.604333e-02,NaN,5.924961e+06,1.225389e-02
1.786519e+07,2.169406e+03,2.169432e+03,2.229228e+00,5.658773e+03,6.490155e+03,2.251378e-01,NaN,NaN,7.177372e-02,3.059012e+16,1.530998e+19,2.576449e+20,1.157229e+18,3.866560e+20,1.908597e+19,8.378716e+20,1.808636e+02,3.269629e+01,1.481673e+02,NaN,NaN,NaN,NaN,3.602933e-02,NaN,5.926009e+06,1.226198e-02
1.796467e+07,2.169275e+03,2.169235e+03,0.000000e+00,5.656447e+03,6.482138e+03,2.248458e-01,NaN,NaN,0.000000e+00,3.068336e+16,1.525669e+19,2.576961e+20,1.173578e+18,3.863492e+20,1.908392e+19,8.379916e+20,1.808160e+02,3.269278e+01,1.481232e+02,NaN,NaN,NaN,NaN,3.601145e-02,NaN,5.927560e+06,1.226740e-02
1.803745e+07,2.169077e+03,2.169103e+03,2.228407e+00,5.632078e+03,6.476285e+03,2.246505e-01,NaN,NaN,7.180016e-02,3.074358e+16,1.522098e+19,2.577338e+20,1.183986e+18,3.860114e+20,1.920211e+19,8.390301e+20,1.809836e+02,3.289526e+01,1.480883e+02,NaN,NaN,NaN,NaN,3.599771e-02,NaN,5.928583e+06,1.227556e-02
1.813634e+07,2.168945e+03,2.168905e+03,0.000000e+00,5.629778e+03,6.468351e+03,2.243563e-01,NaN,NaN,0.000000e+00,3.083457e+16,1.516890e+19,2.577838e+20,1.200088e+18,3.857077e+20,1.919983e+19,8.391453e+20,1.809363e+02,3.289136e+01,1.480449e+02,NaN,NaN,NaN,NaN,3.598017e-02,NaN,5.930098e+06,1.228102e-02
1.820874e+07,2.168747e+03,2.168773e+03,2.227581e+00,5.605796e+03,6.462556e+03,2.241595e-01,NaN,NaN,7.182679e-02,3.089334e+16,1.513397e+19,2.578207e+20,1.210331e+18,3.853732e+20,1.931658e+19,8.401701e+20,1.811019e+02,3.309135e+01,1.480105e+02,NaN,NaN,NaN,NaN,3.596666e-02,NaN,5.931098e+06,1.228924e-02
1.830705e+07,2.168614e+03,2.168574e+03,0.000000e+00,5.603508e+03,6.454704e+03,2.238633e-01,NaN,NaN,0.000000e+00,3.098224e+16,1.508299e+19,2.578696e+20,1.226207e+18,3.850725e+20,1.931415e+19,8.402812e+20,1.810548e+02,3.308720e+01,1.479676e+02,NaN,NaN,NaN,NaN,3.594943e-02,NaN,5.932580e+06,1.229475e-02
1.837907e+07,2.168414e+03,2.168440e+03,2.226749e+00,5.579900e+03,6.448965e+03,2.236650e-01,NaN,NaN,7.185362e-02,3.103966e+16,1.504879e+19,2.579057e+20,1.236298e+18,3.847413e+20,1.942953e+19,8.412932e+20,1.812185e+02,3.328486e+01,1.479336e+02,NaN,NaN,NaN,NaN,3.593614e-02,NaN,5.933558e+06,1.230303e-02
1.847683e+07,2.168280e+03,2.168240e+03,0.000000e+00,5.577615e+03,6.441192e+03,2.233666e-01,NaN,NaN,0.000000e+00,3.112660e+16,1.499886e+19,2.579536e+20,1.251962e+18,3.844433e+20,1.942701e+19,8.414007e+20,1.811718e+02,3.328053e+01,1.478913e+02,NaN,NaN,NaN,NaN,3.591918e-02,NaN,5.935009e+06,1.230858e-02
1.854849e+07,2.168078e+03,2.168106e+03,2.225913e+00,5.554795e+03,6.435508e+03,2.231670e-01,NaN,NaN,7.188063e-02,3.118276e+16,1.496534e+19,2.579890e+20,1.261913e+18,3.841152e+20,1.954110e+19,8.424006e+20,1.813337e+02,3.347599e+01,1.478577e+02,NaN,NaN,NaN,NaN,3.590609e-02,NaN,5.935967e+06,1.231694e-02
1.864570e+07,2.167944e+03,2.167904e+03,0.000000e+00,5.552502e+03,6.427813e+03,2.228665e-01,NaN,NaN,0.000000e+00,3.126785e+16,1.491638e+19,2.580359e+20,1.277382e+18,3.838199e+20,1.953854e+19,8.425054e+20,1.812874e+02,3.347159e+01,1.478158e+02,NaN,NaN,NaN,NaN,3.588940e-02,NaN,5.937389e+06,1.232253e-02
1.871700e+07,2.167741e+03,2.167769e+03,2.225070e+00,5.529579e+03,6.422182e+03,2.226655e-01,NaN,NaN,7.190784e-02,3.132283e+16,1.488350e+19,2.580707e+20,1.287202e+18,3.834948e+20,1.965141e+19,8.434938e+20,1.814476e+02,3.366495e+01,1.477826e+02,NaN,NaN,NaN,NaN,3.587649e-02,NaN,5.938328e+06,1.233095e-02
1.881368e+07,2.167606e+03,2.167566e+03,0.000000e+00,5.527271e+03,6.414564e+03,2.223628e-01,NaN,NaN,0.000000e+00,3.140618e+16,1.483545e+19,2.581168e+20,1.302488e+18,3.832020e+20,1.964885e+19,8.435962e+20,1.814018e+02,3.366057e+01,1.477412e+02,NaN,NaN,NaN,NaN,3.586004e-02,NaN,5.939723e+06,1.233658e-02
1.888462e+07,2.167402e+03,2.167430e+03,2.224223e+00,5.504666e+03,6.408985e+03,2.221604e-01,NaN,NaN,7.193523e-02,3.146004e+16,1.480317e+19,2.581509e+20,1.312186e+18,3.828798e+20,1.976055e+19,8.445738e+20,1.815601e+02,3.385193e+01,1.477082e+02,NaN,NaN,NaN,NaN,3.584730e-02,NaN,5.940644e+06,1.234506e-02
1.898079e+07,2.167266e+03,2.167226e+03,0.000000e+00,5.502335e+03,6.401441e+03,2.218557e-01,NaN,NaN,0.000000e+00,3.154175e+16,1.475599e+19,2.581961e+20,1.327302e+18,3.825895e+20,1.975804e+19,8.446744e+20,1.815148e+02,3.384762e+01,1.476672e+02,NaN,NaN,NaN,NaN,3.583107e-02,NaN,5.942013e+06,1.235074e-02
1.905139e+07,2.167061e+03,2.167090e+03,2.223370e+00,5.480040e+03,6.395914e+03,2.216519e-01,NaN,NaN,7.196282e-02,3.159455e+16,1.472426e+19,2.582297e+20,1.336886e+18,3.822701e+20,1.986863e+19,8.456416e+20,1.816717e+02,3.403708e+01,1.476346e+02,NaN,NaN,NaN,NaN,3.581849e-02,NaN,5.942917e+06,1.235929e-02
1.914704e+07,2.166924e+03,2.166884e+03,0.000000e+00,5.477680e+03,6.388442e+03,2.213452e-01,NaN,NaN,0.000000e+00,3.167471e+16,1.467789e+19,2.582741e+20,1.351843e+18,3.819821e+20,1.986621e+19,8.457406e+20,1.816268e+02,3.403292e+01,1.475939e+02,NaN,NaN,NaN,NaN,3.580247e-02,NaN,5.944262e+06,1.236501e-02
1.921731e+07,2.166718e+03,2.166747e+03,2.222513e+00,5.455680e+03,6.382965e+03,2.211400e-01,NaN,NaN,7.199059e-02,3.172650e+16,1.464670e+19,2.583071e+20,1.361319e+18,3.816655e+20,1.997573e+19,8.466979e+20,1.817821e+02,3.422056e+01,1.475615e+02,NaN,NaN,NaN,NaN,3.579004e-02,NaN,5.945150e+06,1.237362e-02
1.931247e+07,2.166580e+03,2.166540e+03,0.000000e+00,5.453283e+03,6.375564e+03,2.208312e-01,NaN,NaN,0.000000e+00,3.180519e+16,1.460110e+19,2.583508e+20,1.376129e+18,3.813797e+20,1.997343e+19,8.467960e+20,1.817378e+02,3.421662e+01,1.475212e+02,NaN,NaN,NaN,NaN,3.577422e-02,NaN,5.946472e+06,1.237938e-02
1.938241e+07,2.166373e+03,2.166402e+03,2.221650e+00,5.431567e+03,6.370136e+03,2.206247e-01,NaN,NaN,7.201854e-02,3.185603e+16,1.457041e+19,2.583833e+20,1.385505e+18,3.810657e+20,2.008194e+19,8.477438e+20,1.818916e+02,3.440250e+01,1.474891e+02,NaN,NaN,NaN,NaN,3.576192e-02,NaN,5.947346e+06,1.238806e-02
1.947708e+07,2.166235e+03,2.166195e+03,0.000000e+00,5.429129e+03,6.362805e+03,2.203139e-01,NaN,NaN,0.000000e+00,3.193332e+16,1.452553e+19,2.584262e+20,1.400176e+18,3.807821e+20,2.007980e+19,8.478412e+20,1.818478e+02,3.439883e+01,1.474490e+02,NaN,NaN,NaN,NaN,3.574627e-02,NaN,5.948645e+06,1.239386e-02
1.954670e+07,2.166026e+03,2.166056e+03,2.220782e+00,5.407681e+03,6.357425e+03,2.201060e-01,NaN,NaN,7.204668e-02,3.198325e+16,1.449532e+19,2.584582e+20,1.409457e+18,3.804707e+20,2.018733e+19,8.487800e+20,1.820002e+02,3.458305e+01,1.474171e+02,NaN,NaN,NaN,NaN,3.573411e-02,NaN,5.949505e+06,1.240260e-02
1.964089e+07,2.165887e+03,2.165847e+03,0.000000e+00,5.405201e+03,6.350162e+03,2.197932e-01,NaN,NaN,0.000000e+00,3.205921e+16,1.445113e+19,2.585005e+20,1.423996e+18,3.801891e+20,2.018536e+19,8.488769e+20,1.819571e+02,3.457967e+01,1.473774e+02,NaN,NaN,NaN,NaN,3.571863e-02,NaN,5.950784e+06,1.240845e-02
1.971019e+07,2.165677e+03,2.165707e+03,2.219910e+00,5.384018e+03,6.344829e+03,2.195839e-01,NaN,NaN,7.207500e-02,3.210827e+16,1.442138e+19,2.585320e+20,1.433189e+18,3.798802e+20,2.029196e+19,8.498072e+20,1.821079e+02,3.476229e+01,1.473456e+02,NaN,NaN,NaN,NaN,3.570659e-02,NaN,5.951630e+06,1.241725e-02
1.980392e+07,2.165537e+03,2.165497e+03,0.000000e+00,5.381488e+03,6.337633e+03,2.192691e-01,NaN,NaN,0.000000e+00,3.218295e+16,1.437784e+19,2.585737e+20,1.447605e+18,3.796007e+20,2.029019e+19,8.499040e+20,1.820654e+02,3.475926e+01,1.473061e+02,NaN,NaN,NaN,NaN,3.569126e-02,NaN,5.952889e+06,1.242314e-02
1.987291e+07,2.165327e+03,2.165357e+03,2.219032e+00,5.360559e+03,6.332347e+03,2.190585e-01,NaN,NaN,7.210351e-02,3.223118e+16,1.434852e+19,2.586048e+20,1.456714e+18,3.792941e+20,2.039590e+19,8.508259e+20,1.822149e+02,3.494035e+01,1.472746e+02,NaN,NaN,NaN,NaN,3.567933e-02,NaN,5.953722e+06,1.243201e-02
1.996617e+07,2.165186e+03,2.165146e+03,0.000000e+00,5.357977e+03,6.325216e+03,2.187417e-01,NaN,NaN,0.000000e+00,3.230466e+16,1.430561e+19,2.586458e+20,1.471016e+18,3.790165e+20,2.039436e+19,8.509230e+20,1.821730e+02,3.493771e+01,1.472353e+02,NaN,NaN,NaN,NaN,3.566416e-02,NaN,5.954962e+06,1.243794e-02
2.003486e+07,2.164974e+03,2.165005e+03,2.218150e+00,5.337293e+03,6.319975e+03,2.185298e-01,NaN,NaN,7.213220e-02,3.235210e+16,1.427669e+19,2.586765e+20,1.480046e+18,3.787123e+20,2.049920e+19,8.518368e+20,1.823212e+02,3.511731e+01,1.472039e+02,NaN,NaN,NaN,NaN,3.565233e-02,NaN,5.955783e+06,1.244687e-02
2.012768e+07,2.164833e+03,2.164793e+03,0.000000e+00,5.334657e+03,6.312909e+03,2.182109e-01,NaN,NaN,0.000000e+00,3.242441e+16,1.423437e+19,2.587169e+20,1.494238e+18,3.784366e+20,2.049791e+19,8.519344e+20,1.822799e+02,3.511509e+01,1.471648e+02,NaN,NaN,NaN,NaN,3.563729e-02,NaN,5.957005e+06,1.245284e-02
2.019607e+07,2.164620e+03,2.164651e+03,2.217262e+00,5.314209e+03,6.307712e+03,2.179977e-01,NaN,NaN,7.216106e-02,3.247109e+16,1.420585e+19,2.587472e+20,1.503193e+18,3.781347e+20,2.060192e+19,8.528406e+20,1.824269e+02,3.529328e+01,1.471336e+02,NaN,NaN,NaN,NaN,3.562556e-02,NaN,5.957814e+06,1.246184e-02
2.028844e+07,2.164477e+03,2.164437e+03,0.000000e+00,5.311517e+03,6.300709e+03,2.176769e-01,NaN,NaN,0.000000e+00,3.254229e+16,1.416411e+19,2.587871e+20,1.517282e+18,3.778608e+20,2.060088e+19,8.529386e+20,1.823862e+02,3.529151e+01,1.470947e+02,NaN,NaN,NaN,NaN,3.561066e-02,NaN,5.959020e+06,1.246785e-02
2.035653e+07,2.164263e+03,2.164295e+03,2.216370e+00,5.291294e+03,6.295556e+03,2.174624e-01,NaN,NaN,7.219011e-02,3.258824e+16,1.413596e+19,2.588170e+20,1.526167e+18,3.775611e+20,2.070410e+19,8.538375e+20,1.825320e+02,3.546832e+01,1.470637e+02,NaN,NaN,NaN,NaN,3.559902e-02,NaN,5.959818e+06,1.247691e-02
2.044847e+07,2.164120e+03,2.164080e+03,0.000000e+00,5.288542e+03,6.288615e+03,2.171396e-01,NaN,NaN,0.000000e+00,3.265836e+16,1.409476e+19,2.588563e+20,1.540158e+18,3.772890e+20,2.070334e+19,8.539363e+20,1.824919e+02,3.546702e+01,1.470249e+02,NaN,NaN,NaN,NaN,3.558423e-02,NaN,5.961006e+06,1.248297e-02
2.051628e+07,2.163905e+03,2.163937e+03,2.215473e+00,5.268544e+03,6.283505e+03,2.169237e-01,NaN,NaN,7.221934e-02,3.270361e+16,1.406697e+19,2.588859e+20,1.548976e+18,3.769915e+20,2.080578e+19,8.548281e+20,1.826365e+02,3.564252e+01,1.469940e+02,NaN,NaN,NaN,NaN,3.557268e-02,NaN,5.961793e+06,1.249209e-02
2.060778e+07,2.163761e+03,2.163721e+03,0.000000e+00,5.265733e+03,6.276624e+03,2.165990e-01,NaN,NaN,0.000000e+00,3.277271e+16,1.402629e+19,2.589247e+20,1.562876e+18,3.767210e+20,2.080532e+19,8.549279e+20,1.825971e+02,3.564172e+01,1.469554e+02,NaN,NaN,NaN,NaN,3.555801e-02,NaN,5.962967e+06,1.249819e-02
2.067531e+07,2.163545e+03,2.163577e+03,2.214571e+00,5.245949e+03,6.271557e+03,2.163818e-01,NaN,NaN,7.224875e-02,3.281728e+16,1.399884e+19,2.589539e+20,1.571631e+18,3.764256e+20,2.090702e+19,8.558128e+20,1.827405e+02,3.581595e+01,1.469246e+02,NaN,NaN,NaN,NaN,3.554655e-02,NaN,5.963743e+06,1.250738e-02
2.076639e+07,2.163401e+03,2.163361e+03,0.000000e+00,5.243075e+03,6.264736e+03,2.160551e-01,NaN,NaN,0.000000e+00,3.288539e+16,1.395866e+19,2.589922e+20,1.585443e+18,3.761568e+20,2.090686e+19,8.559137e+20,1.827018e+02,3.581568e+01,1.468861e+02,NaN,NaN,NaN,NaN,3.553198e-02,NaN,5.964901e+06,1.251352e-02
2.083363e+07,2.163183e+03,2.163216e+03,2.213665e+00,5.223498e+03,6.259710e+03,2.158366e-01,NaN,NaN,7.227834e-02,3.292932e+16,1.393154e+19,2.590211e+20,1.594139e+18,3.758635e+20,2.100785e+19,8.567921e+20,1.828441e+02,3.598868e+01,1.468554e+02,NaN,NaN,NaN,NaN,3.552059e-02,NaN,5.965668e+06,1.252277e-02
2.092430e+07,2.163038e+03,2.162998e+03,0.000000e+00,5.220560e+03,6.252947e+03,2.155080e-01,NaN,NaN,0.000000e+00,3.299647e+16,1.389183e+19,2.590589e+20,1.607869e+18,3.755963e+20,2.100801e+19,8.568943e+20,1.828060e+02,3.598896e+01,1.468170e+02,NaN,NaN,NaN,NaN,3.550613e-02,NaN,5.966812e+06,1.252895e-02
2.099127e+07,2.162820e+03,2.162853e+03,2.212753e+00,5.201182e+03,6.247962e+03,2.152882e-01,NaN,NaN,7.230811e-02,3.303977e+16,1.386504e+19,2.590875e+20,1.616507e+18,3.753050e+20,2.110831e+19,8.577663e+20,1.829472e+02,3.616077e+01,1.467864e+02,NaN,NaN,NaN,NaN,3.549481e-02,NaN,5.967569e+06,1.253826e-02
2.108153e+07,2.162674e+03,2.162634e+03,0.000000e+00,5.198179e+03,6.241257e+03,2.149576e-01,NaN,NaN,0.000000e+00,3.310600e+16,1.382579e+19,2.591249e+20,1.630159e+18,3.750394e+20,2.110880e+19,8.578699e+20,1.829098e+02,3.616161e+01,1.467482e+02,NaN,NaN,NaN,NaN,3.548044e-02,NaN,5.968699e+06,1.254449e-02
2.114823e+07,2.162454e+03,2.162487e+03,2.211837e+00,5.179001e+03,6.236312e+03,2.147365e-01,NaN,NaN,7.233806e-02,3.314869e+16,1.379930e+19,2.591531e+20,1.638743e+18,3.747500e+20,2.120842e+19,8.587358e+20,1.830499e+02,3.633228e+01,1.467176e+02,NaN,NaN,NaN,NaN,3.546919e-02,NaN,5.969447e+06,1.255386e-02
2.123809e+07,2.162308e+03,2.162268e+03,0.000000e+00,5.175931e+03,6.229664e+03,2.144040e-01,NaN,NaN,0.000000e+00,3.321403e+16,1.376050e+19,2.591901e+20,1.652322e+18,3.744859e+20,2.120925e+19,8.588410e+20,1.830132e+02,3.633371e+01,1.466795e+02,NaN,NaN,NaN,NaN,3.545492e-02,NaN,5.970563e+06,1.256014e-02
2.130452e+07,2.162087e+03,2.162121e+03,2.210916e+00,5.156944e+03,6.224759e+03,2.141816e-01,NaN,NaN,7.236818e-02,3.325614e+16,1.373429e+19,2.592180e+20,1.660855e+18,3.741985e+20,2.130823e+19,8.597009e+20,1.831523e+02,3.650327e+01,1.466490e+02,NaN,NaN,NaN,NaN,3.544373e-02,NaN,5.971303e+06,1.256957e-02
2.139398e+07,2.161940e+03,2.161900e+03,0.000000e+00,5.153808e+03,6.218166e+03,2.138472e-01,NaN,NaN,0.000000e+00,3.332062e+16,1.369592e+19,2.592545e+20,1.674363e+18,3.739359e+20,2.130941e+19,8.598078e+20,1.831163e+02,3.650529e+01,1.466110e+02,NaN,NaN,NaN,NaN,3.542954e-02,NaN,5.972406e+06,1.257589e-02
2.146015e+07,2.161718e+03,2.161752e+03,2.209991e+00,5.135007e+03,6.213299e+03,2.136235e-01,NaN,NaN,7.239849e-02,3.336217e+16,1.367000e+19,2.592822e+20,1.682848e+18,3.736503e+20,2.140777e+19,8.606620e+20,1.832543e+02,3.667378e+01,1.465805e+02,NaN,NaN,NaN,NaN,3.541841e-02,NaN,5.973137e+06,1.258539e-02
2.154922e+07,2.161570e+03,2.161530e+03,0.000000e+00,5.131802e+03,6.206762e+03,2.132871e-01,NaN,NaN,0.000000e+00,3.342582e+16,1.363203e+19,2.593183e+20,1.696290e+18,3.733891e+20,2.140931e+19,8.607706e+20,1.832190e+02,3.667643e+01,1.465426e+02,NaN,NaN,NaN,NaN,3.540430e-02,NaN,5.974227e+06,1.259174e-02
2.161513e+07,2.161347e+03,2.161382e+03,2.209061e+00,5.113182e+03,6.201933e+03,2.130622e-01,NaN,NaN,7.242897e-02,3.346682e+16,1.360639e+19,2.593457e+20,1.704727e+18,3.731055e+20,2.150705e+19,8.616192e+20,1.833561e+02,3.684386e+01,1.465122e+02,NaN,NaN,NaN,NaN,3.539323e-02,NaN,5.974950e+06,1.260131e-02
2.170381e+07,2.161198e+03,2.161158e+03,0.000000e+00,5.109910e+03,6.195450e+03,2.127239e-01,NaN,NaN,0.000000e+00,3.352966e+16,1.356882e+19,2.593814e+20,1.718106e+18,3.728456e+20,2.150896e+19,8.617296e+20,1.833214e+02,3.684714e+01,1.464743e+02,NaN,NaN,NaN,NaN,3.537919e-02,NaN,5.976029e+06,1.260771e-02
2.176947e+07,2.160975e+03,2.161009e+03,2.208126e+00,5.091462e+03,6.190659e+03,2.124977e-01,NaN,NaN,7.245963e-02,3.357013e+16,1.354343e+19,2.594085e+20,1.726500e+18,3.725638e+20,2.160612e+19,8.625730e+20,1.834576e+02,3.701358e+01,1.464440e+02,NaN,NaN,NaN,NaN,3.536817e-02,NaN,5.976744e+06,1.261733e-02
2.185777e+07,2.160825e+03,2.160785e+03,0.000000e+00,5.088120e+03,6.184228e+03,2.121574e-01,NaN,NaN,0.000000e+00,3.363219e+16,1.350625e+19,2.594439e+20,1.739819e+18,3.723053e+20,2.160840e+19,8.626854e+20,1.834236e+02,3.701749e+01,1.464061e+02,NaN,NaN,NaN,NaN,3.535421e-02,NaN,5.977811e+06,1.262377e-02
2.192318e+07,2.160600e+03,2.160635e+03,2.207187e+00,5.069847e+03,6.179474e+03,2.119300e-01,NaN,NaN,7.249047e-02,3.367214e+16,1.348112e+19,2.594707e+20,1.748172e+18,3.720252e+20,2.170499e+19,8.635235e+20,1.835588e+02,3.718296e+01,1.463758e+02,NaN,NaN,NaN,NaN,3.534324e-02,NaN,5.978518e+06,1.263347e-02
2.201110e+07,2.160450e+03,2.160410e+03,0.000000e+00,5.066437e+03,6.173096e+03,2.115878e-01,NaN,NaN,0.000000e+00,3.373344e+16,1.344431e+19,2.595058e+20,1.761433e+18,3.717680e+20,2.170766e+19,8.636379e+20,1.835255e+02,3.718752e+01,1.463380e+02,NaN,NaN,NaN,NaN,3.532935e-02,NaN,5.979574e+06,1.263995e-02
2.207626e+07,2.160224e+03,2.160260e+03,2.206243e+00,5.048329e+03,6.168378e+03,2.113591e-01,NaN,NaN,7.252148e-02,3.377290e+16,1.341942e+19,2.595323e+20,1.769747e+18,3.714897e+20,2.180369e+19,8.644710e+20,1.836598e+02,3.735205e+01,1.463078e+02,NaN,NaN,NaN,NaN,3.531843e-02,NaN,5.980274e+06,1.264971e-02
2.216381e+07,2.160073e+03,2.160033e+03,0.000000e+00,5.044849e+03,6.162051e+03,2.110150e-01,NaN,NaN,0.000000e+00,3.383346e+16,1.338296e+19,2.595670e+20,1.782954e+18,3.712338e+20,2.180675e+19,8.645876e+20,1.836273e+02,3.735728e+01,1.462700e+02,NaN,NaN,NaN,NaN,3.530460e-02,NaN,5.981318e+06,1.265623e-02
2.222873e+07,2.159847e+03,2.159882e+03,2.205294e+00,5.027370e+03,6.157370e+03,2.107850e-01,NaN,NaN,7.255267e-02,3.387243e+16,1.335831e+19,2.595933e+20,1.791229e+18,3.709571e+20,2.190225e+19,8.654157e+20,1.837607e+02,3.752088e+01,1.462398e+02,NaN,NaN,NaN,NaN,3.529372e-02,NaN,5.982011e+06,1.266605e-02
2.231591e+07,2.159695e+03,2.159655e+03,0.000000e+00,5.023820e+03,6.151093e+03,2.104390e-01,NaN,NaN,0.000000e+00,3.393228e+16,1.332220e+19,2.596277e+20,1.804385e+18,3.707025e+20,2.190570e+19,8.655346e+20,1.837288e+02,3.752679e+01,1.462020e+02,NaN,NaN,NaN,NaN,3.527995e-02,NaN,5.983045e+06,1.267262e-02
2.238059e+07,2.159467e+03,2.159503e+03,2.204341e+00,5.006037e+03,6.146447e+03,2.102077e-01,NaN,NaN,7.258404e-02,3.397077e+16,1.329778e+19,2.596538e+20,1.812625e+18,3.704275e+20,2.200067e+19,8.663581e+20,1.838613e+02,3.768950e+01,1.461718e+02,NaN,NaN,NaN,NaN,3.526911e-02,NaN,5.983731e+06,1.268251e-02
2.246741e+07,2.159315e+03,2.159275e+03,0.000000e+00,5.002417e+03,6.140221e+03,2.098598e-01,NaN,NaN,0.000000e+00,3.402992e+16,1.326201e+19,2.596878e+20,1.825732e+18,3.701741e+20,2.200452e+19,8.664792e+20,1.838302e+02,3.769609e+01,1.461341e+02,NaN,NaN,NaN,NaN,3.525540e-02,NaN,5.984755e+06,1.268912e-02
2.253184e+07,2.159086e+03,2.159122e+03,2.203383e+00,4.984785e+03,6.135609e+03,2.096273e-01,NaN,NaN,7.261559e-02,3.406796e+16,1.323781e+19,2.597136e+20,1.833938e+18,3.699008e+20,2.209900e+19,8.672980e+20,1.839618e+02,3.785794e+01,1.461039e+02,NaN,NaN,NaN,NaN,3.524460e-02,NaN,5.985435e+06,1.269907e-02
2.261832e+07,2.158933e+03,2.158893e+03,0.000000e+00,4.981095e+03,6.129432e+03,2.092775e-01,NaN,NaN,0.000000e+00,3.412643e+16,1.320237e+19,2.597473e+20,1.846998e+18,3.696486e+20,2.210325e+19,8.674215e+20,1.839315e+02,3.786522e+01,1.460663e+02,NaN,NaN,NaN,NaN,3.523094e-02,NaN,5.986448e+06,1.270573e-02
2.268251e+07,2.158703e+03,2.158739e+03,2.202421e+00,4.963619e+03,6.124855e+03,2.090437e-01,NaN,NaN,7.264732e-02,3.416402e+16,1.317838e+19,2.597730e+20,1.855171e+18,3.693768e+20,2.219724e+19,8.682358e+20,1.840623e+02,3.802623e+01,1.460361e+02,NaN,NaN,NaN,NaN,3.522018e-02,NaN,5.987121e+06,1.271574e-02
2.276863e+07,2.158549e+03,2.158509e+03,0.000000e+00,4.959859e+03,6.118726e+03,2.086920e-01,NaN,NaN,0.000000e+00,3.422184e+16,1.314325e+19,2.598063e+20,1.868188e+18,3.691258e+20,2.220190e+19,8.683616e+20,1.840326e+02,3.803422e+01,1.459984e+02,NaN,NaN,NaN,NaN,3.520657e-02,NaN,5.988125e+06,1.272244e-02
2.283259e+07,2.158318e+03,2.158355e+03,2.201454e+00,4.942533e+03,6.114182e+03,2.084569e-01,NaN,NaN,7.267922e-02,3.425899e+16,1.311948e+19,2.598318e+20,1.876329e+18,3.688556e+20,2.229541e+19,8.691717e+20,1.841626e+02,3.819441e+01,1.459682e+02,NaN,NaN,NaN,NaN,3.519585e-02,NaN,5.988792e+06,1.273252e-02
2.291836e+07,2.158164e+03,2.158124e+03,0.000000e+00,4.938702e+03,6.108101e+03,2.081034e-01,NaN,NaN,0.000000e+00,3.431616e+16,1.308465e+19,2.598648e+20,1.889306e+18,3.686057e+20,2.230049e+19,8.693001e+20,1.841336e+02,3.820312e+01,1.459305e+02,NaN,NaN,NaN,NaN,3.518229e-02,NaN,5.989787e+06,1.273926e-02
2.298210e+07,2.157932e+03,2.157969e+03,2.200483e+00,4.921521e+03,6.103591e+03,2.078670e-01,NaN,NaN,7.271131e-02,3.435288e+16,1.306108e+19,2.598901e+20,1.897417e+18,3.683370e+20,2.239353e+19,8.701058e+20,1.842629e+02,3.836250e+01,1.459004e+02,NaN,NaN,NaN,NaN,3.517160e-02,NaN,5.990447e+06,1.274940e-02
2.306752e+07,2.157777e+03,2.157737e+03,0.000000e+00,4.917619e+03,6.097557e+03,2.075116e-01,NaN,NaN,0.000000e+00,3.440944e+16,1.302655e+19,2.599229e+20,1.910355e+18,3.680882e+20,2.239904e+19,8.702368e+20,1.842346e+02,3.837194e+01,1.458627e+02,NaN,NaN,NaN,NaN,3.515808e-02,NaN,5.991433e+06,1.275619e-02
2.313103e+07,2.157543e+03,2.157581e+03,2.199507e+00,4.900581e+03,6.093080e+03,2.072740e-01,NaN,NaN,7.274357e-02,3.444574e+16,1.300318e+19,2.599479e+20,1.918437e+18,3.678211e+20,2.249163e+19,8.710385e+20,1.843631e+02,3.853056e+01,1.458325e+02,NaN,NaN,NaN,NaN,3.514742e-02,NaN,5.992087e+06,1.276640e-02
2.321612e+07,2.157388e+03,2.157348e+03,0.000000e+00,4.896611e+03,6.087092e+03,2.069166e-01,NaN,NaN,0.000000e+00,3.450168e+16,1.296894e+19,2.599804e+20,1.931337e+18,3.675734e+20,2.249755e+19,8.711720e+20,1.843355e+02,3.854070e+01,1.457948e+02,NaN,NaN,NaN,NaN,3.513394e-02,NaN,5.993064e+06,1.277323e-02
2.327940e+07,2.157154e+03,2.157192e+03,2.198527e+00,4.879746e+03,6.082647e+03,2.066778e-01,NaN,NaN,7.277600e-02,3.453758e+16,1.294576e+19,2.600052e+20,1.939394e+18,3.673077e+20,2.258971e+19,8.719696e+20,1.844632e+02,3.869858e+01,1.457646e+02,NaN,NaN,NaN,NaN,3.512331e-02,NaN,5.993713e+06,1.278350e-02
2.336415e+07,2.156997e+03,2.156957e+03,0.000000e+00,4.875705e+03,6.076705e+03,2.063185e-01,NaN,NaN,0.000000e+00,3.459292e+16,1.291180e+19,2.600374e+20,1.952257e+18,3.670611e+20,2.259606e+19,8.721059e+20,1.844364e+02,3.870946e+01,1.457269e+02,NaN,NaN,NaN,NaN,3.510988e-02,NaN,5.994681e+06,1.279037e-02
2.342720e+07,2.156762e+03,2.156800e+03,2.197542e+00,4.858942e+03,6.072293e+03,2.060784e-01,NaN,NaN,7.280862e-02,3.462842e+16,1.288881e+19,2.600621e+20,1.960288e+18,3.667969e+20,2.268779e+19,8.728996e+20,1.845633e+02,3.886660e+01,1.456967e+02,NaN,NaN,NaN,NaN,3.509927e-02,NaN,5.995324e+06,1.280071e-02
2.351162e+07,2.156605e+03,2.156565e+03,0.000000e+00,4.854831e+03,6.066396e+03,2.057173e-01,NaN,NaN,0.000000e+00,3.468318e+16,1.285512e+19,2.600940e+20,1.973119e+18,3.665513e+20,2.269458e+19,8.730386e+20,1.845372e+02,3.887823e+01,1.456590e+02,NaN,NaN,NaN,NaN,3.508587e-02,NaN,5.996284e+06,1.280763e-02
2.357446e+07,2.156369e+03,2.156408e+03,2.196553e+00,4.838201e+03,6.062014e+03,2.054759e-01,NaN,NaN,7.284142e-02,3.471830e+16,1.283231e+19,2.601185e+20,1.981126e+18,3.662885e+20,2.278590e+19,8.738286e+20,1.846635e+02,3.903467e+01,1.456288e+02,NaN,NaN,NaN,NaN,3.507530e-02,NaN,5.996922e+06,1.281804e-02
2.365855e+07,2.156211e+03,2.156171e+03,0.000000e+00,4.834022e+03,6.056162e+03,2.051130e-01,NaN,NaN,0.000000e+00,3.477249e+16,1.279889e+19,2.601502e+20,1.993924e+18,3.660440e+20,2.279311e+19,8.739702e+20,1.846380e+02,3.904702e+01,1.455910e+02,NaN,NaN,NaN,NaN,3.506193e-02,NaN,5.997874e+06,1.282500e-02
2.372117e+07,2.155974e+03,2.156013e+03,2.195559e+00,4.817523e+03,6.051812e+03,2.048703e-01,NaN,NaN,7.287439e-02,3.480722e+16,1.277626e+19,2.601745e+20,2.001908e+18,3.657826e+20,2.288403e+19,8.747566e+20,1.847636e+02,3.920278e+01,1.455608e+02,NaN,NaN,NaN,NaN,3.505138e-02,NaN,5.998506e+06,1.283547e-02
2.380494e+07,2.155815e+03,2.155775e+03,0.000000e+00,4.813274e+03,6.046003e+03,2.045055e-01,NaN,NaN,0.000000e+00,3.486086e+16,1.274309e+19,2.602059e+20,2.014677e+18,3.655390e+20,2.289168e+19,8.749010e+20,1.847389e+02,3.921589e+01,1.455230e+02,NaN,NaN,NaN,NaN,3.503805e-02,NaN,5.999450e+06,1.284247e-02
2.386734e+07,2.155577e+03,2.155617e+03,2.194560e+00,4.796902e+03,6.041683e+03,2.042616e-01,NaN,NaN,7.290754e-02,3.489522e+16,1.272063e+19,2.602300e+20,2.022639e+18,3.652790e+20,2.298221e+19,8.756838e+20,1.848637e+02,3.937098e+01,1.454927e+02,NaN,NaN,NaN,NaN,3.502752e-02,NaN,6.000077e+06,1.285301e-02
2.395078e+07,2.155418e+03,2.155378e+03,0.000000e+00,4.792586e+03,6.035918e+03,2.038949e-01,NaN,NaN,0.000000e+00,3.494831e+16,1.268772e+19,2.602611e+20,2.035378e+18,3.650364e+20,2.299030e+19,8.758310e+20,1.848397e+02,3.938482e+01,1.454549e+02,NaN,NaN,NaN,NaN,3.501422e-02,NaN,6.001013e+06,1.286006e-02
2.401298e+07,2.155179e+03,2.155219e+03,2.193557e+00,4.776337e+03,6.031629e+03,2.036497e-01,NaN,NaN,7.294088e-02,3.498231e+16,1.266543e+19,2.602851e+20,2.043319e+18,3.647777e+20,2.308045e+19,8.766104e+20,1.849639e+02,3.953926e+01,1.454246e+02,NaN,NaN,NaN,NaN,3.500371e-02,NaN,6.001634e+06,1.287067e-02
2.409610e+07,2.155019e+03,2.154979e+03,0.000000e+00,4.771952e+03,6.025906e+03,2.032811e-01,NaN,NaN,0.000000e+00,3.503487e+16,1.263277e+19,2.603160e+20,2.056033e+18,3.645361e+20,2.308898e+19,8.767604e+20,1.849407e+02,3.955387e+01,1.453868e+02,NaN,NaN,NaN,NaN,3.499044e-02,NaN,6.002563e+06,1.287776e-02
2.415808e+07,2.154779e+03,2.154819e+03,2.192550e+00,4.755827e+03,6.021647e+03,2.030347e-01,NaN,NaN,7.297439e-02,3.506851e+16,1.261063e+19,2.603398e+20,2.063955e+18,3.642788e+20,2.317876e+19,8.775365e+20,1.850642e+02,3.970769e+01,1.453565e+02,NaN,NaN,NaN,NaN,3.497995e-02,NaN,6.003180e+06,1.288843e-02
2.424089e+07,2.154618e+03,2.154578e+03,0.000000e+00,4.751374e+03,6.015966e+03,2.026642e-01,NaN,NaN,0.000000e+00,3.512055e+16,1.257821e+19,2.603705e+20,2.076643e+18,3.640380e+20,2.318774e+19,8.776895e+20,1.850417e+02,3.972306e+01,1.453186e+02,NaN,NaN,NaN,NaN,3.496671e-02,NaN,6.004102e+06,1.289557e-02
2.430266e+07,2.154377e+03,2.154418e+03,2.191538e+00,4.735372e+03,6.011736e+03,2.024166e-01,NaN,NaN,7.300808e-02,3.515384e+16,1.255624e+19,2.603941e+20,2.084545e+18,3.637820e+20,2.327716e+19,8.784621e+20,1.851644e+02,3.987625e+01,1.452882e+02,NaN,NaN,NaN,NaN,3.495624e-02,NaN,6.004713e+06,1.290631e-02
2.438516e+07,2.154216e+03,2.154176e+03,0.000000e+00,4.730852e+03,6.006097e+03,2.020443e-01,NaN,NaN,0.000000e+00,3.520536e+16,1.252405e+19,2.604246e+20,2.097209e+18,3.635422e+20,2.328658e+19,8.786180e+20,1.851427e+02,3.989238e+01,1.452503e+02,NaN,NaN,NaN,NaN,3.494302e-02,NaN,6.005628e+06,1.291349e-02
2.444673e+07,2.153974e+03,2.154015e+03,2.190522e+00,4.714968e+03,6.001896e+03,2.017954e-01,NaN,NaN,7.304195e-02,3.523832e+16,1.250224e+19,2.604480e+20,2.105094e+18,3.632875e+20,2.337565e+19,8.793876e+20,1.852649e+02,4.004498e+01,1.452199e+02,NaN,NaN,NaN,NaN,3.493257e-02,NaN,6.006235e+06,1.292430e-02
2.452892e+07,2.153812e+03,2.153772e+03,0.000000e+00,4.710380e+03,5.996298e+03,2.014212e-01,NaN,NaN,0.000000e+00,3.528934e+16,1.247028e+19,2.604783e+20,2.117735e+18,3.630485e+20,2.338552e+19,8.795464e+20,1.852438e+02,4.006188e+01,1.451819e+02,NaN,NaN,NaN,NaN,3.491937e-02,NaN,6.007142e+06,1.293152e-02
2.459028e+07,2.153569e+03,2.153610e+03,2.189501e+00,4.694613e+03,5.992126e+03,2.011710e-01,NaN,NaN,7.307600e-02,3.532196e+16,1.244861e+19,2.605016e+20,2.125604e+18,3.627951e+20,2.347426e+19,8.803129e+20,1.853654e+02,4.021390e+01,1.451515e+02,NaN,NaN,NaN,NaN,3.490893e-02,NaN,6.007745e+06,1.294240e-02
2.467217e+07,2.153406e+03,2.153366e+03,0.000000e+00,4.689958e+03,5.986568e+03,2.007949e-01,NaN,NaN,0.000000e+00,3.537249e+16,1.241688e+19,2.605316e+20,2.138225e+18,3.625570e+20,2.348458e+19,8.804747e+20,1.853450e+02,4.023158e+01,1.451134e+02,NaN,NaN,NaN,NaN,3.489576e-02,NaN,6.008645e+06,1.294967e-02
2.473332e+07,2.153162e+03,2.153204e+03,2.188476e+00,4.674300e+03,5.982425e+03,2.005436e-01,NaN,NaN,7.311023e-02,3.540478e+16,1.239536e+19,2.605547e+20,2.146078e+18,3.623048e+20,2.357299e+19,8.812381e+20,1.854660e+02,4.038304e+01,1.450830e+02,NaN,NaN,NaN,NaN,3.488534e-02,NaN,6.009243e+06,1.296061e-02
2.481491e+07,2.152999e+03,2.152959e+03,0.000000e+00,4.669580e+03,5.976907e+03,2.001656e-01,NaN,NaN,0.000000e+00,3.545482e+16,1.236384e+19,2.605845e+20,2.158678e+18,3.620676e+20,2.358376e+19,8.814030e+20,1.854464e+02,4.040148e+01,1.450449e+02,NaN,NaN,NaN,NaN,3.487219e-02,NaN,6.010137e+06,1.296793e-02
2.487586e+07,2.152754e+03,2.152796e+03,2.187447e+00,4.654039e+03,5.972792e+03,1.999130e-01,NaN,NaN,7.314464e-02,3.548679e+16,1.234247e+19,2.606076e+20,2.166516e+18,3.618166e+20,2.367185e+19,8.821635e+20,1.855668e+02,4.055239e+01,1.450144e+02,NaN,NaN,NaN,NaN,3.486177e-02,NaN,6.010731e+06,1.297894e-02
2.495715e+07,2.152590e+03,2.152550e+03,0.000000e+00,4.649253e+03,5.967313e+03,1.995332e-01,NaN,NaN,0.000000e+00,3.553636e+16,1.231117e+19,2.606371e+20,2.179097e+18,3.615802e+20,2.368306e+19,8.823313e+20,1.855478e+02,4.057161e+01,1.449762e+02,NaN,NaN,NaN,NaN,3.484864e-02,NaN,6.011618e+06,1.298630e-02
2.501791e+07,2.152344e+03,2.152386e+03,2.186412e+00,4.633822e+03,5.963225e+03,1.992793e-01,NaN,NaN,7.317924e-02,3.556801e+16,1.228994e+19,2.606600e+20,2.186921e+18,3.613305e+20,2.377084e+19,8.830890e+20,1.856677e+02,4.072198e+01,1.449457e+02,NaN,NaN,NaN,NaN,3.483824e-02,NaN,6.012207e+06,1.299738e-02
2.509889e+07,2.152179e+03,2.152139e+03,0.000000e+00,4.628970e+03,5.957786e+03,1.988976e-01,NaN,NaN,0.000000e+00,3.561712e+16,1.225885e+19,2.606894e+20,2.199485e+18,3.610949e+20,2.378252e+19,8.832598e+20,1.856494e+02,4.074199e+01,1.449074e+02,NaN,NaN,NaN,NaN,3.482513e-02,NaN,6.013088e+06,1.300479e-02
2.515946e+07,2.151932e+03,2.151975e+03,2.185374e+00,4.613647e+03,5.953726e+03,1.986425e-01,NaN,NaN,7.321401e-02,3.564845e+16,1.223776e+19,2.607121e+20,2.207296e+18,3.608463e+20,2.387000e+19,8.840148e+20,1.857686e+02,4.089184e+01,1.448768e+02,NaN,NaN,NaN,NaN,3.481474e-02,NaN,6.013673e+06,1.301594e-02
2.524015e+07,2.151767e+03,2.151727e+03,0.000000e+00,4.608730e+03,5.948325e+03,1.982589e-01,NaN,NaN,0.000000e+00,3.569710e+16,1.220687e+19,2.607413e+20,2.219844e+18,3.606115e+20,2.388213e+19,8.841888e+20,1.857511e+02,4.091263e+01,1.448385e+02,NaN,NaN,NaN,NaN,3.480165e-02,NaN,6.014548e+06,1.302339e-02
2.530052e+07,2.151519e+03,2.151562e+03,2.184331e+00,4.593513e+03,5.944291e+03,1.980026e-01,NaN,NaN,7.324897e-02,3.572814e+16,1.218591e+19,2.607639e+20,2.227642e+18,3.603641e+20,2.396931e+19,8.849410e+20,1.858699e+02,4.106198e+01,1.448079e+02,NaN,NaN,NaN,NaN,3.479127e-02,NaN,6.015129e+06,1.303461e-02
2.538092e+07,2.151353e+03,2.151313e+03,0.000000e+00,4.588533e+03,5.938928e+03,1.976172e-01,NaN,NaN,0.000000e+00,3.577634e+16,1.215522e+19,2.607928e+20,2.240175e+18,3.601301e+20,2.398191e+19,8.851180e+20,1.858531e+02,4.108356e+01,1.447695e+02,NaN,NaN,NaN,NaN,3.477819e-02,NaN,6.015997e+06,1.304211e-02
2.544109e+07,2.151104e+03,2.151147e+03,2.183284e+00,4.573913e+03,5.934922e+03,1.973596e-01,NaN,NaN,7.328411e-02,3.580707e+16,1.213440e+19,2.608153e+20,2.247961e+18,3.598839e+20,2.406880e+19,8.858677e+20,1.859712e+02,4.123242e+01,1.447388e+02,NaN,NaN,NaN,NaN,3.476782e-02,NaN,6.016574e+06,1.305340e-02
2.552121e+07,2.150937e+03,2.150897e+03,0.000000e+00,4.568869e+03,5.929596e+03,1.969723e-01,NaN,NaN,0.000000e+00,3.585483e+16,1.210390e+19,2.608441e+20,2.260480e+18,3.596506e+20,2.408186e+19,8.860479e+20,1.859552e+02,4.125478e+01,1.447004e+02,NaN,NaN,NaN,NaN,3.475475e-02,NaN,6.017436e+06,1.306094e-02
2.558119e+07,2.150687e+03,2.150731e+03,2.182232e+00,4.553855e+03,5.925616e+03,1.967135e-01,NaN,NaN,7.331944e-02,3.588527e+16,1.208321e+19,2.608664e+20,2.268256e+18,3.594055e+20,2.416848e+19,8.867949e+20,1.860728e+02,4.140317e+01,1.446696e+02,NaN,NaN,NaN,NaN,3.474439e-02,NaN,6.018009e+06,1.307230e-02
2.566102e+07,2.150520e+03,2.150480e+03,0.000000e+00,4.548747e+03,5.920327e+03,1.963243e-01,NaN,NaN,0.000000e+00,3.593259e+16,1.205291e+19,2.608950e+20,2.280762e+18,3.591730e+20,2.418199e+19,8.869783e+20,1.860574e+02,4.142632e+01,1.446311e+02,NaN,NaN,NaN,NaN,3.473133e-02,NaN,6.018866e+06,1.307989e-02
2.572081e+07,2.150269e+03,2.150313e+03,2.181175e+00,4.533838e+03,5.916373e+03,1.960642e-01,NaN,NaN,7.335494e-02,3.596274e+16,1.203234e+19,2.609172e+20,2.288528e+18,3.589290e+20,2.426834e+19,8.877229e+20,1.861746e+02,4.157425e+01,1.446003e+02,NaN,NaN,NaN,NaN,3.472098e-02,NaN,6.019435e+06,1.309132e-02
2.580035e+07,2.150101e+03,2.150061e+03,0.000000e+00,4.528667e+03,5.911121e+03,1.956732e-01,NaN,NaN,0.000000e+00,3.600964e+16,1.200222e+19,2.609456e+20,2.301022e+18,3.586972e+20,2.428232e+19,8.879095e+20,1.861599e+02,4.159819e+01,1.445617e+02,NaN,NaN,NaN,NaN,3.470794e-02,NaN,6.020286e+06,1.309896e-02
2.585995e+07,2.149849e+03,2.149893e+03,2.180115e+00,4.513857e+03,5.907193e+03,1.954119e-01,NaN,NaN,7.339063e-02,3.603950e+16,1.198178e+19,2.609677e+20,2.308778e+18,3.584543e+20,2.436841e+19,8.886517e+20,1.862766e+02,4.174567e+01,1.445309e+02,NaN,NaN,NaN,NaN,3.469759e-02,NaN,6.020851e+06,1.311045e-02
2.593922e+07,2.149680e+03,2.149640e+03,0.000000e+00,4.508624e+03,5.901977e+03,1.950190e-01,NaN,NaN,0.000000e+00,3.608598e+16,1.195185e+19,2.609959e+20,2.321261e+18,3.582232e+20,2.438285e+19,8.888414e+20,1.862626e+02,4.177042e+01,1.444922e+02,NaN,NaN,NaN,NaN,3.468456e-02,NaN,6.021697e+06,1.311814e-02
2.599864e+07,2.149427e+03,2.149472e+03,2.179050e+00,4.493912e+03,5.898074e+03,1.947565e-01,NaN,NaN,7.342651e-02,3.611556e+16,1.193153e+19,2.610179e+20,2.329008e+18,3.579814e+20,2.446868e+19,8.895813e+20,1.863788e+02,4.191746e+01,1.444613e+02,NaN,NaN,NaN,NaN,3.467422e-02,NaN,6.022258e+06,1.312971e-02
2.607762e+07,2.149258e+03,2.149218e+03,0.000000e+00,4.488616e+03,5.892895e+03,1.943617e-01,NaN,NaN,0.000000e+00,3.616162e+16,1.190178e+19,2.610459e+20,2.341482e+18,3.577510e+20,2.448359e+19,8.897742e+20,1.863655e+02,4.194300e+01,1.444225e+02,NaN,NaN,NaN,NaN,3.466119e-02,NaN,6.023098e+06,1.313744e-02
2.613685e+07,2.149004e+03,2.149049e+03,2.177980e+00,4.473999e+03,5.889017e+03,1.940979e-01,NaN,NaN,7.346257e-02,3.619092e+16,1.188158e+19,2.610677e+20,2.349221e+18,3.575102e+20,2.456918e+19,8.905118e+20,1.864811e+02,4.208962e+01,1.443915e+02,NaN,NaN,NaN,NaN,3.465085e-02,NaN,6.023656e+06,1.314908e-02
2.621556e+07,2.148834e+03,2.148794e+03,0.000000e+00,4.468643e+03,5.883872e+03,1.937013e-01,NaN,NaN,0.000000e+00,3.623659e+16,1.185200e+19,2.610956e+20,2.361685e+18,3.572805e+20,2.458456e+19,8.907081e+20,1.864687e+02,4.211596e+01,1.443527e+02,NaN,NaN,NaN,NaN,3.463784e-02,NaN,6.024490e+06,1.315686e-02
2.627461e+07,2.148579e+03,2.148624e+03,2.176906e+00,4.454117e+03,5.880019e+03,1.934363e-01,NaN,NaN,7.349881e-02,3.626561e+16,1.183192e+19,2.611173e+20,2.369417e+18,3.570408e+20,2.466990e+19,8.914434e+20,1.865838e+02,4.226217e+01,1.443216e+02,NaN,NaN,NaN,NaN,3.462751e-02,NaN,6.025045e+06,1.316857e-02
2.635305e+07,2.148408e+03,2.148368e+03,0.000000e+00,4.448701e+03,5.874910e+03,1.930378e-01,NaN,NaN,0.000000e+00,3.631087e+16,1.180252e+19,2.611450e+20,2.381873e+18,3.568118e+20,2.468575e+19,8.916428e+20,1.865720e+02,4.228931e+01,1.442827e+02,NaN,NaN,NaN,NaN,3.461450e-02,NaN,6.025874e+06,1.317640e-02
2.641192e+07,2.148152e+03,2.148198e+03,2.175828e+00,4.434272e+03,5.871081e+03,1.927715e-01,NaN,NaN,7.353524e-02,3.633963e+16,1.178255e+19,2.611666e+20,2.389598e+18,3.565731e+20,2.477086e+19,8.923761e+20,1.866867e+02,4.243511e+01,1.442516e+02,NaN,NaN,NaN,NaN,3.460417e-02,NaN,6.026425e+06,1.318818e-02
2.649008e+07,2.147981e+03,2.147941e+03,0.000000e+00,4.428796e+03,5.866006e+03,1.923712e-01,NaN,NaN,0.000000e+00,3.638449e+16,1.175332e+19,2.611941e+20,2.402046e+18,3.563448e+20,2.478717e+19,8.925787e+20,1.866757e+02,4.246306e+01,1.442126e+02,NaN,NaN,NaN,NaN,3.459117e-02,NaN,6.027248e+06,1.319605e-02
2.654877e+07,2.147724e+03,2.147770e+03,2.174745e+00,4.414459e+03,5.862202e+03,1.921037e-01,NaN,NaN,7.357186e-02,3.641298e+16,1.173347e+19,2.612156e+20,2.409764e+18,3.561071e+20,2.487205e+19,8.933098e+20,1.867899e+02,4.260847e+01,1.441814e+02,NaN,NaN,NaN,NaN,3.458084e-02,NaN,6.027796e+06,1.320790e-02
2.662666e+07,2.147552e+03,2.147512e+03,0.000000e+00,4.408923e+03,5.857161e+03,1.917015e-01,NaN,NaN,0.000000e+00,3.645746e+16,1.170440e+19,2.612429e+20,2.422207e+18,3.558794e+20,2.488884e+19,8.935158e+20,1.867795e+02,4.263723e+01,1.441423e+02,NaN,NaN,NaN,NaN,3.456784e-02,NaN,6.028614e+06,1.321583e-02
2.668517e+07,2.147294e+03,2.147340e+03,2.173657e+00,4.394675e+03,5.853381e+03,1.914328e-01,NaN,NaN,7.360866e-02,3.648569e+16,1.168466e+19,2.612644e+20,2.429920e+18,3.556427e+20,2.497351e+19,8.942448e+20,1.868933e+02,4.278227e+01,1.441110e+02,NaN,NaN,NaN,NaN,3.455752e-02,NaN,6.029159e+06,1.322775e-02
2.676280e+07,2.147122e+03,2.147082e+03,0.000000e+00,4.389080e+03,5.848374e+03,1.910287e-01,NaN,NaN,0.000000e+00,3.652978e+16,1.165576e+19,2.612915e+20,2.442357e+18,3.554156e+20,2.499076e+19,8.944542e+20,1.868836e+02,4.281184e+01,1.440718e+02,NaN,NaN,NaN,NaN,3.454453e-02,NaN,6.029972e+06,1.323573e-02
2.682113e+07,2.146863e+03,2.146909e+03,2.172566e+00,4.374921e+03,5.844618e+03,1.907587e-01,NaN,NaN,7.364565e-02,3.655775e+16,1.163612e+19,2.613128e+20,2.450065e+18,3.551800e+20,2.507522e+19,8.951813e+20,1.869970e+02,4.295652e+01,1.440405e+02,NaN,NaN,NaN,NaN,3.453420e-02,NaN,6.030513e+06,1.324772e-02
2.689849e+07,2.146690e+03,2.146650e+03,0.000000e+00,4.369268e+03,5.839644e+03,1.903528e-01,NaN,NaN,0.000000e+00,3.660147e+16,1.160738e+19,2.613398e+20,2.462497e+18,3.549535e+20,2.509295e+19,8.953940e+20,1.869881e+02,4.298689e+01,1.440012e+02,NaN,NaN,NaN,NaN,3.452121e-02,NaN,6.031322e+06,1.325575e-02
2.695665e+07,2.146430e+03,2.146476e+03,2.171469e+00,4.355197e+03,5.835911e+03,1.900816e-01,NaN,NaN,7.368283e-02,3.662918e+16,1.158786e+19,2.613610e+20,2.470200e+18,3.547188e+20,2.517719e+19,8.961191e+20,1.871010e+02,4.313121e+01,1.439698e+02,NaN,NaN,NaN,NaN,3.451089e-02,NaN,6.031859e+06,1.326782e-02
2.703375e+07,2.146256e+03,2.146216e+03,0.000000e+00,4.349486e+03,5.830970e+03,1.896738e-01,NaN,NaN,0.000000e+00,3.667253e+16,1.155927e+19,2.613878e+20,2.482628e+18,3.544929e+20,2.519539e+19,8.963351e+20,1.870929e+02,4.316239e+01,1.439305e+02,NaN,NaN,NaN,NaN,3.449791e-02,NaN,6.032663e+06,1.327589e-02
2.709173e+07,2.145995e+03,2.146042e+03,2.170369e+00,4.335497e+03,5.827261e+03,1.894013e-01,NaN,NaN,7.372020e-02,3.669999e+16,1.153985e+19,2.614089e+20,2.490327e+18,3.542592e+20,2.527944e+19,8.970584e+20,1.872054e+02,4.330637e+01,1.438990e+02,NaN,NaN,NaN,NaN,3.448758e-02,NaN,6.033198e+06,1.328803e-02
2.716857e+07,2.145820e+03,2.145780e+03,0.000000e+00,4.329729e+03,5.822352e+03,1.889917e-01,NaN,NaN,0.000000e+00,3.674297e+16,1.151142e+19,2.614356e+20,2.502753e+18,3.540339e+20,2.529812e+19,8.972777e+20,1.871979e+02,4.333838e+01,1.438595e+02,NaN,NaN,NaN,NaN,3.447460e-02,NaN,6.033997e+06,1.329615e-02
2.722637e+07,2.145558e+03,2.145606e+03,2.169264e+00,4.315828e+03,5.818666e+03,1.887180e-01,NaN,NaN,7.375775e-02,3.677019e+16,1.149210e+19,2.614566e+20,2.510449e+18,3.538011e+20,2.538198e+19,8.979992e+20,1.873100e+02,4.348203e+01,1.438280e+02,NaN,NaN,NaN,NaN,3.446428e-02,NaN,6.034528e+06,1.330837e-02
2.730296e+07,2.145383e+03,2.145343e+03,0.000000e+00,4.310004e+03,5.813790e+03,1.883065e-01,NaN,NaN,0.000000e+00,3.681281e+16,1.146383e+19,2.614831e+20,2.522871e+18,3.535763e+20,2.540113e+19,8.982220e+20,1.873032e+02,4.351484e+01,1.437884e+02,NaN,NaN,NaN,NaN,3.445129e-02,NaN,6.035323e+06,1.331654e-02
2.736059e+07,2.145120e+03,2.145168e+03,2.168154e+00,4.296187e+03,5.810126e+03,1.880315e-01,NaN,NaN,7.379550e-02,3.683977e+16,1.144461e+19,2.615040e+20,2.530564e+18,3.533445e+20,2.548479e+19,8.989416e+20,1.874150e+02,4.365816e+01,1.437568e+02,NaN,NaN,NaN,NaN,3.444097e-02,NaN,6.035851e+06,1.332883e-02
2.743692e+07,2.144945e+03,2.144905e+03,0.000000e+00,4.290307e+03,5.805282e+03,1.876182e-01,NaN,NaN,0.000000e+00,3.688203e+16,1.141649e+19,2.615304e+20,2.542984e+18,3.531203e+20,2.550443e+19,8.991678e+20,1.874089e+02,4.369179e+01,1.437171e+02,NaN,NaN,NaN,NaN,3.442799e-02,NaN,6.036641e+06,1.333705e-02
2.749438e+07,2.144680e+03,2.144729e+03,2.167040e+00,4.276572e+03,5.801640e+03,1.873420e-01,NaN,NaN,7.383343e-02,3.690876e+16,1.139737e+19,2.615512e+20,2.550675e+18,3.528893e+20,2.558791e+19,8.998858e+20,1.875202e+02,4.383481e+01,1.436854e+02,NaN,NaN,NaN,NaN,3.441766e-02,NaN,6.037166e+06,1.334941e-02
2.757045e+07,2.144504e+03,2.144464e+03,0.000000e+00,4.270635e+03,5.796828e+03,1.869268e-01,NaN,NaN,0.000000e+00,3.695067e+16,1.136939e+19,2.615774e+20,2.563096e+18,3.526657e+20,2.560803e+19,9.001153e+20,1.875149e+02,4.386927e+01,1.436456e+02,NaN,NaN,NaN,NaN,3.440468e-02,NaN,6.037951e+06,1.335768e-02
2.762775e+07,2.144239e+03,2.144288e+03,2.165922e+00,4.256982e+03,5.793209e+03,1.866494e-01,NaN,NaN,7.387156e-02,3.697715e+16,1.135037e+19,2.615981e+20,2.570784e+18,3.524357e+20,2.569133e+19,9.008316e+20,1.876258e+02,4.401198e+01,1.436138e+02,NaN,NaN,NaN,NaN,3.439435e-02,NaN,6.038473e+06,1.337012e-02
2.770356e+07,2.144062e+03,2.144022e+03,0.000000e+00,4.250991e+03,5.788427e+03,1.862323e-01,NaN,NaN,0.000000e+00,3.701871e+16,1.132254e+19,2.616242e+20,2.583203e+18,3.522126e+20,2.571192e+19,9.010645e+20,1.876213e+02,4.404725e+01,1.435740e+02,NaN,NaN,NaN,NaN,3.438137e-02,NaN,6.039254e+06,1.337844e-02
2.776069e+07,2.143796e+03,2.143845e+03,2.164799e+00,4.237414e+03,5.784830e+03,1.859536e-01,NaN,NaN,7.390988e-02,3.704496e+16,1.130362e+19,2.616448e+20,2.590890e+18,3.519835e+20,2.579505e+19,9.017793e+20,1.877318e+02,4.418967e+01,1.435421e+02,NaN,NaN,NaN,NaN,3.437104e-02,NaN,6.039773e+06,1.339096e-02
2.783626e+07,2.143618e+03,2.143578e+03,0.000000e+00,4.231366e+03,5.780080e+03,1.855347e-01,NaN,NaN,0.000000e+00,3.708618e+16,1.127592e+19,2.616708e+20,2.603311e+18,3.517609e+20,2.581613e+19,9.020158e+20,1.877279e+02,4.422578e+01,1.435021e+02,NaN,NaN,NaN,NaN,3.435805e-02,NaN,6.040550e+06,1.339933e-02
2.789322e+07,2.143351e+03,2.143400e+03,2.163671e+00,4.217873e+03,5.776505e+03,1.852548e-01,NaN,NaN,7.394839e-02,3.711220e+16,1.125710e+19,2.616913e+20,2.610997e+18,3.515326e+20,2.589910e+19,9.027289e+20,1.878381e+02,4.436792e+01,1.434702e+02,NaN,NaN,NaN,NaN,3.434771e-02,NaN,6.041066e+06,1.341192e-02
2.796853e+07,2.143173e+03,2.143133e+03,0.000000e+00,4.211774e+03,5.771785e+03,1.848340e-01,NaN,NaN,0.000000e+00,3.715307e+16,1.122955e+19,2.617171e+20,2.623417e+18,3.513106e+20,2.592065e+19,9.029687e+20,1.878349e+02,4.440483e+01,1.434301e+02,NaN,NaN,NaN,NaN,3.433473e-02,NaN,6.041839e+06,1.342034e-02
2.802533e+07,2.142905e+03,2.142954e+03,2.162540e+00,4.198357e+03,5.768231e+03,1.845528e-01,NaN,NaN,7.398709e-02,3.717886e+16,1.121081e+19,2.617375e+20,2.631103e+18,3.510832e+20,2.600346e+19,9.036804e+20,1.879448e+02,4.454670e+01,1.433981e+02,NaN,NaN,NaN,NaN,3.432439e-02,NaN,6.042352e+06,1.343301e-02
2.810040e+07,2.142726e+03,2.142686e+03,0.000000e+00,4.192204e+03,5.763541e+03,1.841302e-01,NaN,NaN,0.000000e+00,3.721940e+16,1.118340e+19,2.617632e+20,2.643527e+18,3.508616e+20,2.602550e+19,9.039237e+20,1.879424e+02,4.458446e+01,1.433579e+02,NaN,NaN,NaN,NaN,3.431140e-02,NaN,6.043120e+06,1.344148e-02
2.815703e+07,2.142457e+03,2.142507e+03,2.161403e+00,4.178865e+03,5.760009e+03,1.838478e-01,NaN,NaN,7.402598e-02,3.724496e+16,1.116476e+19,2.617835e+20,2.651212e+18,3.506351e+20,2.610816e+19,9.046339e+20,1.880519e+02,4.472606e+01,1.433258e+02,NaN,NaN,NaN,NaN,3.430106e-02,NaN,6.043631e+06,1.345422e-02
2.823185e+07,2.142278e+03,2.142238e+03,0.000000e+00,4.172661e+03,5.755349e+03,1.834233e-01,NaN,NaN,0.000000e+00,3.728516e+16,1.113748e+19,2.618090e+20,2.663636e+18,3.504140e+20,2.613067e+19,9.048806e+20,1.880500e+02,4.476462e+01,1.432854e+02,NaN,NaN,NaN,NaN,3.428806e-02,NaN,6.044395e+06,1.346274e-02
2.828832e+07,2.142008e+03,2.142058e+03,2.160262e+00,4.159397e+03,5.751838e+03,1.831396e-01,NaN,NaN,7.406507e-02,3.731050e+16,1.111893e+19,2.618292e+20,2.671323e+18,3.501883e+20,2.621319e+19,9.055895e+20,1.881593e+02,4.490598e+01,1.432533e+02,NaN,NaN,NaN,NaN,3.427771e-02,NaN,6.044903e+06,1.347556e-02
2.836290e+07,2.141827e+03,2.141787e+03,0.000000e+00,4.153666e+03,5.747207e+03,1.827132e-01,NaN,NaN,0.000000e+00,3.735038e+16,1.109179e+19,2.618546e+20,2.683751e+18,3.499678e+20,2.623619e+19,9.058397e+20,1.881582e+02,4.494539e+01,1.432128e+02,NaN,NaN,NaN,NaN,3.426472e-02,NaN,6.045663e+06,1.348414e-02
2.841921e+07,2.141556e+03,2.141607e+03,2.159117e+00,4.140478e+03,5.743717e+03,1.824284e-01,NaN,NaN,7.410436e-02,3.737549e+16,1.107333e+19,2.618748e+20,2.691437e+18,3.497428e+20,2.631856e+19,9.065472e+20,1.882671e+02,4.508649e+01,1.431806e+02,NaN,NaN,NaN,NaN,3.425436e-02,NaN,6.046168e+06,1.349704e-02
2.849355e+07,2.141375e+03,2.141335e+03,0.000000e+00,4.134170e+03,5.739116e+03,1.820001e-01,NaN,NaN,0.000000e+00,3.741505e+16,1.104631e+19,2.619000e+20,2.703869e+18,3.495228e+20,2.634205e+19,9.068009e+20,1.882667e+02,4.512673e+01,1.431400e+02,NaN,NaN,NaN,NaN,3.424136e-02,NaN,6.046924e+06,1.350566e-02
2.854969e+07,2.141103e+03,2.141154e+03,2.157968e+00,4.121051e+03,5.735646e+03,1.817140e-01,NaN,NaN,7.414384e-02,3.743994e+16,1.102794e+19,2.619201e+20,2.711558e+18,3.492987e+20,2.642429e+19,9.075071e+20,1.883753e+02,4.526761e+01,1.431077e+02,NaN,NaN,NaN,NaN,3.423100e-02,NaN,6.047427e+06,1.351864e-02
2.862379e+07,2.140922e+03,2.140882e+03,0.000000e+00,4.114693e+03,5.731074e+03,1.812839e-01,NaN,NaN,0.000000e+00,3.747917e+16,1.100106e+19,2.619452e+20,2.723992e+18,3.490791e+20,2.644825e+19,9.077642e+20,1.883757e+02,4.530866e+01,1.430670e+02,NaN,NaN,NaN,NaN,3.421799e-02,NaN,6.048179e+06,1.352732e-02
2.867978e+07,2.140649e+03,2.140700e+03,2.156813e+00,4.101652e+03,5.727625e+03,1.809966e-01,NaN,NaN,7.418351e-02,3.750384e+16,1.098277e+19,2.619652e+20,2.731682e+18,3.488558e+20,2.653035e+19,9.084691e+20,1.884839e+02,4.544932e+01,1.430346e+02,NaN,NaN,NaN,NaN,3.420763e-02,NaN,6.048679e+06,1.354037e-02
2.875363e+07,2.140467e+03,2.140427e+03,0.000000e+00,4.095242e+03,5.723081e+03,1.805646e-01,NaN,NaN,0.000000e+00,3.754276e+16,1.095601e+19,2.619902e+20,2.744123e+18,3.486366e+20,2.655482e+19,9.087299e+20,1.884850e+02,4.549123e+01,1.429938e+02,NaN,NaN,NaN,NaN,3.419461e-02,NaN,6.049427e+06,1.354910e-02
2.880946e+07,2.140193e+03,2.140244e+03,2.155655e+00,4.082273e+03,5.719652e+03,1.802760e-01,NaN,NaN,7.422339e-02,3.756722e+16,1.093781e+19,2.620101e+20,2.751814e+18,3.484141e+20,2.663679e+19,9.094335e+20,1.885930e+02,4.563165e+01,1.429613e+02,NaN,NaN,NaN,NaN,3.418424e-02,NaN,6.049924e+06,1.356224e-02
2.888308e+07,2.140010e+03,2.139970e+03,0.000000e+00,4.075815e+03,5.715137e+03,1.798422e-01,NaN,NaN,0.000000e+00,3.760582e+16,1.091118e+19,2.620350e+20,2.764260e+18,3.481954e+20,2.666173e+19,9.096978e+20,1.885948e+02,4.567438e+01,1.429204e+02,NaN,NaN,NaN,NaN,3.417122e-02,NaN,6.050668e+06,1.357102e-02
2.893875e+07,2.139735e+03,2.139787e+03,2.154492e+00,4.062915e+03,5.711728e+03,1.795524e-01,NaN,NaN,7.426346e-02,3.763007e+16,1.089307e+19,2.620548e+20,2.771955e+18,3.479736e+20,2.674359e+19,9.104003e+20,1.887024e+02,4.581462e+01,1.428878e+02,NaN,NaN,NaN,NaN,3.416084e-02,NaN,6.051163e+06,1.358424e-02
2.901214e+07,2.139551e+03,2.139511e+03,0.000000e+00,4.056409e+03,5.707241e+03,1.791167e-01,NaN,NaN,0.000000e+00,3.766836e+16,1.086656e+19,2.620795e+20,2.784405e+18,3.477553e+20,2.676902e+19,9.106680e+20,1.887050e+02,4.585818e+01,1.428468e+02,NaN,NaN,NaN,NaN,3.414782e-02,NaN,6.051904e+06,1.359307e-02
2.906765e+07,2.139275e+03,2.139327e+03,2.153324e+00,4.043580e+03,5.703852e+03,1.788256e-01,NaN,NaN,7.430373e-02,3.769239e+16,1.084853e+19,2.620993e+20,2.792102e+18,3.475344e+20,2.685076e+19,9.113694e+20,1.888123e+02,4.599821e+01,1.428141e+02,NaN,NaN,NaN,NaN,3.413743e-02,NaN,6.052396e+06,1.360636e-02
2.914081e+07,2.139091e+03,2.139051e+03,0.000000e+00,4.037024e+03,5.699393e+03,1.783880e-01,NaN,NaN,0.000000e+00,3.773038e+16,1.082214e+19,2.621239e+20,2.804561e+18,3.473165e+20,2.687669e+19,9.116408e+20,1.888156e+02,4.604263e+01,1.427730e+02,NaN,NaN,NaN,NaN,3.412440e-02,NaN,6.053133e+06,1.361525e-02
2.919616e+07,2.138814e+03,2.138867e+03,2.152152e+00,4.024261e+03,5.696024e+03,1.780957e-01,NaN,NaN,7.434420e-02,3.775420e+16,1.080419e+19,2.621435e+20,2.812260e+18,3.470963e+20,2.695831e+19,9.123410e+20,1.889226e+02,4.618245e+01,1.427402e+02,NaN,NaN,NaN,NaN,3.411400e-02,NaN,6.053623e+06,1.362863e-02
2.926908e+07,2.138629e+03,2.138589e+03,0.000000e+00,4.017657e+03,5.691592e+03,1.776563e-01,NaN,NaN,0.000000e+00,3.779189e+16,1.077793e+19,2.621680e+20,2.824726e+18,3.468788e+20,2.698473e+19,9.126159e+20,1.889267e+02,4.622771e+01,1.426990e+02,NaN,NaN,NaN,NaN,3.410096e-02,NaN,6.054356e+06,1.363757e-02
2.932429e+07,2.138352e+03,2.138404e+03,2.150975e+00,4.004966e+03,5.688242e+03,1.773627e-01,NaN,NaN,7.438486e-02,3.781550e+16,1.076006e+19,2.621876e+20,2.832429e+18,3.466594e+20,2.706625e+19,9.133151e+20,1.890335e+02,4.636736e+01,1.426661e+02,NaN,NaN,NaN,NaN,3.409056e-02,NaN,6.054843e+06,1.365102e-02
2.939698e+07,2.138166e+03,2.138126e+03,0.000000e+00,3.998316e+03,5.683838e+03,1.769215e-01,NaN,NaN,0.000000e+00,3.785288e+16,1.073392e+19,2.622120e+20,2.844901e+18,3.464423e+20,2.709315e+19,9.135935e+20,1.890383e+02,4.641345e+01,1.426248e+02,NaN,NaN,NaN,NaN,3.407751e-02,NaN,6.055572e+06,1.366002e-02
2.945203e+07,2.137887e+03,2.137940e+03,2.149794e+00,3.985690e+03,5.680507e+03,1.766267e-01,NaN,NaN,7.442573e-02,3.787629e+16,1.071612e+19,2.622315e+20,2.852610e+18,3.462236e+20,2.717458e+19,9.142919e+20,1.891447e+02,4.655294e+01,1.425918e+02,NaN,NaN,NaN,NaN,3.406710e-02,NaN,6.056058e+06,1.367356e-02
2.952449e+07,2.137701e+03,2.137661e+03,0.000000e+00,3.978994e+03,5.676129e+03,1.761835e-01,NaN,NaN,0.000000e+00,3.791338e+16,1.069010e+19,2.622557e+20,2.865090e+18,3.460069e+20,2.720197e+19,9.145738e+20,1.891502e+02,4.659986e+01,1.425503e+02,NaN,NaN,NaN,NaN,3.405404e-02,NaN,6.056783e+06,1.368261e-02
2.957938e+07,2.137421e+03,2.137474e+03,2.148608e+00,3.966437e+03,5.672818e+03,1.758875e-01,NaN,NaN,7.446680e-02,3.793658e+16,1.067238e+19,2.622751e+20,2.872802e+18,3.457889e+20,2.728329e+19,9.152711e+20,1.892565e+02,4.673918e+01,1.425173e+02,NaN,NaN,NaN,NaN,3.404362e-02,NaN,6.057266e+06,1.369623e-02
2.965162e+07,2.137234e+03,2.137194e+03,0.000000e+00,3.959693e+03,5.668467e+03,1.754425e-01,NaN,NaN,0.000000e+00,3.797338e+16,1.064647e+19,2.622993e+20,2.885291e+18,3.455726e+20,2.731118e+19,9.155568e+20,1.892627e+02,4.678696e+01,1.424757e+02,NaN,NaN,NaN,NaN,3.403055e-02,NaN,6.057988e+06,1.370533e-02
2.970636e+07,2.136953e+03,2.137007e+03,2.147418e+00,3.947203e+03,5.665174e+03,1.751452e-01,NaN,NaN,7.450807e-02,3.799638e+16,1.062884e+19,2.623186e+20,2.893007e+18,3.453553e+20,2.739241e+19,9.162531e+20,1.893686e+02,4.692611e+01,1.424425e+02,NaN,NaN,NaN,NaN,3.402013e-02,NaN,6.058469e+06,1.371903e-02
2.977837e+07,2.136766e+03,2.136726e+03,0.000000e+00,3.940413e+03,5.660850e+03,1.746983e-01,NaN,NaN,0.000000e+00,3.803288e+16,1.060304e+19,2.623426e+20,2.905506e+18,3.451394e+20,2.742080e+19,9.165424e+20,1.893756e+02,4.697475e+01,1.424008e+02,NaN,NaN,NaN,NaN,3.400705e-02,NaN,6.059188e+06,1.372819e-02
2.983297e+07,2.136484e+03,2.136538e+03,2.146224e+00,3.927988e+03,5.657576e+03,1.743998e-01,NaN,NaN,7.454955e-02,3.805568e+16,1.058548e+19,2.623619e+20,2.913227e+18,3.449228e+20,2.750194e+19,9.172377e+20,1.894813e+02,4.711375e+01,1.423675e+02,NaN,NaN,NaN,NaN,3.399661e-02,NaN,6.059666e+06,1.374197e-02
2.990475e+07,2.136296e+03,2.136256e+03,0.000000e+00,3.921153e+03,5.653278e+03,1.739510e-01,NaN,NaN,0.000000e+00,3.809190e+16,1.055980e+19,2.623858e+20,2.925735e+18,3.447073e+20,2.753082e+19,9.175307e+20,1.894889e+02,4.716323e+01,1.423257e+02,NaN,NaN,NaN,NaN,3.398352e-02,NaN,6.060381e+06,1.375119e-02
2.995919e+07,2.136013e+03,2.136067e+03,2.145024e+00,3.908789e+03,5.650022e+03,1.736513e-01,NaN,NaN,7.459123e-02,3.811450e+16,1.054231e+19,2.624050e+20,2.933461e+18,3.444914e+20,2.761188e+19,9.182253e+20,1.895945e+02,4.730209e+01,1.422924e+02,NaN,NaN,NaN,NaN,3.397307e-02,NaN,6.060857e+06,1.376506e-02
3.003075e+07,2.135824e+03,2.135784e+03,0.000000e+00,3.901911e+03,5.645750e+03,1.732007e-01,NaN,NaN,0.000000e+00,3.815043e+16,1.051674e+19,2.624288e+20,2.945979e+18,3.442762e+20,2.764126e+19,9.185218e+20,1.896028e+02,4.735242e+01,1.422504e+02,NaN,NaN,NaN,NaN,3.395998e-02,NaN,6.061569e+06,1.377433e-02
3.008505e+07,2.135540e+03,2.135595e+03,2.143821e+00,3.889613e+03,5.642513e+03,1.728997e-01,NaN,NaN,7.463311e-02,3.817283e+16,1.049933e+19,2.624480e+20,2.953712e+18,3.440610e+20,2.772224e+19,9.192156e+20,1.897082e+02,4.749115e+01,1.422170e+02,NaN,NaN,NaN,NaN,3.394952e-02,NaN,6.062043e+06,1.378828e-02
3.015638e+07,2.135351e+03,2.135311e+03,0.000000e+00,3.882692e+03,5.638266e+03,1.724472e-01,NaN,NaN,0.000000e+00,3.820848e+16,1.047387e+19,2.624716e+20,2.966239e+18,3.438461e+20,2.775211e+19,9.195157e+20,1.897172e+02,4.754232e+01,1.421749e+02,NaN,NaN,NaN,NaN,3.393641e-02,NaN,6.062751e+06,1.379760e-02
3.021054e+07,2.135066e+03,2.135121e+03,2.142612e+00,3.870456e+03,5.635048e+03,1.721449e-01,NaN,NaN,7.467520e-02,3.823069e+16,1.045653e+19,2.624907e+20,2.973979e+18,3.436316e+20,2.783302e+19,9.202087e+20,1.898222e+02,4.768093e+01,1.421413e+02,NaN,NaN,NaN,NaN,3.392594e-02,NaN,6.063223e+06,1.381164e-02
3.028165e+07,2.134876e+03,2.134836e+03,0.000000e+00,3.863492e+03,5.630826e+03,1.716906e-01,NaN,NaN,0.000000e+00,3.826605e+16,1.043118e+19,2.625143e+20,2.986516e+18,3.434170e+20,2.786339e+19,9.205125e+20,1.898320e+02,4.773295e+01,1.420991e+02,NaN,NaN,NaN,NaN,3.391282e-02,NaN,6.063928e+06,1.382102e-02
3.033565e+07,2.134590e+03,2.134645e+03,2.141399e+00,3.851345e+03,5.627626e+03,1.713871e-01,NaN,NaN,7.471750e-02,3.828807e+16,1.041391e+19,2.625333e+20,2.994262e+18,3.432032e+20,2.794423e+19,9.212048e+20,1.899369e+02,4.787144e+01,1.420655e+02,NaN,NaN,NaN,NaN,3.390234e-02,NaN,6.064397e+06,1.383514e-02
3.040655e+07,2.134399e+03,2.134359e+03,0.000000e+00,3.844338e+03,5.623430e+03,1.709309e-01,NaN,NaN,0.000000e+00,3.832316e+16,1.038867e+19,2.625567e+20,3.006812e+18,3.429890e+20,2.797510e+19,9.215123e+20,1.899475e+02,4.792433e+01,1.420232e+02,NaN,NaN,NaN,NaN,3.388921e-02,NaN,6.065100e+06,1.384458e-02
3.046041e+07,2.134112e+03,2.134168e+03,2.140182e+00,3.832227e+03,5.620247e+03,1.706261e-01,NaN,NaN,7.476000e-02,3.834499e+16,1.037148e+19,2.625756e+20,3.014564e+18,3.427757e+20,2.805587e+19,9.222038e+20,1.900521e+02,4.806270e+01,1.419894e+02,NaN,NaN,NaN,NaN,3.387872e-02,NaN,6.065567e+06,1.385878e-02
3.053108e+07,2.133921e+03,2.133881e+03,0.000000e+00,3.825177e+03,5.616076e+03,1.701681e-01,NaN,NaN,0.000000e+00,3.837980e+16,1.034634e+19,2.625990e+20,3.027125e+18,3.425619e+20,2.808725e+19,9.225150e+20,1.900634e+02,4.811644e+01,1.419470e+02,NaN,NaN,NaN,NaN,3.386558e-02,NaN,6.066266e+06,1.386828e-02
3.058480e+07,2.133633e+03,2.133689e+03,2.138960e+00,3.813127e+03,5.612910e+03,1.698621e-01,NaN,NaN,7.480271e-02,3.840143e+16,1.032921e+19,2.626178e+20,3.034884e+18,3.423493e+20,2.816796e+19,9.232059e+20,1.901679e+02,4.825471e+01,1.419132e+02,NaN,NaN,NaN,NaN,3.385508e-02,NaN,6.066731e+06,1.388257e-02
3.065526e+07,2.133441e+03,2.133401e+03,0.000000e+00,3.806032e+03,5.608764e+03,1.694021e-01,NaN,NaN,0.000000e+00,3.843597e+16,1.030418e+19,2.626411e+20,3.047458e+18,3.421357e+20,2.819983e+19,9.235208e+20,1.901799e+02,4.830932e+01,1.418706e+02,NaN,NaN,NaN,NaN,3.384193e-02,NaN,6.067427e+06,1.389213e-02
3.070883e+07,2.133152e+03,2.133208e+03,2.137733e+00,3.794043e+03,5.605616e+03,1.690949e-01,NaN,NaN,7.484563e-02,3.845742e+16,1.028713e+19,2.626599e+20,3.055224e+18,3.419238e+20,2.828049e+19,9.242110e+20,1.902841e+02,4.844748e+01,1.418366e+02,NaN,NaN,NaN,NaN,3.383141e-02,NaN,6.067889e+06,1.390650e-02
3.077907e+07,2.132959e+03,2.132919e+03,0.000000e+00,3.786911e+03,5.601494e+03,1.686331e-01,NaN,NaN,0.000000e+00,3.849168e+16,1.026219e+19,2.626830e+20,3.067811e+18,3.417105e+20,2.831287e+19,9.245296e+20,1.902969e+02,4.850295e+01,1.417939e+02,NaN,NaN,NaN,NaN,3.381825e-02,NaN,6.068582e+06,1.391611e-02
3.083250e+07,2.132669e+03,2.132726e+03,2.136502e+00,3.774981e+03,5.598364e+03,1.683246e-01,NaN,NaN,7.488876e-02,3.851295e+16,1.024521e+19,2.627017e+20,3.075585e+18,3.414992e+20,2.839347e+19,9.252193e+20,1.904009e+02,4.864103e+01,1.417599e+02,NaN,NaN,NaN,NaN,3.380772e-02,NaN,6.069043e+06,1.393058e-02
3.090253e+07,2.132476e+03,2.132436e+03,0.000000e+00,3.768367e+03,5.594266e+03,1.678609e-01,NaN,NaN,0.000000e+00,3.854694e+16,1.022038e+19,2.627248e+20,3.088185e+18,3.412862e+20,2.842635e+19,9.255416e+20,1.904145e+02,4.869736e+01,1.417171e+02,NaN,NaN,NaN,NaN,3.379454e-02,NaN,6.069733e+06,1.394025e-02
3.095581e+07,2.132185e+03,2.132242e+03,2.135266e+00,3.756497e+03,5.591153e+03,1.675512e-01,NaN,NaN,7.493210e-02,3.856802e+16,1.020346e+19,2.627434e+20,3.095966e+18,3.410755e+20,2.850690e+19,9.262307e+20,1.905182e+02,4.883535e+01,1.416829e+02,NaN,NaN,NaN,NaN,3.378401e-02,NaN,6.070191e+06,1.395480e-02
3.102563e+07,2.131991e+03,2.131951e+03,0.000000e+00,3.749286e+03,5.587079e+03,1.670857e-01,NaN,NaN,0.000000e+00,3.860175e+16,1.017874e+19,2.627663e+20,3.108580e+18,3.408628e+20,2.854029e+19,9.265568e+20,1.905325e+02,4.889255e+01,1.416400e+02,NaN,NaN,NaN,NaN,3.377081e-02,NaN,6.070878e+06,1.396453e-02
3.107877e+07,2.131699e+03,2.131757e+03,2.134026e+00,3.737474e+03,5.583983e+03,1.667747e-01,NaN,NaN,7.497565e-02,3.862264e+16,1.016189e+19,2.627849e+20,3.116369e+18,3.406527e+20,2.862080e+19,9.272454e+20,1.906362e+02,4.903047e+01,1.416057e+02,NaN,NaN,NaN,NaN,3.376026e-02,NaN,6.071335e+06,1.397916e-02
3.114838e+07,2.131504e+03,2.131464e+03,0.000000e+00,3.730224e+03,5.579933e+03,1.663073e-01,NaN,NaN,0.000000e+00,3.865611e+16,1.013726e+19,2.628078e+20,3.128998e+18,3.404403e+20,2.865469e+19,9.275751e+20,1.906511e+02,4.908854e+01,1.415626e+02,NaN,NaN,NaN,NaN,3.374706e-02,NaN,6.072018e+06,1.398895e-02
3.120138e+07,2.131212e+03,2.131269e+03,2.132781e+00,3.718470e+03,5.576854e+03,1.659951e-01,NaN,NaN,7.501942e-02,3.867682e+16,1.012048e+19,2.628263e+20,3.136795e+18,3.402308e+20,2.873516e+19,9.282633e+20,1.907547e+02,4.922638e+01,1.415283e+02,NaN,NaN,NaN,NaN,3.373650e-02,NaN,6.072473e+06,1.400368e-02
3.127078e+07,2.131016e+03,2.130976e+03,0.000000e+00,3.711182e+03,5.572828e+03,1.655258e-01,NaN,NaN,0.000000e+00,3.871002e+16,1.009595e+19,2.628490e+20,3.149438e+18,3.400186e+20,2.876956e+19,9.285968e+20,1.907704e+02,4.928532e+01,1.414851e+02,NaN,NaN,NaN,NaN,3.372327e-02,NaN,6.073154e+06,1.401353e-02
3.132364e+07,2.130722e+03,2.130780e+03,2.131532e+00,3.699482e+03,5.569765e+03,1.652123e-01,NaN,NaN,7.506339e-02,3.873055e+16,1.007923e+19,2.628675e+20,3.157244e+18,3.398097e+20,2.884999e+19,9.292844e+20,1.908738e+02,4.942311e+01,1.414507e+02,NaN,NaN,NaN,NaN,3.371270e-02,NaN,6.073607e+06,1.402834e-02
3.139282e+07,2.130526e+03,2.130486e+03,0.000000e+00,3.692155e+03,5.565762e+03,1.647412e-01,NaN,NaN,0.000000e+00,3.876350e+16,1.005480e+19,2.628901e+20,3.169901e+18,3.395978e+20,2.888490e+19,9.296218e+20,1.908902e+02,4.948291e+01,1.414073e+02,NaN,NaN,NaN,NaN,3.369947e-02,NaN,6.074284e+06,1.403825e-02
3.144555e+07,2.130231e+03,2.130290e+03,2.130277e+00,3.680515e+03,5.562716e+03,1.644265e-01,NaN,NaN,7.510759e-02,3.878385e+16,1.003815e+19,2.629085e+20,3.177717e+18,3.393895e+20,2.896530e+19,9.303090e+20,1.909934e+02,4.962065e+01,1.413728e+02,NaN,NaN,NaN,NaN,3.368888e-02,NaN,6.074735e+06,1.405316e-02
3.151452e+07,2.130034e+03,2.129994e+03,0.000000e+00,3.673151e+03,5.558737e+03,1.639534e-01,NaN,NaN,0.000000e+00,3.881653e+16,1.001381e+19,2.629310e+20,3.190390e+18,3.391779e+20,2.900072e+19,9.306501e+20,1.910106e+02,4.968132e+01,1.413293e+02,NaN,NaN,NaN,NaN,3.367563e-02,NaN,6.075410e+06,1.406312e-02
3.156711e+07,2.129739e+03,2.129797e+03,2.129019e+00,3.661567e+03,5.555707e+03,1.636375e-01,NaN,NaN,7.515200e-02,3.883671e+16,9.997227e+18,2.629494e+20,3.198215e+18,3.389701e+20,2.908110e+19,9.313370e+20,1.911137e+02,4.981902e+01,1.412947e+02,NaN,NaN,NaN,NaN,3.366503e-02,NaN,6.075859e+06,1.407812e-02
3.163588e+07,2.129541e+03,2.129501e+03,0.000000e+00,3.654166e+03,5.551750e+03,1.631626e-01,NaN,NaN,0.000000e+00,3.886913e+16,9.972989e+18,2.629718e+20,3.210903e+18,3.387587e+20,2.911702e+19,9.316818e+20,1.911316e+02,4.988056e+01,1.412510e+02,NaN,NaN,NaN,NaN,3.365177e-02,NaN,6.076531e+06,1.408815e-02
3.168833e+07,2.129244e+03,2.129303e+03,2.127755e+00,3.642638e+03,5.548737e+03,1.628454e-01,NaN,NaN,7.519662e-02,3.888913e+16,9.956464e+18,2.629901e+20,3.218738e+18,3.385515e+20,2.919738e+19,9.323683e+20,1.912345e+02,5.001821e+01,1.412163e+02,NaN,NaN,NaN,NaN,3.364116e-02,NaN,6.076978e+06,1.410323e-02
3.175689e+07,2.129046e+03,2.129006e+03,0.000000e+00,3.635201e+03,5.544803e+03,1.623686e-01,NaN,NaN,0.000000e+00,3.892130e+16,9.932320e+18,2.630124e+20,3.231441e+18,3.383404e+20,2.923382e+19,9.327171e+20,1.912531e+02,5.008064e+01,1.411725e+02,NaN,NaN,NaN,NaN,3.362788e-02,NaN,6.077647e+06,1.411332e-02
3.180920e+07,2.128748e+03,2.128808e+03,2.126487e+00,3.623728e+03,5.541806e+03,1.620502e-01,NaN,NaN,7.524146e-02,3.894112e+16,9.915860e+18,2.630306e+20,3.239286e+18,3.381337e+20,2.931415e+19,9.334032e+20,1.913560e+02,5.021825e+01,1.411377e+02,NaN,NaN,NaN,NaN,3.361725e-02,NaN,6.078092e+06,1.412850e-02
3.187756e+07,2.128549e+03,2.128509e+03,0.000000e+00,3.616255e+03,5.537894e+03,1.615715e-01,NaN,NaN,0.000000e+00,3.897304e+16,9.891808e+18,2.630529e+20,3.252007e+18,3.379228e+20,2.935110e+19,9.337557e+20,1.913754e+02,5.028156e+01,1.410938e+02,NaN,NaN,NaN,NaN,3.360396e-02,NaN,6.078759e+06,1.413865e-02
3.192973e+07,2.128251e+03,2.128310e+03,2.125214e+00,3.604836e+03,5.534913e+03,1.612518e-01,NaN,NaN,7.528652e-02,3.899269e+16,9.875411e+18,2.630710e+20,3.259861e+18,3.377167e+20,2.943141e+19,9.344416e+20,1.914780e+02,5.041914e+01,1.410589e+02,NaN,NaN,NaN,NaN,3.359332e-02,NaN,6.079202e+06,1.415392e-02
3.199789e+07,2.128051e+03,2.128011e+03,0.000000e+00,3.597327e+03,5.531024e+03,1.607713e-01,NaN,NaN,0.000000e+00,3.902436e+16,9.851450e+18,2.630932e+20,3.272599e+18,3.375060e+20,2.946889e+19,9.347981e+20,1.914982e+02,5.048334e+01,1.410149e+02,NaN,NaN,NaN,NaN,3.358001e-02,NaN,6.079866e+06,1.416413e-02
3.204993e+07,2.127751e+03,2.127811e+03,2.123937e+00,3.585960e+03,5.528059e+03,1.604504e-01,NaN,NaN,7.533181e-02,3.904383e+16,9.835117e+18,2.631113e+20,3.280463e+18,3.373004e+20,2.954918e+19,9.354836e+20,1.916007e+02,5.062089e+01,1.409798e+02,NaN,NaN,NaN,NaN,3.356936e-02,NaN,6.080307e+06,1.417950e-02
3.211789e+07,2.127551e+03,2.127511e+03,0.000000e+00,3.578417e+03,5.524192e+03,1.599680e-01,NaN,NaN,0.000000e+00,3.907525e+16,9.811248e+18,2.631333e+20,3.293218e+18,3.370899e+20,2.958717e+19,9.358438e+20,1.916217e+02,5.068597e+01,1.409357e+02,NaN,NaN,NaN,NaN,3.355603e-02,NaN,6.080968e+06,1.418977e-02
3.216979e+07,2.127250e+03,2.127311e+03,2.122655e+00,3.567106e+03,5.521242e+03,1.596458e-01,NaN,NaN,7.537731e-02,3.909455e+16,9.794974e+18,2.631514e+20,3.301093e+18,3.368849e+20,2.966746e+19,9.365292e+20,1.917241e+02,5.082351e+01,1.409006e+02,NaN,NaN,NaN,NaN,3.354536e-02,NaN,6.081407e+06,1.420523e-02
3.223754e+07,2.127049e+03,2.127009e+03,0.000000e+00,3.559530e+03,5.517397e+03,1.591615e-01,NaN,NaN,0.000000e+00,3.912573e+16,9.771197e+18,2.631733e+20,3.313866e+18,3.366746e+20,2.970596e+19,9.368932e+20,1.917458e+02,5.088948e+01,1.408563e+02,NaN,NaN,NaN,NaN,3.353202e-02,NaN,6.082066e+06,1.421557e-02
3.228931e+07,2.126748e+03,2.126808e+03,2.121368e+00,3.548270e+03,5.514463e+03,1.588381e-01,NaN,NaN,7.542303e-02,3.914486e+16,9.754982e+18,2.631913e+20,3.321752e+18,3.364701e+20,2.978625e+19,9.375785e+20,1.918480e+02,5.102702e+01,1.408210e+02,NaN,NaN,NaN,NaN,3.352134e-02,NaN,6.082504e+06,1.423112e-02
3.235687e+07,2.126546e+03,2.126506e+03,0.000000e+00,3.540660e+03,5.510639e+03,1.583520e-01,NaN,NaN,0.000000e+00,3.917579e+16,9.731296e+18,2.632132e+20,3.334542e+18,3.362600e+20,2.982527e+19,9.379463e+20,1.918705e+02,5.109386e+01,1.407766e+02,NaN,NaN,NaN,NaN,3.350798e-02,NaN,6.083159e+06,1.424152e-02
3.240850e+07,2.126243e+03,2.126304e+03,2.120077e+00,3.529453e+03,5.507721e+03,1.580273e-01,NaN,NaN,7.546897e-02,3.919475e+16,9.715139e+18,2.632311e+20,3.342441e+18,3.360560e+20,2.990556e+19,9.386315e+20,1.919726e+02,5.123141e+01,1.407412e+02,NaN,NaN,NaN,NaN,3.349729e-02,NaN,6.083595e+06,1.425716e-02
3.247586e+07,2.126041e+03,2.126001e+03,0.000000e+00,3.521811e+03,5.503919e+03,1.575393e-01,NaN,NaN,0.000000e+00,3.922543e+16,9.691543e+18,2.632529e+20,3.355248e+18,3.358461e+20,2.994510e+19,9.390032e+20,1.919958e+02,5.129914e+01,1.406967e+02,NaN,NaN,NaN,NaN,3.348391e-02,NaN,6.084248e+06,1.426762e-02
3.252736e+07,2.125737e+03,2.125798e+03,2.118780e+00,3.510657e+03,5.501016e+03,1.572133e-01,NaN,NaN,7.551514e-02,3.924422e+16,9.675447e+18,2.632707e+20,3.363157e+18,3.356426e+20,3.002539e+19,9.396881e+20,1.920979e+02,5.143669e+01,1.406612e+02,NaN,NaN,NaN,NaN,3.347320e-02,NaN,6.084682e+06,1.428337e-02
3.259452e+07,2.125534e+03,2.125494e+03,0.000000e+00,3.502982e+03,5.497235e+03,1.567235e-01,NaN,NaN,0.000000e+00,3.927467e+16,9.651936e+18,2.632924e+20,3.375985e+18,3.354329e+20,3.006546e+19,9.400639e+20,1.921218e+02,5.150533e+01,1.406165e+02,NaN,NaN,NaN,NaN,3.345981e-02,NaN,6.085333e+06,1.429389e-02
3.264589e+07,2.125229e+03,2.125291e+03,2.117479e+00,3.491881e+03,5.494347e+03,1.563963e-01,NaN,NaN,7.556154e-02,3.929329e+16,9.635901e+18,2.633102e+20,3.383905e+18,3.352299e+20,3.014575e+19,9.407487e+20,1.922239e+02,5.164287e+01,1.405810e+02,NaN,NaN,NaN,NaN,3.344909e-02,NaN,6.085765e+06,1.430973e-02
3.271285e+07,2.125026e+03,2.124986e+03,0.000000e+00,3.484170e+03,5.490588e+03,1.559045e-01,NaN,NaN,0.000000e+00,3.932350e+16,9.612476e+18,2.633318e+20,3.396752e+18,3.350203e+20,3.018634e+19,9.411284e+20,1.922486e+02,5.171241e+01,1.405362e+02,NaN,NaN,NaN,NaN,3.343568e-02,NaN,6.086413e+06,1.432032e-02
3.276409e+07,2.124720e+03,2.124782e+03,2.116174e+00,3.473119e+03,5.487715e+03,1.555761e-01,NaN,NaN,7.560816e-02,3.934195e+16,9.596499e+18,2.633496e+20,3.404684e+18,3.348178e+20,3.026664e+19,9.418131e+20,1.923505e+02,5.184997e+01,1.405005e+02,NaN,NaN,NaN,NaN,3.342494e-02,NaN,6.086844e+06,1.433626e-02
3.283085e+07,2.124515e+03,2.124475e+03,0.000000e+00,3.465381e+03,5.483977e+03,1.550825e-01,NaN,NaN,0.000000e+00,3.937192e+16,9.573162e+18,2.633711e+20,3.417550e+18,3.346085e+20,3.030775e+19,9.421967e+20,1.923759e+02,5.192040e+01,1.404555e+02,NaN,NaN,NaN,NaN,3.341152e-02,NaN,6.087489e+06,1.434691e-02
3.288196e+07,2.124208e+03,2.124271e+03,2.114863e+00,3.454380e+03,5.481119e+03,1.547528e-01,NaN,NaN,7.565500e-02,3.939021e+16,9.557239e+18,2.633888e+20,3.425495e+18,3.344064e+20,3.038807e+19,9.428814e+20,1.924778e+02,5.205800e+01,1.404198e+02,NaN,NaN,NaN,NaN,3.340076e-02,NaN,6.087918e+06,1.436294e-02
3.294853e+07,2.124004e+03,2.123964e+03,0.000000e+00,3.446612e+03,5.477401e+03,1.542573e-01,NaN,NaN,0.000000e+00,3.941994e+16,9.533989e+18,2.634102e+20,3.438380e+18,3.341972e+20,3.042970e+19,9.432688e+20,1.925040e+02,5.212932e+01,1.403747e+02,NaN,NaN,NaN,NaN,3.338732e-02,NaN,6.088561e+06,1.437366e-02
3.299951e+07,2.123696e+03,2.123758e+03,2.113548e+00,3.435662e+03,5.474558e+03,1.539263e-01,NaN,NaN,7.570208e-02,3.943806e+16,9.518124e+18,2.634279e+20,3.446337e+18,3.339957e+20,3.051004e+19,9.439535e+20,1.926058e+02,5.226695e+01,1.403388e+02,NaN,NaN,NaN,NaN,3.337655e-02,NaN,6.088988e+06,1.438979e-02
3.306589e+07,2.123490e+03,2.123450e+03,0.000000e+00,3.427863e+03,5.470861e+03,1.534290e-01,NaN,NaN,0.000000e+00,3.946756e+16,9.494956e+18,2.634492e+20,3.459244e+18,3.337866e+20,3.055221e+19,9.443450e+20,1.926328e+02,5.233918e+01,1.402936e+02,NaN,NaN,NaN,NaN,3.336309e-02,NaN,6.089629e+06,1.440058e-02
3.311674e+07,2.123181e+03,2.123244e+03,2.112229e+00,3.417561e+03,5.468032e+03,1.530967e-01,NaN,NaN,7.574938e-02,3.948552e+16,9.479151e+18,2.634668e+20,3.467212e+18,3.335855e+20,3.063256e+19,9.450297e+20,1.927344e+02,5.247683e+01,1.402576e+02,NaN,NaN,NaN,NaN,3.335231e-02,NaN,6.090054e+06,1.441681e-02
3.318292e+07,2.122975e+03,2.122935e+03,0.000000e+00,3.409734e+03,5.464356e+03,1.525975e-01,NaN,NaN,0.000000e+00,3.951478e+16,9.456067e+18,2.634880e+20,3.480138e+18,3.333766e+20,3.067525e+19,9.454251e+20,1.927622e+02,5.254997e+01,1.402122e+02,NaN,NaN,NaN,NaN,3.333883e-02,NaN,6.090692e+06,1.442766e-02
3.323364e+07,2.122665e+03,2.122728e+03,2.110904e+00,3.398885e+03,5.461542e+03,1.522641e-01,NaN,NaN,7.579691e-02,3.953258e+16,9.440315e+18,2.635056e+20,3.488121e+18,3.331760e+20,3.075564e+19,9.461099e+20,1.928638e+02,5.268768e+01,1.401761e+02,NaN,NaN,NaN,NaN,3.332803e-02,NaN,6.091116e+06,1.444399e-02
3.329963e+07,2.122458e+03,2.122418e+03,0.000000e+00,3.391030e+03,5.457886e+03,1.517629e-01,NaN,NaN,0.000000e+00,3.956161e+16,9.417315e+18,2.635267e+20,3.501068e+18,3.329672e+20,3.079885e+19,9.465093e+20,1.928923e+02,5.276171e+01,1.401306e+02,NaN,NaN,NaN,NaN,3.331454e-02,NaN,6.091751e+06,1.445491e-02
3.335022e+07,2.122147e+03,2.122210e+03,2.109575e+00,3.380226e+03,5.455086e+03,1.514282e-01,NaN,NaN,7.584468e-02,3.957924e+16,9.401618e+18,2.635442e+20,3.509064e+18,3.327670e+20,3.087927e+19,9.471942e+20,1.929939e+02,5.289947e+01,1.400944e+02,NaN,NaN,NaN,NaN,3.330372e-02,NaN,6.092174e+06,1.447133e-02
3.341602e+07,2.121939e+03,2.121899e+03,0.000000e+00,3.372342e+03,5.451450e+03,1.509252e-01,NaN,NaN,0.000000e+00,3.960804e+16,9.378700e+18,2.635653e+20,3.522032e+18,3.325584e+20,3.092302e+19,9.475975e+20,1.930232e+02,5.297442e+01,1.400488e+02,NaN,NaN,NaN,NaN,3.329021e-02,NaN,6.092807e+06,1.448232e-02
3.346649e+07,2.121627e+03,2.121691e+03,2.108240e+00,3.361592e+03,5.448665e+03,1.505893e-01,NaN,NaN,7.589268e-02,3.962552e+16,9.363060e+18,2.635827e+20,3.530041e+18,3.323587e+20,3.100346e+19,9.482826e+20,1.931247e+02,5.311222e+01,1.400125e+02,NaN,NaN,NaN,NaN,3.327938e-02,NaN,6.093228e+06,1.449885e-02
3.353210e+07,2.121418e+03,2.121378e+03,0.000000e+00,3.353678e+03,5.445049e+03,1.500844e-01,NaN,NaN,0.000000e+00,3.965409e+16,9.340223e+18,2.636037e+20,3.543030e+18,3.321501e+20,3.104774e+19,9.486899e+20,1.931548e+02,5.318809e+01,1.399667e+02,NaN,NaN,NaN,NaN,3.326585e-02,NaN,6.093858e+06,1.450990e-02
3.358244e+07,2.121105e+03,2.121170e+03,2.106901e+00,3.342976e+03,5.442278e+03,1.497472e-01,NaN,NaN,7.594091e-02,3.967140e+16,9.324637e+18,2.636211e+20,3.551053e+18,3.319508e+20,3.112823e+19,9.493751e+20,1.932563e+02,5.332596e+01,1.399303e+02,NaN,NaN,NaN,NaN,3.325500e-02,NaN,6.094278e+06,1.452653e-02
3.364786e+07,2.120896e+03,2.120856e+03,0.000000e+00,3.335037e+03,5.438681e+03,1.492405e-01,NaN,NaN,0.000000e+00,3.969974e+16,9.301882e+18,2.636420e+20,3.564064e+18,3.317424e+20,3.117304e+19,9.497864e+20,1.932871e+02,5.340273e+01,1.398844e+02,NaN,NaN,NaN,NaN,3.324145e-02,NaN,6.094906e+06,1.453765e-02
3.369807e+07,2.120582e+03,2.120647e+03,2.105558e+00,3.324382e+03,5.435924e+03,1.489020e-01,NaN,NaN,7.598937e-02,3.971690e+16,9.286348e+18,2.636593e+20,3.572101e+18,3.315436e+20,3.125356e+19,9.504718e+20,1.933885e+02,5.354068e+01,1.398478e+02,NaN,NaN,NaN,NaN,3.323059e-02,NaN,6.095324e+06,1.455439e-02
3.376330e+07,2.120372e+03,2.120332e+03,0.000000e+00,3.316416e+03,5.432348e+03,1.483934e-01,NaN,NaN,0.000000e+00,3.974502e+16,9.263672e+18,2.636801e+20,3.585135e+18,3.313353e+20,3.129892e+19,9.508872e+20,1.934202e+02,5.361838e+01,1.398018e+02,NaN,NaN,NaN,NaN,3.321702e-02,NaN,6.095949e+06,1.456558e-02
3.381339e+07,2.120057e+03,2.120122e+03,2.104209e+00,3.305810e+03,5.429605e+03,1.480537e-01,NaN,NaN,7.603808e-02,3.976201e+16,9.248195e+18,2.636975e+20,3.593185e+18,3.311369e+20,3.137947e+19,9.515726e+20,1.935216e+02,5.375638e+01,1.397652e+02,NaN,NaN,NaN,NaN,3.320614e-02,NaN,6.096365e+06,1.458241e-02
3.387843e+07,2.119847e+03,2.119807e+03,0.000000e+00,3.297818e+03,5.426047e+03,1.475432e-01,NaN,NaN,0.000000e+00,3.978990e+16,9.225598e+18,2.637182e+20,3.606241e+18,3.309287e+20,3.142536e+19,9.519921e+20,1.935540e+02,5.383499e+01,1.397190e+02,NaN,NaN,NaN,NaN,3.319256e-02,NaN,6.096989e+06,1.459367e-02
3.392840e+07,2.119531e+03,2.119596e+03,2.102856e+00,3.287258e+03,5.423318e+03,1.472022e-01,NaN,NaN,7.608702e-02,3.980674e+16,9.210171e+18,2.637354e+20,3.614306e+18,3.307306e+20,3.150598e+19,9.526780e+20,1.936553e+02,5.397309e+01,1.396822e+02,NaN,NaN,NaN,NaN,3.318166e-02,NaN,6.097404e+06,1.461061e-02
3.399325e+07,2.119320e+03,2.119280e+03,0.000000e+00,3.279241e+03,5.419780e+03,1.466898e-01,NaN,NaN,0.000000e+00,3.983441e+16,9.187655e+18,2.637561e+20,3.627384e+18,3.305226e+20,3.155240e+19,9.531014e+20,1.936885e+02,5.405262e+01,1.396359e+02,NaN,NaN,NaN,NaN,3.316806e-02,NaN,6.098025e+06,1.462194e-02
3.404310e+07,2.119002e+03,2.119068e+03,2.101497e+00,3.268725e+03,5.417065e+03,1.463476e-01,NaN,NaN,7.613619e-02,3.985109e+16,9.172281e+18,2.637733e+20,3.635464e+18,3.303249e+20,3.163306e+19,9.537875e+20,1.937899e+02,5.419080e+01,1.395991e+02,NaN,NaN,NaN,NaN,3.315715e-02,NaN,6.098438e+06,1.463898e-02
3.410777e+07,2.118791e+03,2.118751e+03,0.000000e+00,3.260682e+03,5.413546e+03,1.458334e-01,NaN,NaN,0.000000e+00,3.987854e+16,9.149842e+18,2.637938e+20,3.648566e+18,3.301169e+20,3.168003e+19,9.542151e+20,1.938239e+02,5.427126e+01,1.395526e+02,NaN,NaN,NaN,NaN,3.314353e-02,NaN,6.099057e+06,1.465038e-02
3.415748e+07,2.118472e+03,2.118538e+03,2.100134e+00,3.250217e+03,5.410844e+03,1.454899e-01,NaN,NaN,7.618561e-02,3.989507e+16,9.134521e+18,2.638110e+20,3.656660e+18,3.299197e+20,3.176074e+19,9.549013e+20,1.939251e+02,5.440953e+01,1.395156e+02,NaN,NaN,NaN,NaN,3.313260e-02,NaN,6.099468e+06,1.466753e-02
3.422197e+07,2.118260e+03,2.118220e+03,0.000000e+00,3.242150e+03,5.407344e+03,1.449738e-01,NaN,NaN,0.000000e+00,3.992229e+16,9.112160e+18,2.638315e+20,3.669785e+18,3.297118e+20,3.180825e+19,9.553329e+20,1.939599e+02,5.449092e+01,1.394690e+02,NaN,NaN,NaN,NaN,3.311896e-02,NaN,6.100085e+06,1.467900e-02
3.427156e+07,2.117940e+03,2.118007e+03,2.098766e+00,3.231730e+03,5.404656e+03,1.446290e-01,NaN,NaN,7.623527e-02,3.993866e+16,9.096889e+18,2.638486e+20,3.677895e+18,3.295150e+20,3.188902e+19,9.560198e+20,1.940613e+02,5.462929e+01,1.394320e+02,NaN,NaN,NaN,NaN,3.310801e-02,NaN,6.100495e+06,1.469626e-02
3.433586e+07,2.117727e+03,2.117687e+03,0.000000e+00,3.223638e+03,5.401175e+03,1.441110e-01,NaN,NaN,0.000000e+00,3.996567e+16,9.074604e+18,2.638690e+20,3.691044e+18,3.293072e+20,3.193708e+19,9.564555e+20,1.940968e+02,5.471161e+01,1.393852e+02,NaN,NaN,NaN,NaN,3.309435e-02,NaN,6.101109e+06,1.470780e-02
3.438533e+07,2.117407e+03,2.117474e+03,2.097393e+00,3.213265e+03,5.398500e+03,1.437651e-01,NaN,NaN,7.628517e-02,3.998189e+16,9.059387e+18,2.638860e+20,3.699167e+18,3.291107e+20,3.201790e+19,9.571424e+20,1.941982e+02,5.485007e+01,1.393481e+02,NaN,NaN,NaN,NaN,3.308339e-02,NaN,6.101518e+06,1.472516e-02
3.444945e+07,2.117193e+03,2.117153e+03,0.000000e+00,3.205151e+03,5.395038e+03,1.432452e-01,NaN,NaN,0.000000e+00,4.000867e+16,9.037179e+18,2.639063e+20,3.712340e+18,3.289030e+20,3.206650e+19,9.575823e+20,1.942345e+02,5.493333e+01,1.393012e+02,NaN,NaN,NaN,NaN,3.306971e-02,NaN,6.102130e+06,1.473677e-02
3.449880e+07,2.116872e+03,2.116939e+03,2.096015e+00,3.194822e+03,5.392376e+03,1.428979e-01,NaN,NaN,7.633532e-02,4.002474e+16,9.022010e+18,2.639234e+20,3.720481e+18,3.287069e+20,3.214740e+19,9.582698e+20,1.943358e+02,5.507192e+01,1.392639e+02,NaN,NaN,NaN,NaN,3.305873e-02,NaN,6.102537e+06,1.475424e-02
3.456274e+07,2.116657e+03,2.116617e+03,0.000000e+00,3.186686e+03,5.388932e+03,1.423762e-01,NaN,NaN,0.000000e+00,4.005130e+16,8.999878e+18,2.639436e+20,3.733678e+18,3.284992e+20,3.219654e+19,9.587137e+20,1.943730e+02,5.515610e+01,1.392169e+02,NaN,NaN,NaN,NaN,3.304503e-02,NaN,6.103147e+06,1.476593e-02
3.461197e+07,2.116335e+03,2.116402e+03,2.094633e+00,3.176403e+03,5.386284e+03,1.420277e-01,NaN,NaN,7.638571e-02,4.006722e+16,8.984762e+18,2.639606e+20,3.741833e+18,3.283036e+20,3.227750e+19,9.594015e+20,1.944743e+02,5.529479e+01,1.391795e+02,NaN,NaN,NaN,NaN,3.303403e-02,NaN,6.103553e+06,1.478350e-02
3.467572e+07,2.116119e+03,2.116079e+03,0.000000e+00,3.168239e+03,5.382859e+03,1.415040e-01,NaN,NaN,0.000000e+00,4.009357e+16,8.962704e+18,2.639807e+20,3.755055e+18,3.280959e+20,3.232719e+19,9.598497e+20,1.945122e+02,5.537992e+01,1.391323e+02,NaN,NaN,NaN,NaN,3.302032e-02,NaN,6.104161e+06,1.479526e-02
3.472483e+07,2.115796e+03,2.115864e+03,2.093245e+00,3.158001e+03,5.380223e+03,1.411543e-01,NaN,NaN,7.643635e-02,4.010933e+16,8.947636e+18,2.639976e+20,3.763227e+18,3.279006e+20,3.240823e+19,9.605380e+20,1.946135e+02,5.551875e+01,1.390948e+02,NaN,NaN,NaN,NaN,3.300930e-02,NaN,6.104565e+06,1.481295e-02
3.478840e+07,2.115580e+03,2.115540e+03,0.000000e+00,3.149820e+03,5.376816e+03,1.406563e-01,NaN,NaN,0.000000e+00,4.013546e+16,8.925653e+18,2.640177e+20,3.776474e+18,3.276930e+20,3.245847e+19,9.609902e+20,1.946523e+02,5.560481e+01,1.390475e+02,NaN,NaN,NaN,NaN,3.299557e-02,NaN,6.105170e+06,1.482478e-02
3.483739e+07,2.115255e+03,2.115324e+03,2.091852e+00,3.139628e+03,5.374194e+03,1.403411e-01,NaN,NaN,7.648723e-02,4.015108e+16,8.910636e+18,2.640346e+20,3.784660e+18,3.274981e+20,3.253957e+19,9.616789e+20,1.947536e+02,5.574375e+01,1.390099e+02,NaN,NaN,NaN,NaN,3.298454e-02,NaN,6.105573e+06,1.484258e-02
3.490078e+07,2.115039e+03,2.114999e+03,0.000000e+00,3.131426e+03,5.370805e+03,1.398833e-01,NaN,NaN,0.000000e+00,4.017700e+16,8.888727e+18,2.640546e+20,3.797933e+18,3.272905e+20,3.259037e+19,9.621354e+20,1.947933e+02,5.583077e+01,1.389625e+02,NaN,NaN,NaN,NaN,3.297078e-02,NaN,6.106177e+06,1.485448e-02
3.494965e+07,2.114713e+03,2.114782e+03,2.090455e+00,3.121277e+03,5.368195e+03,1.395862e-01,NaN,NaN,7.653836e-02,4.019246e+16,8.873758e+18,2.640714e+20,3.806137e+18,3.270959e+20,3.267156e+19,9.628247e+20,1.948947e+02,5.596985e+01,1.389248e+02,NaN,NaN,NaN,NaN,3.295973e-02,NaN,6.106578e+06,1.487239e-02
3.501286e+07,2.114496e+03,2.114456e+03,0.000000e+00,3.113054e+03,5.364824e+03,1.391509e-01,NaN,NaN,0.000000e+00,4.021817e+16,8.851922e+18,2.640914e+20,3.819435e+18,3.268884e+20,3.272290e+19,9.632852e+20,1.949350e+02,5.605781e+01,1.388772e+02,NaN,NaN,NaN,NaN,3.294596e-02,NaN,6.107180e+06,1.488437e-02
3.506161e+07,2.114169e+03,2.114238e+03,2.089053e+00,3.103585e+03,5.362227e+03,1.388670e-01,NaN,NaN,7.658975e-02,4.023348e+16,8.837004e+18,2.641081e+20,3.827654e+18,3.266942e+20,3.280416e+19,9.639750e+20,1.950364e+02,5.619702e+01,1.388394e+02,NaN,NaN,NaN,NaN,3.293489e-02,NaN,6.107580e+06,1.490239e-02
3.512465e+07,2.113951e+03,2.113911e+03,0.000000e+00,3.095345e+03,5.358874e+03,1.384493e-01,NaN,NaN,0.000000e+00,4.025898e+16,8.815240e+18,2.641280e+20,3.840978e+18,3.264867e+20,3.285607e+19,9.644399e+20,1.950775e+02,5.628594e+01,1.387916e+02,NaN,NaN,NaN,NaN,3.292110e-02,NaN,6.108179e+06,1.491444e-02
3.517328e+07,2.113623e+03,2.113692e+03,2.087645e+00,3.085286e+03,5.356290e+03,1.381761e-01,NaN,NaN,7.664138e-02,4.027414e+16,8.800369e+18,2.641447e+20,3.849216e+18,3.262928e+20,3.293742e+19,9.651301e+20,1.951790e+02,5.642531e+01,1.387537e+02,NaN,NaN,NaN,NaN,3.291001e-02,NaN,6.108578e+06,1.493257e-02
3.523614e+07,2.113404e+03,2.113364e+03,0.000000e+00,3.077027e+03,5.352954e+03,1.377735e-01,NaN,NaN,0.000000e+00,4.029943e+16,8.778678e+18,2.641645e+20,3.862566e+18,3.260854e+20,3.298988e+19,9.655992e+20,1.952210e+02,5.651517e+01,1.387058e+02,NaN,NaN,NaN,NaN,3.289620e-02,NaN,6.109175e+06,1.494470e-02
3.528465e+07,2.113076e+03,2.113145e+03,2.086233e+00,3.067010e+03,5.350383e+03,1.375097e-01,NaN,NaN,7.669327e-02,4.031444e+16,8.763857e+18,2.641812e+20,3.870818e+18,3.258918e+20,3.307131e+19,9.662900e+20,1.953225e+02,5.665468e+01,1.386678e+02,NaN,NaN,NaN,NaN,3.288510e-02,NaN,6.109572e+06,1.496295e-02
3.534733e+07,2.112856e+03,2.112816e+03,0.000000e+00,3.058732e+03,5.347065e+03,1.371197e-01,NaN,NaN,0.000000e+00,4.033952e+16,8.742237e+18,2.642009e+20,3.884195e+18,3.256844e+20,3.312433e+19,9.667633e+20,1.953653e+02,5.674550e+01,1.386198e+02,NaN,NaN,NaN,NaN,3.287126e-02,NaN,6.110167e+06,1.497515e-02
3.539573e+07,2.112526e+03,2.112596e+03,2.084815e+00,3.048761e+03,5.344506e+03,1.368618e-01,NaN,NaN,7.674541e-02,4.035439e+16,8.727461e+18,2.642176e+20,3.892467e+18,3.254911e+20,3.320587e+19,9.674549e+20,1.954668e+02,5.688518e+01,1.385816e+02,NaN,NaN,NaN,NaN,3.286014e-02,NaN,6.110563e+06,1.499351e-02
3.545823e+07,2.112306e+03,2.112266e+03,0.000000e+00,3.040463e+03,5.341205e+03,1.364775e-01,NaN,NaN,0.000000e+00,4.037926e+16,8.705913e+18,2.642372e+20,3.905870e+18,3.252837e+20,3.325945e+19,9.679325e+20,1.955105e+02,5.697697e+01,1.385335e+02,NaN,NaN,NaN,NaN,3.284629e-02,NaN,6.111156e+06,1.500579e-02
3.550651e+07,2.111975e+03,2.112045e+03,2.083393e+00,3.030537e+03,5.338659e+03,1.362229e-01,NaN,NaN,7.679781e-02,4.039398e+16,8.691187e+18,2.642538e+20,3.914157e+18,3.250908e+20,3.334106e+19,9.686245e+20,1.956120e+02,5.711679e+01,1.384952e+02,NaN,NaN,NaN,NaN,3.283515e-02,NaN,6.111551e+06,1.502427e-02
3.556884e+07,2.111754e+03,2.111714e+03,0.000000e+00,3.022222e+03,5.335375e+03,1.358432e-01,NaN,NaN,0.000000e+00,4.041864e+16,8.669709e+18,2.642733e+20,3.927588e+18,3.248834e+20,3.339520e+19,9.691062e+20,1.956565e+02,5.720954e+01,1.384470e+02,NaN,NaN,NaN,NaN,3.282128e-02,NaN,6.112142e+06,1.503663e-02
3.561700e+07,2.111422e+03,2.111493e+03,2.081965e+00,3.012337e+03,5.332841e+03,1.355915e-01,NaN,NaN,7.685046e-02,4.043322e+16,8.655029e+18,2.642899e+20,3.935894e+18,3.246908e+20,3.347693e+19,9.697992e+20,1.957581e+02,5.734954e+01,1.384086e+02,NaN,NaN,NaN,NaN,3.281012e-02,NaN,6.112535e+06,1.505522e-02
3.567915e+07,2.111201e+03,2.111161e+03,0.000000e+00,3.004005e+03,5.329575e+03,1.352162e-01,NaN,NaN,0.000000e+00,4.045767e+16,8.633621e+18,2.643094e+20,3.949352e+18,3.244834e+20,3.353163e+19,9.702852e+20,1.958035e+02,5.744326e+01,1.383602e+02,NaN,NaN,NaN,NaN,3.279623e-02,NaN,6.113124e+06,1.506766e-02
3.572720e+07,2.110867e+03,2.110939e+03,2.080533e+00,2.994162e+03,5.327053e+03,1.349673e-01,NaN,NaN,7.690338e-02,4.047210e+16,8.618989e+18,2.643259e+20,3.957675e+18,3.242911e+20,3.361345e+19,9.709787e+20,1.959051e+02,5.758342e+01,1.383217e+02,NaN,NaN,NaN,NaN,3.278506e-02,NaN,6.113516e+06,1.508637e-02
3.578918e+07,2.110645e+03,2.110605e+03,0.000000e+00,2.985813e+03,5.323803e+03,1.345959e-01,NaN,NaN,0.000000e+00,4.049635e+16,8.597651e+18,2.643453e+20,3.971161e+18,3.240837e+20,3.366873e+19,9.714690e+20,1.959512e+02,5.767811e+01,1.382731e+02,NaN,NaN,NaN,NaN,3.277114e-02,NaN,6.114103e+06,1.509888e-02
3.583711e+07,2.110311e+03,2.110382e+03,2.079095e+00,2.976014e+03,5.321293e+03,1.343496e-01,NaN,NaN,7.695655e-02,4.051064e+16,8.583065e+18,2.643618e+20,3.979502e+18,3.238917e+20,3.375065e+19,9.721632e+20,1.960530e+02,5.781845e+01,1.382345e+02,NaN,NaN,NaN,NaN,3.275995e-02,NaN,6.114494e+06,1.511771e-02
3.589892e+07,2.110088e+03,2.110048e+03,0.000000e+00,2.967646e+03,5.318061e+03,1.339819e-01,NaN,NaN,0.000000e+00,4.053468e+16,8.561796e+18,2.643811e+20,3.993015e+18,3.236843e+20,3.380649e+19,9.726580e+20,1.960999e+02,5.791412e+01,1.381858e+02,NaN,NaN,NaN,NaN,3.274602e-02,NaN,6.115079e+06,1.513030e-02
3.594673e+07,2.109753e+03,2.109825e+03,2.077653e+00,2.957889e+03,5.315563e+03,1.337380e-01,NaN,NaN,7.700998e-02,4.054883e+16,8.547255e+18,2.643976e+20,4.001375e+18,3.234926e+20,3.388853e+19,9.733529e+20,1.962018e+02,5.805466e+01,1.381471e+02,NaN,NaN,NaN,NaN,3.273481e-02,NaN,6.115468e+06,1.514925e-02
3.600837e+07,2.109529e+03,2.109489e+03,0.000000e+00,2.949508e+03,5.312347e+03,1.333739e-01,NaN,NaN,0.000000e+00,4.057267e+16,8.526055e+18,2.644168e+20,4.014917e+18,3.232851e+20,3.394494e+19,9.738519e+20,1.962496e+02,5.815129e+01,1.380983e+02,NaN,NaN,NaN,NaN,3.272085e-02,NaN,6.116051e+06,1.516192e-02
3.605607e+07,2.109193e+03,2.109265e+03,2.076205e+00,2.939794e+03,5.309861e+03,1.331323e-01,NaN,NaN,7.706368e-02,4.058667e+16,8.511562e+18,2.644332e+20,4.023294e+18,3.230937e+20,3.402708e+19,9.745476e+20,1.963515e+02,5.829201e+01,1.380595e+02,NaN,NaN,NaN,NaN,3.270963e-02,NaN,6.116439e+06,1.518099e-02
3.611753e+07,2.108968e+03,2.108928e+03,0.000000e+00,2.931398e+03,5.306662e+03,1.327715e-01,NaN,NaN,0.000000e+00,4.061031e+16,8.490430e+18,2.644524e+20,4.036865e+18,3.228863e+20,3.408406e+19,9.750510e+20,1.964001e+02,5.838963e+01,1.380105e+02,NaN,NaN,NaN,NaN,3.269565e-02,NaN,6.117020e+06,1.519374e-02
3.616512e+07,2.108631e+03,2.108703e+03,2.074752e+00,2.921725e+03,5.304188e+03,1.325321e-01,NaN,NaN,7.711765e-02,4.062416e+16,8.475981e+18,2.644688e+20,4.045261e+18,3.226952e+20,3.416632e+19,9.757475e+20,1.965022e+02,5.853055e+01,1.379716e+02,NaN,NaN,NaN,NaN,3.268441e-02,NaN,6.117407e+06,1.521293e-02
3.622641e+07,2.108406e+03,2.108366e+03,0.000000e+00,2.913314e+03,5.301005e+03,1.321745e-01,NaN,NaN,0.000000e+00,4.064760e+16,8.454916e+18,2.644879e+20,4.058861e+18,3.224876e+20,3.422388e+19,9.762553e+20,1.965516e+02,5.862915e+01,1.379224e+02,NaN,NaN,NaN,NaN,3.267041e-02,NaN,6.117986e+06,1.522576e-02
3.627388e+07,2.108067e+03,2.108140e+03,2.073294e+00,2.903683e+03,5.298543e+03,1.319372e-01,NaN,NaN,7.717187e-02,4.066132e+16,8.440513e+18,2.645042e+20,4.067276e+18,3.222968e+20,3.430626e+19,9.769526e+20,1.966537e+02,5.877027e+01,1.378834e+02,NaN,NaN,NaN,NaN,3.265915e-02,NaN,6.118372e+06,1.524507e-02
3.633501e+07,2.107841e+03,2.107801e+03,0.000000e+00,2.895259e+03,5.295376e+03,1.315826e-01,NaN,NaN,0.000000e+00,4.068455e+16,8.419516e+18,2.645232e+20,4.080904e+18,3.220893e+20,3.436439e+19,9.774648e+20,1.967041e+02,5.886986e+01,1.378342e+02,NaN,NaN,NaN,NaN,3.264513e-02,NaN,6.118949e+06,1.525799e-02
3.638237e+07,2.107502e+03,2.107575e+03,2.071831e+00,2.885670e+03,5.292926e+03,1.313473e-01,NaN,NaN,7.722637e-02,4.069813e+16,8.405159e+18,2.645395e+20,4.089338e+18,3.218987e+20,3.444689e+19,9.781629e+20,1.968062e+02,5.901118e+01,1.377950e+02,NaN,NaN,NaN,NaN,3.263385e-02,NaN,6.119333e+06,1.527742e-02
3.644332e+07,2.107275e+03,2.107235e+03,0.000000e+00,2.877232e+03,5.289776e+03,1.309957e-01,NaN,NaN,0.000000e+00,4.072117e+16,8.384228e+18,2.645585e+20,4.102996e+18,3.216911e+20,3.450560e+19,9.786794e+20,1.968574e+02,5.911176e+01,1.377456e+02,NaN,NaN,NaN,NaN,3.261982e-02,NaN,6.119909e+06,1.529041e-02
3.649056e+07,2.106935e+03,2.107008e+03,2.070363e+00,2.867680e+03,5.287337e+03,1.307622e-01,NaN,NaN,7.728114e-02,4.073460e+16,8.369914e+18,2.645747e+20,4.111449e+18,3.215008e+20,3.458822e+19,9.793786e+20,1.969596e+02,5.925331e+01,1.377063e+02,NaN,NaN,NaN,NaN,3.260852e-02,NaN,6.120292e+06,1.530997e-02
3.655135e+07,2.106707e+03,2.106667e+03,0.000000e+00,2.859229e+03,5.284203e+03,1.304134e-01,NaN,NaN,0.000000e+00,4.075744e+16,8.349050e+18,2.645936e+20,4.125137e+18,3.212932e+20,3.464752e+19,9.798995e+20,1.970117e+02,5.935488e+01,1.376568e+02,NaN,NaN,NaN,NaN,3.259446e-02,NaN,6.120865e+06,1.532305e-02
3.659848e+07,2.106365e+03,2.106439e+03,2.068890e+00,2.849722e+03,5.281775e+03,1.301818e-01,NaN,NaN,7.733617e-02,4.077073e+16,8.334782e+18,2.646098e+20,4.133609e+18,3.211032e+20,3.473027e+19,9.805995e+20,1.971140e+02,5.949664e+01,1.376174e+02,NaN,NaN,NaN,NaN,3.258314e-02,NaN,6.121247e+06,1.534273e-02
3.665910e+07,2.106137e+03,2.106097e+03,0.000000e+00,2.841259e+03,5.278657e+03,1.298358e-01,NaN,NaN,0.000000e+00,4.079337e+16,8.313984e+18,2.646286e+20,4.147327e+18,3.208955e+20,3.479014e+19,9.811248e+20,1.971670e+02,5.959921e+01,1.375678e+02,NaN,NaN,NaN,NaN,3.256907e-02,NaN,6.121819e+06,1.535589e-02
3.670612e+07,2.105795e+03,2.105869e+03,2.067411e+00,2.831792e+03,5.276241e+03,1.296059e-01,NaN,NaN,7.739148e-02,4.080653e+16,8.299759e+18,2.646448e+20,4.155819e+18,3.207057e+20,3.487302e+19,9.818256e+20,1.972695e+02,5.974119e+01,1.375283e+02,NaN,NaN,NaN,NaN,3.255773e-02,NaN,6.122199e+06,1.537570e-02
3.676657e+07,2.105566e+03,2.105526e+03,0.000000e+00,2.823316e+03,5.273139e+03,1.292625e-01,NaN,NaN,0.000000e+00,4.082897e+16,8.279027e+18,2.646635e+20,4.169567e+18,3.204980e+20,3.493348e+19,9.823556e+20,1.973233e+02,5.984476e+01,1.374785e+02,NaN,NaN,NaN,NaN,3.254363e-02,NaN,6.122769e+06,1.538895e-02
3.681348e+07,2.105222e+03,2.105297e+03,2.065927e+00,2.814566e+03,5.270734e+03,1.290344e-01,NaN,NaN,7.744706e-02,4.084199e+16,8.264846e+18,2.646797e+20,4.178079e+18,3.203084e+20,3.501649e+19,9.830573e+20,1.974259e+02,5.998698e+01,1.374389e+02,NaN,NaN,NaN,NaN,3.253228e-02,NaN,6.123148e+06,1.540888e-02
3.687376e+07,2.104992e+03,2.104952e+03,0.000000e+00,2.806083e+03,5.267648e+03,1.286935e-01,NaN,NaN,0.000000e+00,4.086424e+16,8.244179e+18,2.646984e+20,4.191857e+18,3.201006e+20,3.507754e+19,9.835918e+20,1.974805e+02,6.009156e+01,1.373889e+02,NaN,NaN,NaN,NaN,3.251816e-02,NaN,6.123716e+06,1.542221e-02
3.692056e+07,2.104647e+03,2.104722e+03,2.064438e+00,2.796702e+03,5.265254e+03,1.284671e-01,NaN,NaN,7.750292e-02,4.087711e+16,8.230041e+18,2.647144e+20,4.200389e+18,3.199113e+20,3.516069e+19,9.842945e+20,1.975832e+02,6.023401e+01,1.373492e+02,NaN,NaN,NaN,NaN,3.250679e-02,NaN,6.124094e+06,1.544227e-02
3.698067e+07,2.104417e+03,2.104377e+03,0.000000e+00,2.788208e+03,5.262183e+03,1.281287e-01,NaN,NaN,0.000000e+00,4.089917e+16,8.209438e+18,2.647331e+20,4.214199e+18,3.197034e+20,3.522233e+19,9.848334e+20,1.976387e+02,6.033960e+01,1.372991e+02,NaN,NaN,NaN,NaN,3.249265e-02,NaN,6.124661e+06,1.545569e-02
3.702736e+07,2.104071e+03,2.104146e+03,2.062944e+00,2.778868e+03,5.259801e+03,1.279039e-01,NaN,NaN,7.755906e-02,4.091191e+16,8.195345e+18,2.647491e+20,4.222750e+18,3.195144e+20,3.530562e+19,9.855372e+20,1.977416e+02,6.048228e+01,1.372593e+02,NaN,NaN,NaN,NaN,3.248126e-02,NaN,6.125037e+06,1.547588e-02
3.708731e+07,2.103840e+03,2.103800e+03,0.000000e+00,2.770377e+03,5.256746e+03,1.275679e-01,NaN,NaN,0.000000e+00,4.093377e+16,8.174807e+18,2.647676e+20,4.236591e+18,3.193064e+20,3.536784e+19,9.860806e+20,1.977980e+02,6.058888e+01,1.372091e+02,NaN,NaN,NaN,NaN,3.246709e-02,NaN,6.125602e+06,1.548938e-02
3.713389e+07,2.103493e+03,2.103568e+03,2.061445e+00,2.761077e+03,5.254375e+03,1.273446e-01,NaN,NaN,7.761547e-02,4.094637e+16,8.160756e+18,2.647836e+20,4.245163e+18,3.191176e+20,3.545128e+19,9.867854e+20,1.979010e+02,6.073181e+01,1.371692e+02,NaN,NaN,NaN,NaN,3.245569e-02,NaN,6.125978e+06,1.550970e-02
3.719367e+07,2.103261e+03,2.103221e+03,0.000000e+00,2.752563e+03,5.251335e+03,1.270110e-01,NaN,NaN,0.000000e+00,4.096803e+16,8.140282e+18,2.648021e+20,4.259035e+18,3.189095e+20,3.551410e+19,9.873333e+20,1.979582e+02,6.083943e+01,1.371188e+02,NaN,NaN,NaN,NaN,3.244150e-02,NaN,6.126540e+06,1.552329e-02
3.724014e+07,2.102913e+03,2.102989e+03,2.059940e+00,2.743303e+03,5.248975e+03,1.267893e-01,NaN,NaN,7.767216e-02,4.098050e+16,8.126273e+18,2.648181e+20,4.267628e+18,3.187210e+20,3.559768e+19,9.880392e+20,1.980614e+02,6.098262e+01,1.370788e+02,NaN,NaN,NaN,NaN,3.243008e-02,NaN,6.126915e+06,1.554374e-02
3.729976e+07,2.102680e+03,2.102640e+03,0.000000e+00,2.734780e+03,5.245950e+03,1.264580e-01,NaN,NaN,0.000000e+00,4.100197e+16,8.105863e+18,2.648365e+20,4.281532e+18,3.185128e+20,3.566110e+19,9.885917e+20,1.981196e+02,6.109126e+01,1.370283e+02,NaN,NaN,NaN,NaN,3.241587e-02,NaN,6.127476e+06,1.555742e-02
3.734612e+07,2.102331e+03,2.102407e+03,2.058430e+00,2.725560e+03,5.243601e+03,1.262378e-01,NaN,NaN,7.772914e-02,4.101430e+16,8.091897e+18,2.648524e+20,4.290145e+18,3.183244e+20,3.574483e+19,9.892987e+20,1.982228e+02,6.123470e+01,1.369881e+02,NaN,NaN,NaN,NaN,3.240443e-02,NaN,6.127849e+06,1.557800e-02
3.740558e+07,2.102097e+03,2.102057e+03,0.000000e+00,2.717028e+03,5.240591e+03,1.259087e-01,NaN,NaN,0.000000e+00,4.103559e+16,8.071550e+18,2.648708e+20,4.304081e+18,3.181162e+20,3.580885e+19,9.898557e+20,1.982819e+02,6.134436e+01,1.369375e+02,NaN,NaN,NaN,NaN,3.239020e-02,NaN,6.128408e+06,1.559177e-02
3.745183e+07,2.101747e+03,2.101824e+03,2.056915e+00,2.707849e+03,5.238253e+03,1.256900e-01,NaN,NaN,7.778640e-02,4.104778e+16,8.057627e+18,2.648867e+20,4.312714e+18,3.179280e+20,3.589273e+19,9.905638e+20,1.983853e+02,6.148806e+01,1.368972e+02,NaN,NaN,NaN,NaN,3.237874e-02,NaN,6.128780e+06,1.561249e-02
3.751112e+07,2.101513e+03,2.101473e+03,0.000000e+00,2.699309e+03,5.235259e+03,1.253631e-01,NaN,NaN,0.000000e+00,4.106887e+16,8.037343e+18,2.649050e+20,4.326682e+18,3.177197e+20,3.595734e+19,9.911254e+20,1.984451e+02,6.159875e+01,1.368464e+02,NaN,NaN,NaN,NaN,3.236449e-02,NaN,6.129338e+06,1.562634e-02
3.755726e+07,2.101161e+03,2.101239e+03,2.055394e+00,2.690169e+03,5.232931e+03,1.251459e-01,NaN,NaN,7.784395e-02,4.108093e+16,8.023462e+18,2.649208e+20,4.335338e+18,3.175317e+20,3.604139e+19,9.918346e+20,1.985488e+02,6.174273e+01,1.368061e+02,NaN,NaN,NaN,NaN,3.235301e-02,NaN,6.129709e+06,1.564719e-02
3.761639e+07,2.100927e+03,2.100887e+03,0.000000e+00,2.681622e+03,5.229952e+03,1.248211e-01,NaN,NaN,0.000000e+00,4.110183e+16,8.003240e+18,2.649390e+20,4.349338e+18,3.173233e+20,3.610660e+19,9.924008e+20,1.986096e+02,6.185445e+01,1.367551e+02,NaN,NaN,NaN,NaN,3.233875e-02,NaN,6.130264e+06,1.566114e-02
3.766243e+07,2.100574e+03,2.100652e+03,2.053868e+00,2.672517e+03,5.227635e+03,1.246053e-01,NaN,NaN,7.790178e-02,4.111375e+16,7.989400e+18,2.649548e+20,4.358015e+18,3.171355e+20,3.619081e+19,9.931113e+20,1.987134e+02,6.199871e+01,1.367147e+02,NaN,NaN,NaN,NaN,3.232725e-02,NaN,6.130634e+06,1.568212e-02
3.772139e+07,2.100338e+03,2.100298e+03,0.000000e+00,2.663962e+03,5.224671e+03,1.242827e-01,NaN,NaN,0.000000e+00,4.113447e+16,7.969240e+18,2.649730e+20,4.372049e+18,3.169269e+20,3.625663e+19,9.936820e+20,1.987751e+02,6.211146e+01,1.366636e+02,NaN,NaN,NaN,NaN,3.231296e-02,NaN,6.131188e+06,1.569616e-02
3.776732e+07,2.099985e+03,2.100063e+03,2.052337e+00,2.654901e+03,5.222365e+03,1.240683e-01,NaN,NaN,7.795990e-02,4.114626e+16,7.955442e+18,2.649887e+20,4.380747e+18,3.167394e+20,3.634100e+19,9.943937e+20,1.988790e+02,6.225599e+01,1.366230e+02,NaN,NaN,NaN,NaN,3.230144e-02,NaN,6.131557e+06,1.571728e-02
3.782613e+07,2.099748e+03,2.099708e+03,0.000000e+00,2.646341e+03,5.219415e+03,1.237477e-01,NaN,NaN,0.000000e+00,4.116678e+16,7.935344e+18,2.650068e+20,4.394814e+18,3.165307e+20,3.640743e+19,9.949692e+20,1.989416e+02,6.236980e+01,1.365718e+02,NaN,NaN,NaN,NaN,3.228713e-02,NaN,6.132109e+06,1.573141e-02
3.787194e+07,2.099393e+03,2.099472e+03,2.050801e+00,2.637319e+03,5.217119e+03,1.235346e-01,NaN,NaN,7.801832e-02,4.117844e+16,7.921588e+18,2.650226e+20,4.403532e+18,3.163434e+20,3.649195e+19,9.956820e+20,1.990457e+02,6.251460e+01,1.365311e+02,NaN,NaN,NaN,NaN,3.227559e-02,NaN,6.132476e+06,1.575267e-02
3.793059e+07,2.099156e+03,2.099116e+03,0.000000e+00,2.628753e+03,5.214184e+03,1.232161e-01,NaN,NaN,0.000000e+00,4.119877e+16,7.901551e+18,2.650406e+20,4.417633e+18,3.161345e+20,3.655899e+19,9.962622e+20,1.991093e+02,6.262945e+01,1.364798e+02,NaN,NaN,NaN,NaN,3.226126e-02,NaN,6.133027e+06,1.576688e-02
3.797630e+07,2.098800e+03,2.098879e+03,2.049259e+00,2.619771e+03,5.211899e+03,1.230044e-01,NaN,NaN,7.807702e-02,4.121030e+16,7.887836e+18,2.650563e+20,4.426374e+18,3.159474e+20,3.664369e+19,9.969763e+20,1.992135e+02,6.277455e+01,1.364390e+02,NaN,NaN,NaN,NaN,3.224971e-02,NaN,6.133393e+06,1.578828e-02
3.803479e+07,2.098562e+03,2.098522e+03,0.000000e+00,2.611199e+03,5.208978e+03,1.226878e-01,NaN,NaN,0.000000e+00,4.123045e+16,7.867861e+18,2.650742e+20,4.440508e+18,3.157384e+20,3.671135e+19,9.975611e+20,1.992779e+02,6.289044e+01,1.363875e+02,NaN,NaN,NaN,NaN,3.223536e-02,NaN,6.133942e+06,1.580259e-02
3.808039e+07,2.098205e+03,2.098284e+03,2.047711e+00,2.602255e+03,5.206704e+03,1.224774e-01,NaN,NaN,7.813602e-02,4.124184e+16,7.854186e+18,2.650899e+20,4.449271e+18,3.155514e+20,3.679622e+19,9.982764e+20,1.993824e+02,6.303584e+01,1.363466e+02,NaN,NaN,NaN,NaN,3.222378e-02,NaN,6.134308e+06,1.582413e-02
3.813872e+07,2.097967e+03,2.097927e+03,0.000000e+00,2.593678e+03,5.203798e+03,1.221629e-01,NaN,NaN,0.000000e+00,4.126180e+16,7.834272e+18,2.651078e+20,4.463439e+18,3.153423e+20,3.686449e+19,9.988660e+20,1.994478e+02,6.315279e+01,1.362950e+02,NaN,NaN,NaN,NaN,3.220941e-02,NaN,6.134855e+06,1.583854e-02
3.818421e+07,2.097608e+03,2.097688e+03,2.046158e+00,2.584774e+03,5.201533e+03,1.219538e-01,NaN,NaN,7.819532e-02,4.127306e+16,7.820637e+18,2.651234e+20,4.472225e+18,3.151555e+20,3.694954e+19,9.995827e+20,1.995524e+02,6.329850e+01,1.362539e+02,NaN,NaN,NaN,NaN,3.219782e-02,NaN,6.135219e+06,1.586022e-02
3.824238e+07,2.097369e+03,2.097329e+03,0.000000e+00,2.576193e+03,5.198642e+03,1.216411e-01,NaN,NaN,0.000000e+00,4.129284e+16,7.800783e+18,2.651412e+20,4.486426e+18,3.149462e+20,3.701842e+19,1.000177e+21,1.996187e+02,6.341650e+01,1.362022e+02,NaN,NaN,NaN,NaN,3.218342e-02,NaN,6.135765e+06,1.587472e-02
3.828777e+07,2.097010e+03,2.097089e+03,2.044600e+00,2.567324e+03,5.196388e+03,1.214334e-01,NaN,NaN,7.825491e-02,4.130397e+16,7.787189e+18,2.651568e+20,4.495235e+18,3.147596e+20,3.710366e+19,1.000895e+21,1.997235e+02,6.356251e+01,1.361610e+02,NaN,NaN,NaN,NaN,3.217181e-02,NaN,6.136128e+06,1.589654e-02
3.834578e+07,2.096770e+03,2.096730e+03,0.000000e+00,2.559453e+03,5.193510e+03,1.211226e-01,NaN,NaN,0.000000e+00,4.132356e+16,7.767395e+18,2.651746e+20,4.509471e+18,3.145502e+20,3.717316e+19,1.001494e+21,1.997908e+02,6.368157e+01,1.361092e+02,NaN,NaN,NaN,NaN,3.215740e-02,NaN,6.136672e+06,1.591113e-02
3.839107e+07,2.096409e+03,2.096489e+03,2.043036e+00,2.550631e+03,5.191266e+03,1.209161e-01,NaN,NaN,7.831481e-02,4.133456e+16,7.753843e+18,2.651901e+20,4.518302e+18,3.143638e+20,3.725857e+19,1.002213e+21,1.998958e+02,6.382790e+01,1.360679e+02,NaN,NaN,NaN,NaN,3.214577e-02,NaN,6.137034e+06,1.593310e-02
3.844892e+07,2.096168e+03,2.096128e+03,0.000000e+00,2.542048e+03,5.188403e+03,1.206073e-01,NaN,NaN,0.000000e+00,4.135397e+16,7.734108e+18,2.652078e+20,4.532573e+18,3.141542e+20,3.732870e+19,1.002817e+21,1.999639e+02,6.394803e+01,1.360159e+02,NaN,NaN,NaN,NaN,3.213133e-02,NaN,6.137576e+06,1.594779e-02
3.849410e+07,2.095806e+03,2.095887e+03,2.041467e+00,2.533264e+03,5.186169e+03,1.204020e-01,NaN,NaN,7.837501e-02,4.136484e+16,7.720596e+18,2.652234e+20,4.541426e+18,3.139679e+20,3.741429e+19,1.003538e+21,2.000692e+02,6.409467e+01,1.359745e+02,NaN,NaN,NaN,NaN,3.211968e-02,NaN,6.137937e+06,1.596990e-02
3.855179e+07,2.095565e+03,2.095525e+03,0.000000e+00,2.524678e+03,5.183320e+03,1.200951e-01,NaN,NaN,0.000000e+00,4.138407e+16,7.700921e+18,2.652410e+20,4.555733e+18,3.137581e+20,3.748504e+19,1.004146e+21,2.001383e+02,6.421587e+01,1.359224e+02,NaN,NaN,NaN,NaN,3.210523e-02,NaN,6.138478e+06,1.598469e-02
3.859687e+07,2.095202e+03,2.095283e+03,2.039892e+00,2.515934e+03,5.181096e+03,1.198911e-01,NaN,NaN,7.843551e-02,4.139480e+16,7.687448e+18,2.652565e+20,4.564609e+18,3.135720e+20,3.757083e+19,1.004869e+21,2.002437e+02,6.436283e+01,1.358809e+02,NaN,NaN,NaN,NaN,3.209356e-02,NaN,6.138838e+06,1.600694e-02
3.865440e+07,2.094960e+03,2.094920e+03,0.000000e+00,2.507346e+03,5.178261e+03,1.195860e-01,NaN,NaN,0.000000e+00,4.141385e+16,7.667832e+18,2.652740e+20,4.578951e+18,3.133621e+20,3.764221e+19,1.005482e+21,2.003137e+02,6.448511e+01,1.358286e+02,NaN,NaN,NaN,NaN,3.207908e-02,NaN,6.139377e+06,1.602183e-02
3.869937e+07,2.094595e+03,2.094677e+03,2.038312e+00,2.498640e+03,5.176047e+03,1.193832e-01,NaN,NaN,7.849631e-02,4.142445e+16,7.654398e+18,2.652895e+20,4.587850e+18,3.131761e+20,3.772819e+19,1.006205e+21,2.004194e+02,6.463240e+01,1.357870e+02,NaN,NaN,NaN,NaN,3.206739e-02,NaN,6.139735e+06,1.604423e-02
3.875675e+07,2.094352e+03,2.094312e+03,0.000000e+00,2.490050e+03,5.173226e+03,1.190799e-01,NaN,NaN,0.000000e+00,4.144332e+16,7.634842e+18,2.653070e+20,4.602227e+18,3.129660e+20,3.780019e+19,1.006824e+21,2.004904e+02,6.475576e+01,1.357346e+02,NaN,NaN,NaN,NaN,3.205290e-02,NaN,6.140273e+06,1.605922e-02
3.880162e+07,2.093987e+03,2.094069e+03,2.036727e+00,2.481384e+03,5.171022e+03,1.188783e-01,NaN,NaN,7.855743e-02,4.145379e+16,7.621447e+18,2.653224e+20,4.611151e+18,3.127802e+20,3.788637e+19,1.007549e+21,2.005963e+02,6.490339e+01,1.356929e+02,NaN,NaN,NaN,NaN,3.204119e-02,NaN,6.140631e+06,1.608177e-02
3.885884e+07,2.093743e+03,2.093703e+03,0.000000e+00,2.472790e+03,5.168215e+03,1.185768e-01,NaN,NaN,0.000000e+00,4.147248e+16,7.601949e+18,2.653399e+20,4.625564e+18,3.125699e+20,3.795901e+19,1.008172e+21,2.006681e+02,6.502783e+01,1.356403e+02,NaN,NaN,NaN,NaN,3.202667e-02,NaN,6.141167e+06,1.609685e-02
3.890361e+07,2.093377e+03,2.093459e+03,2.035135e+00,2.464161e+03,5.166021e+03,1.183764e-01,NaN,NaN,7.861885e-02,4.148283e+16,7.588594e+18,2.653552e+20,4.634511e+18,3.123842e+20,3.804539e+19,1.008898e+21,2.007743e+02,6.517580e+01,1.355985e+02,NaN,NaN,NaN,NaN,3.201495e-02,NaN,6.141523e+06,1.611955e-02
3.896067e+07,2.093132e+03,2.093092e+03,0.000000e+00,2.455570e+03,5.163227e+03,1.180767e-01,NaN,NaN,0.000000e+00,4.150133e+16,7.569154e+18,2.653726e+20,4.648959e+18,3.121737e+20,3.811866e+19,1.009526e+21,2.008471e+02,6.530132e+01,1.355458e+02,NaN,NaN,NaN,NaN,3.200041e-02,NaN,6.142058e+06,1.613474e-02
3.900533e+07,2.092765e+03,2.092847e+03,2.033538e+00,2.446980e+03,5.161043e+03,1.178775e-01,NaN,NaN,7.868059e-02,4.151155e+16,7.555838e+18,2.653880e+20,4.657930e+18,3.119881e+20,3.820525e+19,1.010254e+21,2.009536e+02,6.544965e+01,1.355039e+02,NaN,NaN,NaN,NaN,3.198866e-02,NaN,6.142413e+06,1.615759e-02
3.906225e+07,2.092519e+03,2.092479e+03,0.000000e+00,2.438388e+03,5.158263e+03,1.175794e-01,NaN,NaN,0.000000e+00,4.152988e+16,7.536456e+18,2.654053e+20,4.672416e+18,3.117775e+20,3.827915e+19,1.010887e+21,2.010274e+02,6.557626e+01,1.354511e+02,NaN,NaN,NaN,NaN,3.197410e-02,NaN,6.142946e+06,1.617287e-02
3.910680e+07,2.092151e+03,2.092234e+03,2.031936e+00,2.429836e+03,5.156088e+03,1.173810e-01,NaN,NaN,7.874264e-02,4.153997e+16,7.523179e+18,2.654206e+20,4.681411e+18,3.115920e+20,3.836594e+19,1.011617e+21,2.011341e+02,6.572495e+01,1.354091e+02,NaN,NaN,NaN,NaN,3.196234e-02,NaN,6.143301e+06,1.619588e-02
3.916356e+07,2.091904e+03,2.091864e+03,0.000000e+00,2.421245e+03,5.153321e+03,1.170840e-01,NaN,NaN,0.000000e+00,4.155812e+16,7.503855e+18,2.654379e+20,4.695932e+18,3.113812e+20,3.844049e+19,1.012255e+21,2.012088e+02,6.585265e+01,1.353561e+02,NaN,NaN,NaN,NaN,3.194776e-02,NaN,6.143832e+06,1.621127e-02
3.920802e+07,2.091535e+03,2.091618e+03,2.030328e+00,2.412731e+03,5.151157e+03,1.168864e-01,NaN,NaN,7.880500e-02,4.156808e+16,7.490617e+18,2.654531e+20,4.704951e+18,3.111959e+20,3.852749e+19,1.012986e+21,2.013157e+02,6.600169e+01,1.353140e+02,NaN,NaN,NaN,NaN,3.193598e-02,NaN,6.144186e+06,1.623443e-02
3.926462e+07,2.091288e+03,2.091248e+03,0.000000e+00,2.404141e+03,5.148403e+03,1.165905e-01,NaN,NaN,0.000000e+00,4.158605e+16,7.471350e+18,2.654703e+20,4.719510e+18,3.109848e+20,3.860268e+19,1.013628e+21,2.013914e+02,6.613051e+01,1.352609e+02,NaN,NaN,NaN,NaN,3.192138e-02,NaN,6.144715e+06,1.624992e-02
3.930897e+07,2.090917e+03,2.091000e+03,2.028714e+00,2.395664e+03,5.146248e+03,1.163936e-01,NaN,NaN,7.886769e-02,4.159589e+16,7.458150e+18,2.654856e+20,4.728553e+18,3.107996e+20,3.868989e+19,1.014361e+21,2.014985e+02,6.627990e+01,1.352186e+02,NaN,NaN,NaN,NaN,3.190958e-02,NaN,6.145068e+06,1.627323e-02
3.936542e+07,2.090669e+03,2.090629e+03,0.000000e+00,2.387075e+03,5.143508e+03,1.160987e-01,NaN,NaN,0.000000e+00,4.161368e+16,7.438940e+18,2.655027e+20,4.743150e+18,3.105883e+20,3.876573e+19,1.015009e+21,2.015752e+02,6.640983e+01,1.351654e+02,NaN,NaN,NaN,NaN,3.189495e-02,NaN,6.145596e+06,1.628882e-02
3.940967e+07,2.090297e+03,2.090381e+03,2.027095e+00,2.378635e+03,5.141363e+03,1.159025e-01,NaN,NaN,7.893069e-02,4.162339e+16,7.425779e+18,2.655179e+20,4.752217e+18,3.104032e+20,3.885315e+19,1.015743e+21,2.016826e+02,6.655959e+01,1.351230e+02,NaN,NaN,NaN,NaN,3.188314e-02,NaN,6.145948e+06,1.631229e-02
3.946597e+07,2.090048e+03,2.090008e+03,0.000000e+00,2.370048e+03,5.138636e+03,1.156088e-01,NaN,NaN,0.000000e+00,4.164101e+16,7.406626e+18,2.655350e+20,4.766851e+18,3.101917e+20,3.892965e+19,1.016396e+21,2.017603e+02,6.669062e+01,1.350697e+02,NaN,NaN,NaN,NaN,3.186849e-02,NaN,6.146474e+06,1.632799e-02
3.951012e+07,2.089675e+03,2.089759e+03,2.025470e+00,2.361649e+03,5.136500e+03,1.154133e-01,NaN,NaN,7.899402e-02,4.165059e+16,7.393503e+18,2.655501e+20,4.775943e+18,3.100067e+20,3.901729e+19,1.017132e+21,2.018680e+02,6.684076e+01,1.350272e+02,NaN,NaN,NaN,NaN,3.185666e-02,NaN,6.146825e+06,1.635162e-02
3.956626e+07,2.089425e+03,2.089385e+03,0.000000e+00,2.353065e+03,5.133786e+03,1.151205e-01,NaN,NaN,0.000000e+00,4.166803e+16,7.374406e+18,2.655672e+20,4.790615e+18,3.097950e+20,3.909443e+19,1.017789e+21,2.019466e+02,6.697291e+01,1.349737e+02,NaN,NaN,NaN,NaN,3.184199e-02,NaN,6.147350e+06,1.636743e-02
3.961031e+07,2.089051e+03,2.089136e+03,2.023839e+00,2.344704e+03,5.131659e+03,1.149257e-01,NaN,NaN,7.905767e-02,4.167749e+16,7.361321e+18,2.655823e+20,4.799732e+18,3.096101e+20,3.918229e+19,1.018527e+21,2.020545e+02,6.712343e+01,1.349311e+02,NaN,NaN,NaN,NaN,3.183014e-02,NaN,6.147699e+06,1.639122e-02
3.966630e+07,2.088801e+03,2.088761e+03,0.000000e+00,2.336122e+03,5.128959e+03,1.146340e-01,NaN,NaN,0.000000e+00,4.169476e+16,7.342281e+18,2.655993e+20,4.814442e+18,3.093982e+20,3.926009e+19,1.019190e+21,2.021342e+02,6.725671e+01,1.348775e+02,NaN,NaN,NaN,NaN,3.181545e-02,NaN,6.148223e+06,1.640713e-02
3.971025e+07,2.088425e+03,2.088510e+03,2.022203e+00,2.327799e+03,5.126842e+03,1.144399e-01,NaN,NaN,7.912165e-02,4.170409e+16,7.329234e+18,2.656144e+20,4.823584e+18,3.092134e+20,3.934818e+19,1.019929e+21,2.022424e+02,6.740761e+01,1.348348e+02,NaN,NaN,NaN,NaN,3.180358e-02,NaN,6.148572e+06,1.643108e-02
3.976609e+07,2.088174e+03,2.088134e+03,0.000000e+00,2.319977e+03,5.124154e+03,1.141492e-01,NaN,NaN,0.000000e+00,4.172118e+16,7.310250e+18,2.656313e+20,4.838332e+18,3.090012e+20,3.942663e+19,1.020597e+21,2.023230e+02,6.754201e+01,1.347810e+02,NaN,NaN,NaN,NaN,3.178887e-02,NaN,6.149094e+06,1.644710e-02
3.980993e+07,2.087797e+03,2.087883e+03,2.020560e+00,2.311698e+03,5.122046e+03,1.139557e-01,NaN,NaN,7.918595e-02,4.173039e+16,7.297240e+18,2.656463e+20,4.847499e+18,3.088165e+20,3.951495e+19,1.021338e+21,2.024316e+02,6.769331e+01,1.347383e+02,NaN,NaN,NaN,NaN,3.177698e-02,NaN,6.149441e+06,1.647121e-02
3.986562e+07,2.087545e+03,2.087505e+03,0.000000e+00,2.303130e+03,5.119371e+03,1.136660e-01,NaN,NaN,0.000000e+00,4.174731e+16,7.278312e+18,2.656632e+20,4.862286e+18,3.086041e+20,3.959406e+19,1.022011e+21,2.025132e+02,6.782884e+01,1.346844e+02,NaN,NaN,NaN,NaN,3.176225e-02,NaN,6.149962e+06,1.648733e-02
3.990937e+07,2.087167e+03,2.087253e+03,2.018912e+00,2.294888e+03,5.117273e+03,1.134732e-01,NaN,NaN,7.925059e-02,4.175640e+16,7.265340e+18,2.656782e+20,4.871479e+18,3.084195e+20,3.968261e+19,1.022754e+21,2.026220e+02,6.798054e+01,1.346415e+02,NaN,NaN,NaN,NaN,3.175034e-02,NaN,6.150309e+06,1.651161e-02
3.996490e+07,2.086915e+03,2.086875e+03,0.000000e+00,2.286323e+03,5.114611e+03,1.131845e-01,NaN,NaN,0.000000e+00,4.177314e+16,7.246467e+18,2.656950e+20,4.886305e+18,3.082068e+20,3.976239e+19,1.023432e+21,2.027046e+02,6.811721e+01,1.345874e+02,NaN,NaN,NaN,NaN,3.173559e-02,NaN,6.150828e+06,1.652785e-02
4.000855e+07,2.086535e+03,2.086622e+03,2.017259e+00,2.278120e+03,5.112521e+03,1.129923e-01,NaN,NaN,7.931556e-02,4.178210e+16,7.233532e+18,2.657100e+20,4.895523e+18,3.080223e+20,3.985118e+19,1.024176e+21,2.028137e+02,6.826931e+01,1.345444e+02,NaN,NaN,NaN,NaN,3.172367e-02,NaN,6.151174e+06,1.655229e-02
4.006394e+07,2.086282e+03,2.086242e+03,0.000000e+00,2.269563e+03,5.109872e+03,1.127045e-01,NaN,NaN,0.000000e+00,4.179868e+16,7.214714e+18,2.657267e+20,4.910388e+18,3.078094e+20,3.993162e+19,1.024859e+21,2.028974e+02,6.840712e+01,1.344903e+02,NaN,NaN,NaN,NaN,3.170889e-02,NaN,6.151691e+06,1.656864e-02
4.010748e+07,2.085901e+03,2.085988e+03,2.015599e+00,2.261395e+03,5.107791e+03,1.125130e-01,NaN,NaN,7.938087e-02,4.180751e+16,7.201817e+18,2.657417e+20,4.919633e+18,3.076249e+20,4.002065e+19,1.025606e+21,2.030068e+02,6.855963e+01,1.344472e+02,NaN,NaN,NaN,NaN,3.169695e-02,NaN,6.152036e+06,1.659324e-02
4.016272e+07,2.085647e+03,2.085607e+03,0.000000e+00,2.252843e+03,5.105155e+03,1.122261e-01,NaN,NaN,0.000000e+00,4.182392e+16,7.183054e+18,2.657583e+20,4.934537e+18,3.074117e+20,4.010176e+19,1.026294e+21,2.030915e+02,6.869858e+01,1.343929e+02,NaN,NaN,NaN,NaN,3.168216e-02,NaN,6.152552e+06,1.660970e-02
4.020616e+07,2.085266e+03,2.085353e+03,2.013934e+00,2.244715e+03,5.103084e+03,1.120352e-01,NaN,NaN,7.944651e-02,4.183263e+16,7.170193e+18,2.657733e+20,4.943808e+18,3.072273e+20,4.019103e+19,1.027042e+21,2.032012e+02,6.885151e+01,1.343497e+02,NaN,NaN,NaN,NaN,3.167019e-02,NaN,6.152896e+06,1.663448e-02
4.026125e+07,2.085011e+03,2.084971e+03,0.000000e+00,2.236170e+03,5.100460e+03,1.117493e-01,NaN,NaN,0.000000e+00,4.184886e+16,7.151486e+18,2.657899e+20,4.958752e+18,3.070139e+20,4.027281e+19,1.027736e+21,2.032868e+02,6.899162e+01,1.342952e+02,NaN,NaN,NaN,NaN,3.165538e-02,NaN,6.153411e+06,1.665105e-02
4.030460e+07,2.084628e+03,2.084715e+03,2.012262e+00,2.228079e+03,5.098397e+03,1.115590e-01,NaN,NaN,7.951250e-02,4.185745e+16,7.138662e+18,2.658048e+20,4.968048e+18,3.068295e+20,4.036233e+19,1.028486e+21,2.033969e+02,6.914496e+01,1.342519e+02,NaN,NaN,NaN,NaN,3.164340e-02,NaN,6.153754e+06,1.667600e-02
4.035954e+07,2.084372e+03,2.084332e+03,0.000000e+00,2.219540e+03,5.095786e+03,1.112740e-01,NaN,NaN,0.000000e+00,4.187351e+16,7.120009e+18,2.658213e+20,4.983032e+18,3.066159e+20,4.044479e+19,1.029185e+21,2.034835e+02,6.928623e+01,1.341973e+02,NaN,NaN,NaN,NaN,3.162857e-02,NaN,6.154267e+06,1.669268e-02
4.040278e+07,2.083988e+03,2.084076e+03,2.010585e+00,2.211488e+03,5.093732e+03,1.110843e-01,NaN,NaN,7.957882e-02,4.188198e+16,7.107221e+18,2.658362e+20,4.992356e+18,3.064316e+20,4.053455e+19,1.029937e+21,2.035939e+02,6.944000e+01,1.341539e+02,NaN,NaN,NaN,NaN,3.161657e-02,NaN,6.154609e+06,1.671780e-02
4.045757e+07,2.083731e+03,2.083691e+03,0.000000e+00,2.202956e+03,5.091133e+03,1.108003e-01,NaN,NaN,0.000000e+00,4.189787e+16,7.088623e+18,2.658527e+20,5.007380e+18,3.062176e+20,4.061769e+19,1.030641e+21,2.036816e+02,6.958243e+01,1.340992e+02,NaN,NaN,NaN,NaN,3.160171e-02,NaN,6.155121e+06,1.673460e-02
4.050072e+07,2.083346e+03,2.083434e+03,2.008902e+00,2.194938e+03,5.089089e+03,1.106112e-01,NaN,NaN,7.964550e-02,4.190622e+16,7.075872e+18,2.658675e+20,5.016730e+18,3.060334e+20,4.070771e+19,1.031395e+21,2.037923e+02,6.973663e+01,1.340557e+02,NaN,NaN,NaN,NaN,3.158969e-02,NaN,6.155462e+06,1.675989e-02
4.055536e+07,2.083088e+03,2.083048e+03,0.000000e+00,2.186414e+03,5.086502e+03,1.103280e-01,NaN,NaN,0.000000e+00,4.192194e+16,7.057327e+18,2.658839e+20,5.031795e+18,3.058191e+20,4.079153e+19,1.032104e+21,2.038810e+02,6.988023e+01,1.340008e+02,NaN,NaN,NaN,NaN,3.157482e-02,NaN,6.155972e+06,1.677681e-02
4.059841e+07,2.082702e+03,2.082791e+03,2.007213e+00,2.178437e+03,5.084466e+03,1.101395e-01,NaN,NaN,7.971252e-02,4.193017e+16,7.044613e+18,2.658987e+20,5.041171e+18,3.056349e+20,4.088180e+19,1.032860e+21,2.039921e+02,7.003487e+01,1.339572e+02,NaN,NaN,NaN,NaN,3.156278e-02,NaN,6.156312e+06,1.680227e-02
4.065291e+07,2.082444e+03,2.082404e+03,0.000000e+00,2.169921e+03,5.081892e+03,1.098571e-01,NaN,NaN,0.000000e+00,4.194572e+16,7.026122e+18,2.659151e+20,5.056277e+18,3.054204e+20,4.096631e+19,1.033574e+21,2.040818e+02,7.017964e+01,1.339022e+02,NaN,NaN,NaN,NaN,3.154789e-02,NaN,6.156821e+06,1.681930e-02
4.069586e+07,2.082056e+03,2.082145e+03,2.005518e+00,2.161981e+03,5.079865e+03,1.096692e-01,NaN,NaN,7.977988e-02,4.195383e+16,7.013444e+18,2.659299e+20,5.065681e+18,3.052362e+20,4.105684e+19,1.034332e+21,2.041932e+02,7.033473e+01,1.338585e+02,NaN,NaN,NaN,NaN,3.153583e-02,NaN,6.157160e+06,1.684494e-02
4.075021e+07,2.081797e+03,2.081757e+03,0.000000e+00,2.153473e+03,5.077303e+03,1.093878e-01,NaN,NaN,0.000000e+00,4.196922e+16,6.995007e+18,2.659462e+20,5.080828e+18,3.050214e+20,4.114203e+19,1.035052e+21,2.042841e+02,7.048068e+01,1.338034e+02,NaN,NaN,NaN,NaN,3.152092e-02,NaN,6.157668e+06,1.686210e-02
4.079306e+07,2.081408e+03,2.081498e+03,2.003817e+00,2.145571e+03,5.075284e+03,1.092004e-01,NaN,NaN,7.984761e-02,4.197720e+16,6.982364e+18,2.659609e+20,5.090259e+18,3.048373e+20,4.123282e+19,1.035811e+21,2.043958e+02,7.063621e+01,1.337596e+02,NaN,NaN,NaN,NaN,3.150884e-02,NaN,6.158006e+06,1.688792e-02
4.084726e+07,2.081148e+03,2.081108e+03,0.000000e+00,2.137071e+03,5.072734e+03,1.089198e-01,NaN,NaN,0.000000e+00,4.199242e+16,6.963981e+18,2.659772e+20,5.105447e+18,3.046222e+20,4.131871e+19,1.036536e+21,2.044876e+02,7.078335e+01,1.337043e+02,NaN,NaN,NaN,NaN,3.149391e-02,NaN,6.158513e+06,1.690519e-02
4.089001e+07,2.080758e+03,2.080848e+03,2.002110e+00,2.129206e+03,5.070725e+03,1.087330e-01,NaN,NaN,7.991568e-02,4.200029e+16,6.951374e+18,2.659919e+20,5.114905e+18,3.044381e+20,4.140977e+19,1.037298e+21,2.045997e+02,7.093934e+01,1.336604e+02,NaN,NaN,NaN,NaN,3.148182e-02,NaN,6.158850e+06,1.693119e-02
4.094407e+07,2.080497e+03,2.080457e+03,0.000000e+00,2.120718e+03,5.068187e+03,1.084533e-01,NaN,NaN,0.000000e+00,4.201534e+16,6.933044e+18,2.660081e+20,5.130135e+18,3.042227e+20,4.149635e+19,1.038029e+21,2.046927e+02,7.108766e+01,1.336050e+02,NaN,NaN,NaN,NaN,3.146686e-02,NaN,6.159355e+06,1.694858e-02
4.098672e+07,2.080105e+03,2.080196e+03,2.000397e+00,2.112888e+03,5.066186e+03,1.082670e-01,NaN,NaN,7.998412e-02,4.202308e+16,6.920473e+18,2.660228e+20,5.139621e+18,3.040386e+20,4.158768e+19,1.038793e+21,2.048051e+02,7.124412e+01,1.335610e+02,NaN,NaN,NaN,NaN,3.145475e-02,NaN,6.159691e+06,1.697476e-02
4.104063e+07,2.079844e+03,2.079804e+03,0.000000e+00,2.105206e+03,5.063660e+03,1.079881e-01,NaN,NaN,0.000000e+00,4.203797e+16,6.902196e+18,2.660389e+20,5.154893e+18,3.038229e+20,4.167496e+19,1.039529e+21,2.048991e+02,7.139363e+01,1.335055e+02,NaN,NaN,NaN,NaN,3.143977e-02,NaN,6.160195e+06,1.699227e-02
4.108319e+07,2.079451e+03,2.079542e+03,1.998678e+00,2.097424e+03,5.061667e+03,1.078024e-01,NaN,NaN,8.005291e-02,4.204560e+16,6.889661e+18,2.660535e+20,5.164407e+18,3.036388e+20,4.176656e+19,1.040295e+21,2.050119e+02,7.155056e+01,1.334613e+02,NaN,NaN,NaN,NaN,3.142765e-02,NaN,6.160530e+06,1.701863e-02
4.113695e+07,2.079189e+03,2.079149e+03,0.000000e+00,2.088965e+03,5.059153e+03,1.075243e-01,NaN,NaN,0.000000e+00,4.206032e+16,6.871436e+18,2.660696e+20,5.179721e+18,3.034228e+20,4.185454e+19,1.041036e+21,2.051070e+02,7.170128e+01,1.334057e+02,NaN,NaN,NaN,NaN,3.141265e-02,NaN,6.161033e+06,1.703627e-02
4.117941e+07,2.078795e+03,2.078886e+03,1.996953e+00,2.081220e+03,5.057169e+03,1.073391e-01,NaN,NaN,8.012207e-02,4.206782e+16,6.858936e+18,2.660842e+20,5.189263e+18,3.032388e+20,4.194642e+19,1.041804e+21,2.052202e+02,7.185868e+01,1.333615e+02,NaN,NaN,NaN,NaN,3.140051e-02,NaN,6.161367e+06,1.706282e-02
4.123303e+07,2.078532e+03,2.078492e+03,0.000000e+00,2.072772e+03,5.054667e+03,1.070618e-01,NaN,NaN,0.000000e+00,4.208238e+16,6.840764e+18,2.661003e+20,5.204620e+18,3.030224e+20,4.203510e+19,1.042551e+21,2.053163e+02,7.201061e+01,1.333057e+02,NaN,NaN,NaN,NaN,3.138549e-02,NaN,6.161868e+06,1.708058e-02
4.127539e+07,2.078136e+03,2.078228e+03,1.995222e+00,2.065064e+03,5.052692e+03,1.068772e-01,NaN,NaN,8.019159e-02,4.208977e+16,6.828299e+18,2.661149e+20,5.214191e+18,3.028384e+20,4.212727e+19,1.043321e+21,2.054299e+02,7.216849e+01,1.332614e+02,NaN,NaN,NaN,NaN,3.137332e-02,NaN,6.162202e+06,1.710731e-02
4.132887e+07,2.077872e+03,2.077832e+03,0.000000e+00,2.056628e+03,5.050201e+03,1.066007e-01,NaN,NaN,0.000000e+00,4.210416e+16,6.810179e+18,2.661308e+20,5.229590e+18,3.026217e+20,4.221666e+19,1.044073e+21,2.055271e+02,7.232163e+01,1.332055e+02,NaN,NaN,NaN,NaN,3.135829e-02,NaN,6.162701e+06,1.712520e-02
4.137113e+07,2.077476e+03,2.077568e+03,1.993484e+00,2.048957e+03,5.048234e+03,1.064166e-01,NaN,NaN,8.026148e-02,4.211143e+16,6.797750e+18,2.661454e+20,5.239189e+18,3.024377e+20,4.230911e+19,1.044846e+21,2.056410e+02,7.248000e+01,1.331610e+02,NaN,NaN,NaN,NaN,3.134611e-02,NaN,6.163034e+06,1.715212e-02
4.142446e+07,2.077211e+03,2.077171e+03,0.000000e+00,2.040533e+03,5.045755e+03,1.061409e-01,NaN,NaN,0.000000e+00,4.212566e+16,6.779682e+18,2.661613e+20,5.254632e+18,3.022206e+20,4.239922e+19,1.045603e+21,2.057394e+02,7.263437e+01,1.331050e+02,NaN,NaN,NaN,NaN,3.133105e-02,NaN,6.163532e+06,1.717013e-02
4.146663e+07,2.076813e+03,2.076906e+03,1.991741e+00,2.032899e+03,5.043797e+03,1.059574e-01,NaN,NaN,8.033174e-02,4.213282e+16,6.767287e+18,2.661758e+20,5.264260e+18,3.020366e+20,4.249195e+19,1.046378e+21,2.058536e+02,7.279323e+01,1.330604e+02,NaN,NaN,NaN,NaN,3.131885e-02,NaN,6.163864e+06,1.719724e-02
4.151981e+07,2.076547e+03,2.076507e+03,0.000000e+00,2.024483e+03,5.041329e+03,1.056824e-01,NaN,NaN,0.000000e+00,4.214688e+16,6.749270e+18,2.661917e+20,5.279747e+18,3.018192e+20,4.258278e+19,1.047141e+21,2.059531e+02,7.294883e+01,1.330043e+02,NaN,NaN,NaN,NaN,3.130377e-02,NaN,6.164361e+06,1.721538e-02
4.156188e+07,2.076148e+03,2.076241e+03,1.989991e+00,2.016887e+03,5.039379e+03,1.054994e-01,NaN,NaN,8.040238e-02,4.215392e+16,6.736910e+18,2.662062e+20,5.289404e+18,3.016352e+20,4.267580e+19,1.047918e+21,2.060678e+02,7.310819e+01,1.329596e+02,NaN,NaN,NaN,NaN,3.129155e-02,NaN,6.164692e+06,1.724269e-02
4.161492e+07,2.075882e+03,2.075842e+03,0.000000e+00,2.008488e+03,5.036923e+03,1.052252e-01,NaN,NaN,0.000000e+00,4.216783e+16,6.718945e+18,2.662220e+20,5.304935e+18,3.014175e+20,4.276735e+19,1.048687e+21,2.061684e+02,7.326503e+01,1.329034e+02,NaN,NaN,NaN,NaN,3.127645e-02,NaN,6.165188e+06,1.726096e-02
4.165690e+07,2.075481e+03,2.075575e+03,1.988235e+00,2.000929e+03,5.034982e+03,1.050427e-01,NaN,NaN,8.047339e-02,4.217475e+16,6.706620e+18,2.662364e+20,5.314621e+18,3.012335e+20,4.286067e+19,1.049466e+21,2.062835e+02,7.342489e+01,1.328586e+02,NaN,NaN,NaN,NaN,3.126422e-02,NaN,6.165518e+06,1.728846e-02
4.170979e+07,2.075214e+03,2.075174e+03,0.000000e+00,1.992544e+03,5.032537e+03,1.047692e-01,NaN,NaN,0.000000e+00,4.218849e+16,6.688705e+18,2.662522e+20,5.330196e+18,3.010154e+20,4.295295e+19,1.050241e+21,2.063852e+02,7.358297e+01,1.328022e+02,NaN,NaN,NaN,NaN,3.124910e-02,NaN,6.166012e+06,1.730686e-02
4.175167e+07,2.074812e+03,2.074906e+03,1.986472e+00,1.985022e+03,5.030604e+03,1.045872e-01,NaN,NaN,8.054479e-02,4.219529e+16,6.676414e+18,2.662666e+20,5.339911e+18,3.008314e+20,4.304657e+19,1.051022e+21,2.065007e+02,7.374335e+01,1.327573e+02,NaN,NaN,NaN,NaN,3.123684e-02,NaN,6.166342e+06,1.733456e-02
4.180442e+07,2.074544e+03,2.074504e+03,0.000000e+00,1.976650e+03,5.028171e+03,1.043145e-01,NaN,NaN,0.000000e+00,4.220887e+16,6.658551e+18,2.662823e+20,5.355531e+18,3.006129e+20,4.313957e+19,1.051802e+21,2.066035e+02,7.390268e+01,1.327008e+02,NaN,NaN,NaN,NaN,3.122170e-02,NaN,6.166835e+06,1.735309e-02
4.184620e+07,2.074141e+03,2.074235e+03,1.984704e+00,1.969166e+03,5.026246e+03,1.041330e-01,NaN,NaN,8.061657e-02,4.221556e+16,6.646294e+18,2.662967e+20,5.365276e+18,3.004289e+20,4.323350e+19,1.052586e+21,2.067194e+02,7.406358e+01,1.326558e+02,NaN,NaN,NaN,NaN,3.120943e-02,NaN,6.167163e+06,1.738098e-02
4.189881e+07,2.073872e+03,2.073832e+03,0.000000e+00,1.960809e+03,5.023824e+03,1.038611e-01,NaN,NaN,0.000000e+00,4.222898e+16,6.628482e+18,2.663124e+20,5.380941e+18,3.002100e+20,4.332723e+19,1.053372e+21,2.068234e+02,7.422416e+01,1.325992e+02,NaN,NaN,NaN,NaN,3.119427e-02,NaN,6.167655e+06,1.739965e-02
4.194049e+07,2.073467e+03,2.073562e+03,1.982929e+00,1.953362e+03,5.021907e+03,1.036800e-01,NaN,NaN,8.068873e-02,4.223555e+16,6.616259e+18,2.663267e+20,5.390716e+18,3.000260e+20,4.342146e+19,1.054158e+21,2.069397e+02,7.438559e+01,1.325541e+02,NaN,NaN,NaN,NaN,3.118198e-02,NaN,6.167982e+06,1.742774e-02
4.199295e+07,2.073197e+03,2.073157e+03,0.000000e+00,1.945019e+03,5.019497e+03,1.034088e-01,NaN,NaN,0.000000e+00,4.224882e+16,6.598497e+18,2.663423e+20,5.406426e+18,2.998068e+20,4.351594e+19,1.054949e+21,2.070447e+02,7.454743e+01,1.324973e+02,NaN,NaN,NaN,NaN,3.116680e-02,NaN,6.168473e+06,1.744654e-02
4.203455e+07,2.072792e+03,2.072887e+03,1.981147e+00,1.937607e+03,5.017588e+03,1.032282e-01,NaN,NaN,8.076128e-02,4.225527e+16,6.586309e+18,2.663567e+20,5.416231e+18,2.996227e+20,4.361048e+19,1.055738e+21,2.071615e+02,7.470939e+01,1.324521e+02,NaN,NaN,NaN,NaN,3.115449e-02,NaN,6.168800e+06,1.747484e-02
4.208686e+07,2.072521e+03,2.072481e+03,0.000000e+00,1.929279e+03,5.015189e+03,1.029578e-01,NaN,NaN,0.000000e+00,4.226838e+16,6.568597e+18,2.663722e+20,5.431987e+18,2.994031e+20,4.370569e+19,1.056535e+21,2.072677e+02,7.487250e+01,1.323952e+02,NaN,NaN,NaN,NaN,3.113929e-02,NaN,6.169289e+06,1.749377e-02
4.212836e+07,2.072114e+03,2.072210e+03,1.979360e+00,1.921906e+03,5.013288e+03,1.027777e-01,NaN,NaN,8.083423e-02,4.227472e+16,6.556443e+18,2.663865e+20,5.441822e+18,2.992190e+20,4.380055e+19,1.057326e+21,2.073849e+02,7.503500e+01,1.323499e+02,NaN,NaN,NaN,NaN,3.112697e-02,NaN,6.169615e+06,1.752227e-02
4.218054e+07,2.071842e+03,2.071802e+03,0.000000e+00,1.914425e+03,5.010900e+03,1.025079e-01,NaN,NaN,0.000000e+00,4.228766e+16,6.538781e+18,2.664020e+20,5.457624e+18,2.989990e+20,4.389651e+19,1.058129e+21,2.074923e+02,7.519938e+01,1.322929e+02,NaN,NaN,NaN,NaN,3.111175e-02,NaN,6.170103e+06,1.754134e-02
4.222194e+07,2.071434e+03,2.071530e+03,1.977565e+00,1.907099e+03,5.009007e+03,1.023283e-01,NaN,NaN,8.090757e-02,4.229389e+16,6.526660e+18,2.664163e+20,5.467490e+18,2.988148e+20,4.399168e+19,1.058922e+21,2.076099e+02,7.536242e+01,1.322475e+02,NaN,NaN,NaN,NaN,3.109941e-02,NaN,6.170428e+06,1.757005e-02
4.227397e+07,2.071161e+03,2.071121e+03,0.000000e+00,1.898814e+03,5.006630e+03,1.020593e-01,NaN,NaN,0.000000e+00,4.230668e+16,6.509048e+18,2.664317e+20,5.483338e+18,2.985945e+20,4.408839e+19,1.059731e+21,2.077184e+02,7.552810e+01,1.321903e+02,NaN,NaN,NaN,NaN,3.108417e-02,NaN,6.170915e+06,1.758926e-02
4.231528e+07,2.070752e+03,2.070848e+03,1.975765e+00,1.891525e+03,5.004745e+03,1.018802e-01,NaN,NaN,8.098131e-02,4.231279e+16,6.496961e+18,2.664459e+20,5.493234e+18,2.984102e+20,4.418388e+19,1.060527e+21,2.078365e+02,7.569168e+01,1.321448e+02,NaN,NaN,NaN,NaN,3.107180e-02,NaN,6.171239e+06,1.761818e-02
4.236717e+07,2.070478e+03,2.070438e+03,0.000000e+00,1.883256e+03,5.002380e+03,1.016118e-01,NaN,NaN,0.000000e+00,4.232542e+16,6.479399e+18,2.664613e+20,5.509129e+18,2.981895e+20,4.428134e+19,1.061342e+21,2.079463e+02,7.585865e+01,1.320876e+02,NaN,NaN,NaN,NaN,3.105654e-02,NaN,6.171724e+06,1.763753e-02
4.240838e+07,2.070067e+03,2.070164e+03,1.973957e+00,1.876005e+03,5.000503e+03,1.014332e-01,NaN,NaN,8.105545e-02,4.233142e+16,6.467345e+18,2.664755e+20,5.519056e+18,2.980052e+20,4.437716e+19,1.062140e+21,2.080647e+02,7.602279e+01,1.320419e+02,NaN,NaN,NaN,NaN,3.104417e-02,NaN,6.172048e+06,1.766666e-02
4.246012e+07,2.069793e+03,2.069753e+03,0.000000e+00,1.867753e+03,4.998148e+03,1.011656e-01,NaN,NaN,0.000000e+00,4.234389e+16,6.449833e+18,2.664909e+20,5.534997e+18,2.977841e+20,4.447538e+19,1.062960e+21,2.081755e+02,7.619105e+01,1.319845e+02,NaN,NaN,NaN,NaN,3.102889e-02,NaN,6.172532e+06,1.768615e-02
4.250124e+07,2.069381e+03,2.069478e+03,1.972144e+00,1.860539e+03,4.996279e+03,1.009874e-01,NaN,NaN,8.112999e-02,4.234978e+16,6.437812e+18,2.665051e+20,5.544956e+18,2.975997e+20,4.457152e+19,1.063761e+21,2.082946e+02,7.635576e+01,1.319388e+02,NaN,NaN,NaN,NaN,3.101649e-02,NaN,6.172855e+06,1.771549e-02
4.255285e+07,2.069105e+03,2.069065e+03,0.000000e+00,1.852303e+03,4.993935e+03,1.007205e-01,NaN,NaN,0.000000e+00,4.236209e+16,6.420349e+18,2.665203e+20,5.560944e+18,2.973782e+20,4.467050e+19,1.064588e+21,2.084066e+02,7.652532e+01,1.318813e+02,NaN,NaN,NaN,NaN,3.100119e-02,NaN,6.173338e+06,1.773512e-02
4.259387e+07,2.068692e+03,2.068790e+03,1.970323e+00,1.845126e+03,4.992074e+03,1.005428e-01,NaN,NaN,8.120495e-02,4.236787e+16,6.408362e+18,2.665345e+20,5.570934e+18,2.971938e+20,4.476698e+19,1.065391e+21,2.085261e+02,7.669059e+01,1.318355e+02,NaN,NaN,NaN,NaN,3.098878e-02,NaN,6.173660e+06,1.776468e-02
4.264533e+07,2.068415e+03,2.068375e+03,0.000000e+00,1.836918e+03,4.989741e+03,1.002767e-01,NaN,NaN,0.000000e+00,4.238003e+16,6.390949e+18,2.665497e+20,5.586970e+18,2.969718e+20,4.486672e+19,1.066223e+21,2.086394e+02,7.686146e+01,1.317779e+02,NaN,NaN,NaN,NaN,3.097346e-02,NaN,6.174141e+06,1.778446e-02
4.268626e+07,2.068001e+03,2.068099e+03,1.968496e+00,1.829778e+03,4.987887e+03,1.000994e-01,NaN,NaN,8.128031e-02,4.238569e+16,6.378995e+18,2.665638e+20,5.596991e+18,2.967873e+20,4.496353e+19,1.067029e+21,2.087593e+02,7.702732e+01,1.317320e+02,NaN,NaN,NaN,NaN,3.096103e-02,NaN,6.174462e+06,1.781423e-02
4.273759e+07,2.067723e+03,2.067683e+03,0.000000e+00,1.821581e+03,4.985565e+03,9.983394e-02,NaN,NaN,0.000000e+00,4.239769e+16,6.361630e+18,2.665790e+20,5.613074e+18,2.965649e+20,4.506404e+19,1.067867e+21,2.088737e+02,7.719950e+01,1.316742e+02,NaN,NaN,NaN,NaN,3.094569e-02,NaN,6.174943e+06,1.783415e-02
4.277842e+07,2.067307e+03,2.067406e+03,1.966663e+00,1.814476e+03,4.983720e+03,9.965717e-02,NaN,NaN,8.135609e-02,4.240324e+16,6.349709e+18,2.665931e+20,5.623128e+18,2.963804e+20,4.516120e+19,1.068676e+21,2.089941e+02,7.736593e+01,1.316282e+02,NaN,NaN,NaN,NaN,3.093324e-02,NaN,6.175263e+06,1.786415e-02
4.282960e+07,2.067029e+03,2.066989e+03,0.000000e+00,1.806298e+03,4.981408e+03,9.939238e-02,NaN,NaN,0.000000e+00,4.241509e+16,6.332393e+18,2.666082e+20,5.639259e+18,2.961576e+20,4.526248e+19,1.069520e+21,2.091097e+02,7.753944e+01,1.315703e+02,NaN,NaN,NaN,NaN,3.091788e-02,NaN,6.175743e+06,1.788422e-02
4.287035e+07,2.066612e+03,2.066711e+03,1.964823e+00,1.799231e+03,4.979570e+03,9.921607e-02,NaN,NaN,8.143228e-02,4.242053e+16,6.320506e+18,2.666223e+20,5.649344e+18,2.959730e+20,4.535997e+19,1.070332e+21,2.092307e+02,7.770646e+01,1.315242e+02,NaN,NaN,NaN,NaN,3.090541e-02,NaN,6.176062e+06,1.791443e-02
4.292139e+07,2.066333e+03,2.066293e+03,0.000000e+00,1.791072e+03,4.977269e+03,9.895195e-02,NaN,NaN,0.000000e+00,4.243223e+16,6.303239e+18,2.666374e+20,5.665523e+18,2.957497e+20,4.546203e+19,1.071182e+21,2.093475e+02,7.788129e+01,1.314662e+02,NaN,NaN,NaN,NaN,3.089004e-02,NaN,6.176540e+06,1.793465e-02
4.296204e+07,2.065914e+03,2.066013e+03,1.962976e+00,1.784044e+03,4.975439e+03,9.877609e-02,NaN,NaN,8.150889e-02,4.243755e+16,6.291384e+18,2.666514e+20,5.675641e+18,2.955650e+20,4.555987e+19,1.071996e+21,2.094688e+02,7.804891e+01,1.314199e+02,NaN,NaN,NaN,NaN,3.087755e-02,NaN,6.176859e+06,1.796509e-02
4.301294e+07,2.065634e+03,2.065594e+03,0.000000e+00,1.775905e+03,4.973149e+03,9.851263e-02,NaN,NaN,0.000000e+00,4.244909e+16,6.274166e+18,2.666664e+20,5.691868e+18,2.953413e+20,4.566271e+19,1.072852e+21,2.095869e+02,7.822508e+01,1.313618e+02,NaN,NaN,NaN,NaN,3.086216e-02,NaN,6.177336e+06,1.798546e-02
4.305349e+07,2.065213e+03,2.065314e+03,1.961122e+00,1.768912e+03,4.971326e+03,9.833722e-02,NaN,NaN,8.158593e-02,4.245431e+16,6.262344e+18,2.666804e+20,5.702018e+18,2.951565e+20,4.576090e+19,1.073669e+21,2.097088e+02,7.839329e+01,1.313155e+02,NaN,NaN,NaN,NaN,3.084966e-02,NaN,6.177654e+06,1.801612e-02
4.310425e+07,2.064933e+03,2.064893e+03,0.000000e+00,1.760793e+03,4.969047e+03,9.807444e-02,NaN,NaN,0.000000e+00,4.246570e+16,6.245174e+18,2.666954e+20,5.718295e+18,2.949323e+20,4.586452e+19,1.074531e+21,2.098280e+02,7.857080e+01,1.312572e+02,NaN,NaN,NaN,NaN,3.083424e-02,NaN,6.178130e+06,1.803664e-02
4.314472e+07,2.064511e+03,2.064612e+03,1.959262e+00,1.753839e+03,4.967231e+03,9.789945e-02,NaN,NaN,8.166339e-02,4.247080e+16,6.233385e+18,2.667093e+20,5.728477e+18,2.947475e+20,4.596306e+19,1.075351e+21,2.099504e+02,7.873962e+01,1.312108e+02,NaN,NaN,NaN,NaN,3.082172e-02,NaN,6.178446e+06,1.806754e-02
4.319534e+07,2.064229e+03,2.064189e+03,0.000000e+00,1.745741e+03,4.964962e+03,9.763734e-02,NaN,NaN,0.000000e+00,4.248204e+16,6.216264e+18,2.667243e+20,5.744802e+18,2.945229e+20,4.606747e+19,1.076219e+21,2.100710e+02,7.891847e+01,1.311525e+02,NaN,NaN,NaN,NaN,3.080629e-02,NaN,6.178921e+06,1.808821e-02
4.323571e+07,2.063806e+03,2.063907e+03,1.957395e+00,1.739692e+03,4.963155e+03,9.746281e-02,NaN,NaN,8.174129e-02,4.248704e+16,6.204508e+18,2.667382e+20,5.755017e+18,2.943379e+20,4.616637e+19,1.077041e+21,2.101939e+02,7.908791e+01,1.311060e+02,NaN,NaN,NaN,NaN,3.079375e-02,NaN,6.179237e+06,1.811933e-02
4.328619e+07,2.063524e+03,2.063484e+03,0.000000e+00,1.731629e+03,4.960896e+03,9.720133e-02,NaN,NaN,0.000000e+00,4.249812e+16,6.187434e+18,2.667531e+20,5.771392e+18,2.941128e+20,4.627157e+19,1.077916e+21,2.103156e+02,7.926812e+01,1.310475e+02,NaN,NaN,NaN,NaN,3.077830e-02,NaN,6.179711e+06,1.814016e-02
4.332647e+07,2.063099e+03,2.063201e+03,1.955521e+00,1.724761e+03,4.959096e+03,9.702724e-02,NaN,NaN,8.181961e-02,4.250301e+16,6.175711e+18,2.667670e+20,5.781640e+18,2.939278e+20,4.637083e+19,1.078741e+21,2.104391e+02,7.943817e+01,1.310009e+02,NaN,NaN,NaN,NaN,3.076575e-02,NaN,6.180026e+06,1.817152e-02
4.337682e+07,2.062816e+03,2.062776e+03,0.000000e+00,1.716718e+03,4.956847e+03,9.676639e-02,NaN,NaN,0.000000e+00,4.251394e+16,6.158686e+18,2.667818e+20,5.798064e+18,2.937022e+20,4.647682e+19,1.079621e+21,2.105620e+02,7.961973e+01,1.309423e+02,NaN,NaN,NaN,NaN,3.075028e-02,NaN,6.180499e+06,1.819250e-02
4.341700e+07,2.062390e+03,2.062492e+03,1.953641e+00,1.709887e+03,4.955055e+03,9.659274e-02,NaN,NaN,8.189838e-02,4.251872e+16,6.146995e+18,2.667957e+20,5.808344e+18,2.935170e+20,4.657645e+19,1.080449e+21,2.106860e+02,7.979041e+01,1.308956e+02,NaN,NaN,NaN,NaN,3.073771e-02,NaN,6.180813e+06,1.822409e-02
4.346721e+07,2.062105e+03,2.062065e+03,0.000000e+00,1.701868e+03,4.952817e+03,9.633252e-02,NaN,NaN,0.000000e+00,4.252950e+16,6.130018e+18,2.668104e+20,5.824818e+18,2.932910e+20,4.668323e+19,1.081336e+21,2.108101e+02,7.997334e+01,1.308368e+02,NaN,NaN,NaN,NaN,3.072222e-02,NaN,6.181285e+06,1.824524e-02
4.350730e+07,2.061678e+03,2.061781e+03,1.951753e+00,1.695073e+03,4.951031e+03,9.615929e-02,NaN,NaN,8.197758e-02,4.253417e+16,6.118360e+18,2.668243e+20,5.835132e+18,2.931057e+20,4.678323e+19,1.082167e+21,2.109346e+02,8.014465e+01,1.307900e+02,NaN,NaN,NaN,NaN,3.070964e-02,NaN,6.181598e+06,1.827707e-02
4.355737e+07,2.061393e+03,2.061353e+03,0.000000e+00,1.687076e+03,4.948803e+03,9.589973e-02,NaN,NaN,0.000000e+00,4.254480e+16,6.101431e+18,2.668390e+20,5.851656e+18,2.928793e+20,4.689081e+19,1.083060e+21,2.110602e+02,8.032895e+01,1.307312e+02,NaN,NaN,NaN,NaN,3.069413e-02,NaN,6.182068e+06,1.829837e-02
4.359738e+07,2.060964e+03,2.061067e+03,1.949859e+00,1.680320e+03,4.947025e+03,9.572689e-02,NaN,NaN,8.205722e-02,4.254936e+16,6.089805e+18,2.668528e+20,5.862003e+18,2.926939e+20,4.699118e+19,1.083893e+21,2.111852e+02,8.050089e+01,1.306843e+02,NaN,NaN,NaN,NaN,3.068153e-02,NaN,6.182381e+06,1.833044e-02
4.364731e+07,2.060678e+03,2.060638e+03,0.000000e+00,1.672347e+03,4.944808e+03,9.546796e-02,NaN,NaN,0.000000e+00,4.255984e+16,6.072924e+18,2.668675e+20,5.878577e+18,2.924669e+20,4.709957e+19,1.084793e+21,2.113119e+02,8.068657e+01,1.306253e+02,NaN,NaN,NaN,NaN,3.066600e-02,NaN,6.182850e+06,1.835190e-02
4.368722e+07,2.060248e+03,2.060351e+03,1.947958e+00,1.665629e+03,4.943037e+03,9.529554e-02,NaN,NaN,8.213731e-02,4.256429e+16,6.061331e+18,2.668813e+20,5.888957e+18,2.922814e+20,4.720031e+19,1.085629e+21,2.114375e+02,8.085915e+01,1.305783e+02,NaN,NaN,NaN,NaN,3.065339e-02,NaN,6.183163e+06,1.838421e-02
4.373702e+07,2.059961e+03,2.059921e+03,0.000000e+00,1.657679e+03,4.940829e+03,9.503724e-02,NaN,NaN,0.000000e+00,4.257463e+16,6.044498e+18,2.668959e+20,5.905582e+18,2.920539e+20,4.730950e+19,1.086535e+21,2.115655e+02,8.104621e+01,1.305193e+02,NaN,NaN,NaN,NaN,3.063784e-02,NaN,6.183630e+06,1.840584e-02
4.377684e+07,2.059529e+03,2.059633e+03,1.946049e+00,1.650998e+03,4.939066e+03,9.486522e-02,NaN,NaN,8.221785e-02,4.257897e+16,6.032937e+18,2.669097e+20,5.915996e+18,2.918683e+20,4.741062e+19,1.087374e+21,2.116916e+02,8.121944e+01,1.304722e+02,NaN,NaN,NaN,NaN,3.062521e-02,NaN,6.183942e+06,1.843840e-02
4.382650e+07,2.059241e+03,2.059201e+03,0.000000e+00,1.643073e+03,4.936868e+03,9.460754e-02,NaN,NaN,0.000000e+00,4.258916e+16,6.016152e+18,2.669242e+20,5.932670e+18,2.916403e+20,4.752062e+19,1.088286e+21,2.118209e+02,8.140788e+01,1.304130e+02,NaN,NaN,NaN,NaN,3.060965e-02,NaN,6.184409e+06,1.846018e-02
4.386623e+07,2.058808e+03,2.058912e+03,1.944134e+00,1.636430e+03,4.935112e+03,9.443593e-02,NaN,NaN,8.229884e-02,4.259339e+16,6.004624e+18,2.669380e+20,5.943118e+18,2.914545e+20,4.762212e+19,1.089128e+21,2.119476e+02,8.158176e+01,1.303658e+02,NaN,NaN,NaN,NaN,3.059700e-02,NaN,6.184719e+06,1.849299e-02
4.391576e+07,2.058519e+03,2.058479e+03,0.000000e+00,1.628527e+03,4.932924e+03,9.417886e-02,NaN,NaN,0.000000e+00,4.260343e+16,5.987887e+18,2.669525e+20,5.959843e+18,2.912261e+20,4.773294e+19,1.090046e+21,2.120781e+02,8.177160e+01,1.303065e+02,NaN,NaN,NaN,NaN,3.058143e-02,NaN,6.185185e+06,1.851494e-02
4.395540e+07,2.058085e+03,2.058190e+03,1.942212e+00,1.621922e+03,4.931175e+03,9.400767e-02,NaN,NaN,8.238029e-02,4.260755e+16,5.976392e+18,2.669662e+20,5.970325e+18,2.910402e+20,4.783482e+19,1.090891e+21,2.122054e+02,8.194613e+01,1.302593e+02,NaN,NaN,NaN,NaN,3.056876e-02,NaN,6.185495e+06,1.854800e-02
4.400479e+07,2.057795e+03,2.057755e+03,0.000000e+00,1.614044e+03,4.928997e+03,9.375121e-02,NaN,NaN,0.000000e+00,4.261745e+16,5.959703e+18,2.669806e+20,5.987101e+18,2.908112e+20,4.794645e+19,1.091816e+21,2.123373e+02,8.213736e+01,1.301999e+02,NaN,NaN,NaN,NaN,3.055317e-02,NaN,6.185959e+06,1.857012e-02
4.404434e+07,2.057359e+03,2.057464e+03,1.940283e+00,1.607476e+03,4.927255e+03,9.358042e-02,NaN,NaN,8.246219e-02,4.262147e+16,5.948240e+18,2.669943e+20,5.997616e+18,2.906251e+20,4.804872e+19,1.092664e+21,2.124651e+02,8.231256e+01,1.301525e+02,NaN,NaN,NaN,NaN,3.054049e-02,NaN,6.186268e+06,1.860342e-02
4.409360e+07,2.057068e+03,2.057028e+03,0.000000e+00,1.599626e+03,4.925087e+03,9.332455e-02,NaN,NaN,0.000000e+00,4.263121e+16,5.931599e+18,2.670087e+20,6.014442e+18,2.903957e+20,4.816116e+19,1.093595e+21,2.125982e+02,8.250519e+01,1.300930e+02,NaN,NaN,NaN,NaN,3.052488e-02,NaN,6.186731e+06,1.862571e-02
4.413306e+07,2.056631e+03,2.056737e+03,1.938347e+00,1.593095e+03,4.923352e+03,9.315416e-02,NaN,NaN,8.254455e-02,4.263513e+16,5.920168e+18,2.670224e+20,6.024992e+18,2.902095e+20,4.826382e+19,1.094446e+21,2.127267e+02,8.268105e+01,1.300456e+02,NaN,NaN,NaN,NaN,3.051219e-02,NaN,6.187040e+06,1.865927e-02
4.418219e+07,2.056339e+03,2.056299e+03,0.000000e+00,1.585272e+03,4.921194e+03,9.289889e-02,NaN,NaN,0.000000e+00,4.264473e+16,5.903576e+18,2.670367e+20,6.041869e+18,2.899795e+20,4.837708e+19,1.095383e+21,2.128610e+02,8.287508e+01,1.299859e+02,NaN,NaN,NaN,NaN,3.049656e-02,NaN,6.187502e+06,1.868173e-02
4.422156e+07,2.055900e+03,2.056007e+03,1.936404e+00,1.579684e+03,4.919466e+03,9.272891e-02,NaN,NaN,8.262738e-02,4.264853e+16,5.892178e+18,2.670503e+20,6.052452e+18,2.897932e+20,4.848013e+19,1.096238e+21,2.129900e+02,8.305162e+01,1.299384e+02,NaN,NaN,NaN,NaN,3.048385e-02,NaN,6.187810e+06,1.871555e-02
4.427055e+07,2.055608e+03,2.055568e+03,0.000000e+00,1.571903e+03,4.917317e+03,9.247422e-02,NaN,NaN,0.000000e+00,4.265799e+16,5.875633e+18,2.670646e+20,6.069381e+18,2.895627e+20,4.859421e+19,1.097181e+21,2.131258e+02,8.324706e+01,1.298787e+02,NaN,NaN,NaN,NaN,3.046821e-02,NaN,6.188270e+06,1.873818e-02
4.430984e+07,2.055168e+03,2.055274e+03,1.934454e+00,1.565462e+03,4.915596e+03,9.230465e-02,NaN,NaN,8.271067e-02,4.266169e+16,5.864268e+18,2.670782e+20,6.079998e+18,2.893762e+20,4.869766e+19,1.098038e+21,2.132554e+02,8.342427e+01,1.298311e+02,NaN,NaN,NaN,NaN,3.045549e-02,NaN,6.188577e+06,1.877226e-02
4.435870e+07,2.054874e+03,2.054834e+03,0.000000e+00,1.557709e+03,4.913457e+03,9.205054e-02,NaN,NaN,0.000000e+00,4.267100e+16,5.847771e+18,2.670925e+20,6.096978e+18,2.891451e+20,4.881257e+19,1.098989e+21,2.133923e+02,8.362112e+01,1.297712e+02,NaN,NaN,NaN,NaN,3.043983e-02,NaN,6.189037e+06,1.879506e-02
4.439789e+07,2.054433e+03,2.054540e+03,1.932497e+00,1.551305e+03,4.911743e+03,9.188137e-02,NaN,NaN,8.279443e-02,4.267459e+16,5.836439e+18,2.671061e+20,6.107629e+18,2.889585e+20,4.891641e+19,1.099849e+21,2.135225e+02,8.379901e+01,1.297235e+02,NaN,NaN,NaN,NaN,3.042709e-02,NaN,6.189343e+06,1.882940e-02
4.444662e+07,2.054138e+03,2.054098e+03,0.000000e+00,1.543578e+03,4.909614e+03,9.162786e-02,NaN,NaN,0.000000e+00,4.268376e+16,5.819990e+18,2.671203e+20,6.124660e+18,2.887269e+20,4.903214e+19,1.100805e+21,2.136609e+02,8.399727e+01,1.296636e+02,NaN,NaN,NaN,NaN,3.041142e-02,NaN,6.189802e+06,1.885238e-02
4.448573e+07,2.053695e+03,2.053803e+03,1.930533e+00,1.537210e+03,4.907906e+03,9.145907e-02,NaN,NaN,8.287866e-02,4.268725e+16,5.808690e+18,2.671338e+20,6.135345e+18,2.885401e+20,4.913638e+19,1.101669e+21,2.137917e+02,8.417585e+01,1.296158e+02,NaN,NaN,NaN,NaN,3.039867e-02,NaN,6.190107e+06,1.888698e-02
4.453433e+07,2.053399e+03,2.053359e+03,0.000000e+00,1.529513e+03,4.905786e+03,9.120615e-02,NaN,NaN,0.000000e+00,4.269627e+16,5.792290e+18,2.671479e+20,6.152428e+18,2.883080e+20,4.925295e+19,1.102632e+21,2.139313e+02,8.437554e+01,1.295558e+02,NaN,NaN,NaN,NaN,3.038298e-02,NaN,6.190565e+06,1.891014e-02
4.457336e+07,2.052955e+03,2.053063e+03,1.928562e+00,1.523185e+03,4.904086e+03,9.103771e-02,NaN,NaN,8.296337e-02,4.269966e+16,5.781023e+18,2.671614e+20,6.163148e+18,2.881210e+20,4.935759e+19,1.103498e+21,2.140627e+02,8.455481e+01,1.295079e+02,NaN,NaN,NaN,NaN,3.037022e-02,NaN,6.190869e+06,1.894501e-02
4.462183e+07,2.052659e+03,2.052619e+03,0.000000e+00,1.515516e+03,4.901975e+03,9.078539e-02,NaN,NaN,0.000000e+00,4.270854e+16,5.764670e+18,2.671755e+20,6.180281e+18,2.878884e+20,4.947499e+19,1.104467e+21,2.142037e+02,8.475592e+01,1.294478e+02,NaN,NaN,NaN,NaN,3.035452e-02,NaN,6.191326e+06,1.896834e-02
4.466076e+07,2.052213e+03,2.052322e+03,1.926584e+00,1.509227e+03,4.900281e+03,9.061733e-02,NaN,NaN,8.304856e-02,4.271182e+16,5.753436e+18,2.671890e+20,6.191035e+18,2.877012e+20,4.958004e+19,1.105337e+21,2.143357e+02,8.493588e+01,1.293998e+02,NaN,NaN,NaN,NaN,3.034174e-02,NaN,6.191630e+06,1.900348e-02
4.470910e+07,2.051915e+03,2.051875e+03,0.000000e+00,1.501587e+03,4.898180e+03,9.036558e-02,NaN,NaN,0.000000e+00,4.272056e+16,5.737132e+18,2.672031e+20,6.208221e+18,2.874681e+20,4.969826e+19,1.106313e+21,2.144780e+02,8.513841e+01,1.293396e+02,NaN,NaN,NaN,NaN,3.032603e-02,NaN,6.192085e+06,1.902700e-02
4.474795e+07,2.051468e+03,2.051577e+03,1.924598e+00,1.495336e+03,4.896493e+03,9.019793e-02,NaN,NaN,8.313423e-02,4.272374e+16,5.725931e+18,2.672165e+20,6.219009e+18,2.872807e+20,4.980373e+19,1.107186e+21,2.146107e+02,8.531908e+01,1.292916e+02,NaN,NaN,NaN,NaN,3.031324e-02,NaN,6.192388e+06,1.906241e-02
4.479617e+07,2.051170e+03,2.051130e+03,0.000000e+00,1.487725e+03,4.894401e+03,8.994672e-02,NaN,NaN,0.000000e+00,4.273233e+16,5.709674e+18,2.672305e+20,6.236246e+18,2.870470e+20,4.992279e+19,1.108168e+21,2.147543e+02,8.552305e+01,1.292312e+02,NaN,NaN,NaN,NaN,3.029751e-02,NaN,6.192842e+06,1.908610e-02
4.483493e+07,2.050721e+03,2.050831e+03,1.922606e+00,1.481512e+03,4.892721e+03,8.977947e-02,NaN,NaN,8.322039e-02,4.273541e+16,5.698506e+18,2.672439e+20,6.247069e+18,2.868595e+20,5.002866e+19,1.109044e+21,2.148875e+02,8.570442e+01,1.291831e+02,NaN,NaN,NaN,NaN,3.028470e-02,NaN,6.193145e+06,1.912179e-02
4.488301e+07,2.050422e+03,2.050382e+03,0.000000e+00,1.473931e+03,4.890638e+03,8.952884e-02,NaN,NaN,0.000000e+00,4.274386e+16,5.682298e+18,2.672579e+20,6.264358e+18,2.866252e+20,5.014856e+19,1.110033e+21,2.150325e+02,8.590982e+01,1.291227e+02,NaN,NaN,NaN,NaN,3.026896e-02,NaN,6.193598e+06,1.914567e-02
4.492169e+07,2.049972e+03,2.050082e+03,1.920606e+00,1.467753e+03,4.888964e+03,8.936194e-02,NaN,NaN,8.330703e-02,4.274684e+16,5.671162e+18,2.672712e+20,6.275216e+18,2.864375e+20,5.025485e+19,1.110912e+21,2.151664e+02,8.609191e+01,1.290745e+02,NaN,NaN,NaN,NaN,3.025615e-02,NaN,6.193899e+06,1.918163e-02
4.496965e+07,2.049672e+03,2.049632e+03,0.000000e+00,1.460203e+03,4.886890e+03,8.911189e-02,NaN,NaN,0.000000e+00,4.275515e+16,5.655003e+18,2.672851e+20,6.292556e+18,2.862027e+20,5.037559e+19,1.111908e+21,2.153127e+02,8.629875e+01,1.290140e+02,NaN,NaN,NaN,NaN,3.024039e-02,NaN,6.194351e+06,1.920570e-02
4.500825e+07,2.049220e+03,2.049331e+03,1.918600e+00,1.454066e+03,4.885223e+03,8.894535e-02,NaN,NaN,8.339416e-02,4.275803e+16,5.643900e+18,2.672985e+20,6.303448e+18,2.860148e+20,5.048230e+19,1.112790e+21,2.154472e+02,8.648155e+01,1.289657e+02,NaN,NaN,NaN,NaN,3.022756e-02,NaN,6.194652e+06,1.924194e-02
4.505608e+07,2.048919e+03,2.048879e+03,0.000000e+00,1.446550e+03,4.883159e+03,8.869585e-02,NaN,NaN,0.000000e+00,4.276620e+16,5.627788e+18,2.673123e+20,6.320841e+18,2.857794e+20,5.060388e+19,1.113792e+21,2.155949e+02,8.668983e+01,1.289051e+02,NaN,NaN,NaN,NaN,3.021180e-02,NaN,6.195103e+06,1.926619e-02
4.509459e+07,2.048466e+03,2.048577e+03,1.916586e+00,1.441377e+03,4.881498e+03,8.852971e-02,NaN,NaN,8.348179e-02,4.276897e+16,5.616718e+18,2.673257e+20,6.331767e+18,2.855913e+20,5.071101e+19,1.114678e+21,2.157301e+02,8.687335e+01,1.288567e+02,NaN,NaN,NaN,NaN,3.019896e-02,NaN,6.195403e+06,1.930271e-02
4.514229e+07,2.048164e+03,2.048124e+03,0.000000e+00,1.433911e+03,4.879442e+03,8.828076e-02,NaN,NaN,0.000000e+00,4.277700e+16,5.600656e+18,2.673395e+20,6.349212e+18,2.853554e+20,5.083343e+19,1.115686e+21,2.158792e+02,8.708308e+01,1.287961e+02,NaN,NaN,NaN,NaN,3.018318e-02,NaN,6.195852e+06,1.932716e-02
4.518072e+07,2.047709e+03,2.047821e+03,1.914565e+00,1.427866e+03,4.877788e+03,8.811498e-02,NaN,NaN,8.356992e-02,4.277967e+16,5.589618e+18,2.673527e+20,6.360173e+18,2.851671e+20,5.094098e+19,1.116576e+21,2.160149e+02,8.726732e+01,1.287476e+02,NaN,NaN,NaN,NaN,3.017033e-02,NaN,6.196152e+06,1.936397e-02
4.522830e+07,2.047406e+03,2.047366e+03,0.000000e+00,1.420428e+03,4.875742e+03,8.786659e-02,NaN,NaN,0.000000e+00,4.278757e+16,5.573604e+18,2.673665e+20,6.377670e+18,2.849306e+20,5.106426e+19,1.117591e+21,2.161653e+02,8.747851e+01,1.286868e+02,NaN,NaN,NaN,NaN,3.015453e-02,NaN,6.196600e+06,1.938860e-02
4.526664e+07,2.046950e+03,2.047062e+03,1.912536e+00,1.414422e+03,4.874094e+03,8.770117e-02,NaN,NaN,8.365855e-02,4.279014e+16,5.562600e+18,2.673798e+20,6.388666e+18,2.847421e+20,5.117223e+19,1.118483e+21,2.163018e+02,8.766348e+01,1.286383e+02,NaN,NaN,NaN,NaN,3.014167e-02,NaN,6.196899e+06,1.942569e-02
4.531409e+07,2.046646e+03,2.046606e+03,0.000000e+00,1.407016e+03,4.872056e+03,8.745332e-02,NaN,NaN,0.000000e+00,4.279789e+16,5.546634e+18,2.673934e+20,6.406215e+18,2.845050e+20,5.129636e+19,1.119505e+21,2.164536e+02,8.787611e+01,1.285775e+02,NaN,NaN,NaN,NaN,3.012587e-02,NaN,6.197346e+06,1.945052e-02
4.535235e+07,2.046189e+03,2.046302e+03,1.910501e+00,1.401048e+03,4.870414e+03,8.728830e-02,NaN,NaN,8.374768e-02,4.280036e+16,5.535662e+18,2.674067e+20,6.417246e+18,2.843163e+20,5.140476e+19,1.120400e+21,2.165907e+02,8.806182e+01,1.285289e+02,NaN,NaN,NaN,NaN,3.011300e-02,NaN,6.197644e+06,1.948791e-02
4.539968e+07,2.045884e+03,2.045844e+03,0.000000e+00,1.393673e+03,4.868386e+03,8.704101e-02,NaN,NaN,0.000000e+00,4.280798e+16,5.519745e+18,2.674203e+20,6.434847e+18,2.840786e+20,5.152973e+19,1.121429e+21,2.167439e+02,8.827591e+01,1.284680e+02,NaN,NaN,NaN,NaN,3.009718e-02,NaN,6.198090e+06,1.951293e-02
4.543786e+07,2.045425e+03,2.045538e+03,1.908458e+00,1.387742e+03,4.866750e+03,8.687630e-02,NaN,NaN,8.383731e-02,4.281035e+16,5.508807e+18,2.674335e+20,6.445912e+18,2.838897e+20,5.163856e+19,1.122328e+21,2.168816e+02,8.846235e+01,1.284193e+02,NaN,NaN,NaN,NaN,3.008430e-02,NaN,6.198387e+06,1.955061e-02
4.548507e+07,2.045119e+03,2.045079e+03,0.000000e+00,1.380402e+03,4.864730e+03,8.662957e-02,NaN,NaN,0.000000e+00,4.281783e+16,5.492938e+18,2.674471e+20,6.463566e+18,2.836515e+20,5.176439e+19,1.123363e+21,2.170362e+02,8.867791e+01,1.283583e+02,NaN,NaN,NaN,NaN,3.006847e-02,NaN,6.198832e+06,1.957583e-02
4.552316e+07,2.044659e+03,2.044773e+03,1.906408e+00,1.374511e+03,4.863101e+03,8.646525e-02,NaN,NaN,8.392746e-02,4.282010e+16,5.482033e+18,2.674603e+20,6.474666e+18,2.834623e+20,5.187366e+19,1.124265e+21,2.171747e+02,8.886510e+01,1.283096e+02,NaN,NaN,NaN,NaN,3.005558e-02,NaN,6.199129e+06,1.961380e-02
4.557024e+07,2.044352e+03,2.044312e+03,0.000000e+00,1.367204e+03,4.861090e+03,8.621903e-02,NaN,NaN,0.000000e+00,4.282745e+16,5.466213e+18,2.674738e+20,6.492372e+18,2.832235e+20,5.200034e+19,1.125307e+21,2.173305e+02,8.908211e+01,1.282484e+02,NaN,NaN,NaN,NaN,3.003975e-02,NaN,6.199573e+06,1.963922e-02
4.560826e+07,2.043891e+03,2.044005e+03,1.904351e+00,1.361351e+03,4.859467e+03,8.605508e-02,NaN,NaN,8.401813e-02,4.282962e+16,5.455340e+18,2.674870e+20,6.503507e+18,2.830342e+20,5.211004e+19,1.126212e+21,2.174697e+02,8.927004e+01,1.281997e+02,NaN,NaN,NaN,NaN,3.002684e-02,NaN,6.199868e+06,1.967749e-02
4.565522e+07,2.043583e+03,2.043543e+03,0.000000e+00,1.354078e+03,4.857465e+03,8.580941e-02,NaN,NaN,0.000000e+00,4.283683e+16,5.439568e+18,2.675005e+20,6.521265e+18,2.827947e+20,5.223759e+19,1.127261e+21,2.176270e+02,8.948854e+01,1.281385e+02,NaN,NaN,NaN,NaN,3.001100e-02,NaN,6.200311e+06,1.970311e-02
4.569315e+07,2.043120e+03,2.043234e+03,1.902287e+00,1.348264e+03,4.855848e+03,8.564580e-02,NaN,NaN,8.410931e-02,4.283890e+16,5.428729e+18,2.675136e+20,6.532436e+18,2.826052e+20,5.234772e+19,1.128170e+21,2.177668e+02,8.967722e+01,1.280896e+02,NaN,NaN,NaN,NaN,2.999809e-02,NaN,6.200606e+06,1.974169e-02
4.573999e+07,2.042811e+03,2.042771e+03,0.000000e+00,1.341025e+03,4.853854e+03,8.540065e-02,NaN,NaN,0.000000e+00,4.284598e+16,5.413006e+18,2.675270e+20,6.550246e+18,2.823651e+20,5.247612e+19,1.129225e+21,2.179255e+02,8.989718e+01,1.280283e+02,NaN,NaN,NaN,NaN,2.998223e-02,NaN,6.201048e+06,1.976750e-02
4.577784e+07,2.042346e+03,2.042461e+03,1.900215e+00,1.335249e+03,4.852244e+03,8.523741e-02,NaN,NaN,8.420101e-02,4.284796e+16,5.402201e+18,2.675401e+20,6.561451e+18,2.821753e+20,5.258670e+19,1.130137e+21,2.180660e+02,9.008662e+01,1.279794e+02,NaN,NaN,NaN,NaN,2.996931e-02,NaN,6.201342e+06,1.980639e-02
4.582456e+07,2.042036e+03,2.041996e+03,0.000000e+00,1.328045e+03,4.850258e+03,8.499281e-02,NaN,NaN,0.000000e+00,4.285489e+16,5.386526e+18,2.675535e+20,6.579314e+18,2.819347e+20,5.271597e+19,1.131199e+21,2.182262e+02,9.030806e+01,1.279181e+02,NaN,NaN,NaN,NaN,2.995344e-02,NaN,6.201783e+06,1.983241e-02
4.586233e+07,2.041570e+03,2.041686e+03,1.898136e+00,1.322306e+03,4.848654e+03,8.482990e-02,NaN,NaN,8.429323e-02,4.285677e+16,5.375754e+18,2.675665e+20,6.590554e+18,2.817447e+20,5.282699e+19,1.132115e+21,2.183673e+02,9.049825e+01,1.278691e+02,NaN,NaN,NaN,NaN,2.994051e-02,NaN,6.202076e+06,1.987160e-02
4.590893e+07,2.041259e+03,2.041219e+03,0.000000e+00,1.315134e+03,4.846677e+03,8.458581e-02,NaN,NaN,0.000000e+00,4.286358e+16,5.360128e+18,2.675799e+20,6.608470e+18,2.815034e+20,5.295712e+19,1.133183e+21,2.185289e+02,9.072117e+01,1.278077e+02,NaN,NaN,NaN,NaN,2.992464e-02,NaN,6.202516e+06,1.989783e-02
4.594662e+07,2.040792e+03,2.040908e+03,1.896050e+00,1.310398e+03,4.845079e+03,8.442329e-02,NaN,NaN,8.438598e-02,4.286536e+16,5.349389e+18,2.675929e+20,6.619745e+18,2.813132e+20,5.306858e+19,1.134103e+21,2.186707e+02,9.091213e+01,1.277586e+02,NaN,NaN,NaN,NaN,2.991170e-02,NaN,6.202808e+06,1.993733e-02
4.599310e+07,2.040480e+03,2.040440e+03,0.000000e+00,1.303286e+03,4.843110e+03,8.417974e-02,NaN,NaN,0.000000e+00,4.287204e+16,5.333812e+18,2.676062e+20,6.637713e+18,2.810713e+20,5.319957e+19,1.135178e+21,2.188336e+02,9.113653e+01,1.276971e+02,NaN,NaN,NaN,NaN,2.989582e-02,NaN,6.203247e+06,1.996377e-02
4.603071e+07,2.040012e+03,2.040128e+03,1.893956e+00,1.297643e+03,4.841518e+03,8.401754e-02,NaN,NaN,8.447926e-02,4.287372e+16,5.323106e+18,2.676191e+20,6.649023e+18,2.808808e+20,5.331149e+19,1.136101e+21,2.189762e+02,9.132825e+01,1.276480e+02,NaN,NaN,NaN,NaN,2.988287e-02,NaN,6.203538e+06,2.000358e-02
4.607707e+07,2.039699e+03,2.039659e+03,0.000000e+00,1.290566e+03,4.839558e+03,8.377450e-02,NaN,NaN,0.000000e+00,4.288026e+16,5.307578e+18,2.676324e+20,6.667044e+18,2.806383e+20,5.344335e+19,1.137182e+21,2.191406e+02,9.155414e+01,1.275865e+02,NaN,NaN,NaN,NaN,2.986698e-02,NaN,6.203976e+06,2.003023e-02
4.611460e+07,2.039229e+03,2.039345e+03,1.891855e+00,1.284962e+03,4.837972e+03,8.361266e-02,NaN,NaN,8.457308e-02,4.288186e+16,5.296905e+18,2.676453e+20,6.678389e+18,2.804476e+20,5.355572e+19,1.138109e+21,2.192839e+02,9.174664e+01,1.275373e+02,NaN,NaN,NaN,NaN,2.985403e-02,NaN,6.204267e+06,2.007036e-02
4.616084e+07,2.038915e+03,2.038875e+03,0.000000e+00,1.277921e+03,4.836019e+03,8.337015e-02,NaN,NaN,0.000000e+00,4.288826e+16,5.281426e+18,2.676585e+20,6.696462e+18,2.802045e+20,5.368844e+19,1.139197e+21,2.194497e+02,9.197401e+01,1.274757e+02,NaN,NaN,NaN,NaN,2.983813e-02,NaN,6.204703e+06,2.009722e-02
4.619830e+07,2.038443e+03,2.038560e+03,1.889747e+00,1.272355e+03,4.834439e+03,8.320865e-02,NaN,NaN,8.466743e-02,4.288976e+16,5.270787e+18,2.676714e+20,6.707842e+18,2.800136e+20,5.380126e+19,1.140127e+21,2.195937e+02,9.216728e+01,1.274264e+02,NaN,NaN,NaN,NaN,2.982517e-02,NaN,6.204993e+06,2.013767e-02
4.624442e+07,2.038128e+03,2.038088e+03,0.000000e+00,1.265350e+03,4.832495e+03,8.296665e-02,NaN,NaN,0.000000e+00,4.289604e+16,5.255357e+18,2.676846e+20,6.725968e+18,2.797698e+20,5.393486e+19,1.141223e+21,2.197609e+02,9.239615e+01,1.273647e+02,NaN,NaN,NaN,NaN,2.980927e-02,NaN,6.205428e+06,2.016474e-02
4.628179e+07,2.037655e+03,2.037773e+03,1.887631e+00,1.259821e+03,4.830921e+03,8.280549e-02,NaN,NaN,8.476233e-02,4.289744e+16,5.244751e+18,2.676975e+20,6.737383e+18,2.795786e+20,5.404813e+19,1.142156e+21,2.199056e+02,9.259020e+01,1.273154e+02,NaN,NaN,NaN,NaN,2.979630e-02,NaN,6.205718e+06,2.020552e-02
4.632780e+07,2.037339e+03,2.037299e+03,0.000000e+00,1.252851e+03,4.828985e+03,8.256401e-02,NaN,NaN,0.000000e+00,4.290359e+16,5.229370e+18,2.677106e+20,6.755561e+18,2.793343e+20,5.418260e+19,1.143258e+21,2.200743e+02,9.282055e+01,1.272537e+02,NaN,NaN,NaN,NaN,2.978039e-02,NaN,6.206152e+06,2.023281e-02
4.636510e+07,2.036865e+03,2.036983e+03,1.885508e+00,1.247362e+03,4.827417e+03,8.240321e-02,NaN,NaN,8.485776e-02,4.290490e+16,5.218798e+18,2.677234e+20,6.767011e+18,2.791428e+20,5.429633e+19,1.144195e+21,2.202197e+02,9.301538e+01,1.272043e+02,NaN,NaN,NaN,NaN,2.976741e-02,NaN,6.206441e+06,2.027391e-02
4.641099e+07,2.036548e+03,2.036508e+03,0.000000e+00,1.240430e+03,4.825489e+03,8.216225e-02,NaN,NaN,0.000000e+00,4.291091e+16,5.203465e+18,2.677364e+20,6.785243e+18,2.788978e+20,5.443168e+19,1.145304e+21,2.203897e+02,9.324725e+01,1.271425e+02,NaN,NaN,NaN,NaN,2.975149e-02,NaN,6.206874e+06,2.030142e-02
4.644821e+07,2.036072e+03,2.036191e+03,1.883378e+00,1.234980e+03,4.823927e+03,8.200175e-02,NaN,NaN,8.495375e-02,4.291213e+16,5.192927e+18,2.677493e+20,6.796728e+18,2.787061e+20,5.454587e+19,1.146245e+21,2.205360e+02,9.344287e+01,1.270931e+02,NaN,NaN,NaN,NaN,2.973851e-02,NaN,6.207162e+06,2.034285e-02
4.649398e+07,2.035754e+03,2.035714e+03,0.000000e+00,1.228085e+03,4.822007e+03,8.176129e-02,NaN,NaN,0.000000e+00,4.291802e+16,5.177644e+18,2.677623e+20,6.815011e+18,2.784605e+20,5.468208e+19,1.147361e+21,2.207074e+02,9.367622e+01,1.270312e+02,NaN,NaN,NaN,NaN,2.972259e-02,NaN,6.207594e+06,2.037058e-02
4.653112e+07,2.035277e+03,2.035396e+03,1.881240e+00,1.222674e+03,4.820450e+03,8.160117e-02,NaN,NaN,8.505029e-02,4.291914e+16,5.167139e+18,2.677751e+20,6.826532e+18,2.782685e+20,5.479673e+19,1.148305e+21,2.208544e+02,9.387263e+01,1.269818e+02,NaN,NaN,NaN,NaN,2.970960e-02,NaN,6.207881e+06,2.041234e-02
4.657678e+07,2.034958e+03,2.034918e+03,0.000000e+00,1.215816e+03,4.818539e+03,8.136122e-02,NaN,NaN,0.000000e+00,4.292490e+16,5.151904e+18,2.677880e+20,6.844869e+18,2.780222e+20,5.493383e+19,1.149427e+21,2.210273e+02,9.410750e+01,1.269198e+02,NaN,NaN,NaN,NaN,2.969367e-02,NaN,6.208312e+06,2.044029e-02
4.661385e+07,2.034479e+03,2.034599e+03,1.879095e+00,1.210443e+03,4.816988e+03,8.120144e-02,NaN,NaN,8.514738e-02,4.292593e+16,5.141433e+18,2.678007e+20,6.856424e+18,2.778300e+20,5.504895e+19,1.150375e+21,2.211750e+02,9.430470e+01,1.268703e+02,NaN,NaN,NaN,NaN,2.968068e-02,NaN,6.208598e+06,2.048239e-02
4.665939e+07,2.034159e+03,2.034119e+03,0.000000e+00,1.203624e+03,4.815084e+03,8.096199e-02,NaN,NaN,0.000000e+00,4.293156e+16,5.126249e+18,2.678136e+20,6.874812e+18,2.775831e+20,5.518692e+19,1.151505e+21,2.213494e+02,9.454106e+01,1.268083e+02,NaN,NaN,NaN,NaN,2.966474e-02,NaN,6.209028e+06,2.051057e-02
4.669638e+07,2.033679e+03,2.033799e+03,1.876942e+00,1.199260e+03,4.813539e+03,8.080250e-02,NaN,NaN,8.524503e-02,4.293250e+16,5.115811e+18,2.678264e+20,6.886403e+18,2.773906e+20,5.530250e+19,1.152456e+21,2.214979e+02,9.473906e+01,1.267588e+02,NaN,NaN,NaN,NaN,2.965174e-02,NaN,6.209314e+06,2.055301e-02
4.674181e+07,2.033358e+03,2.033318e+03,0.000000e+00,1.192500e+03,4.811643e+03,8.056356e-02,NaN,NaN,0.000000e+00,4.293801e+16,5.100675e+18,2.678392e+20,6.904845e+18,2.771431e+20,5.544136e+19,1.153592e+21,2.216737e+02,9.497695e+01,1.266967e+02,NaN,NaN,NaN,NaN,2.963581e-02,NaN,6.209742e+06,2.058141e-02
4.677872e+07,2.032877e+03,2.032997e+03,1.874782e+00,1.187224e+03,4.810103e+03,8.040444e-02,NaN,NaN,8.534324e-02,4.293886e+16,5.090271e+18,2.678519e+20,6.916470e+18,2.769503e+20,5.555741e+19,1.154547e+21,2.218228e+02,9.517575e+01,1.266471e+02,NaN,NaN,NaN,NaN,2.962280e-02,NaN,6.210027e+06,2.062419e-02
4.682404e+07,2.032555e+03,2.032515e+03,0.000000e+00,1.180506e+03,4.808215e+03,8.016599e-02,NaN,NaN,0.000000e+00,4.294424e+16,5.075185e+18,2.678647e+20,6.934964e+18,2.767021e+20,5.569714e+19,1.155690e+21,2.220001e+02,9.541512e+01,1.265850e+02,NaN,NaN,NaN,NaN,2.960686e-02,NaN,6.210454e+06,2.065283e-02
4.686088e+07,2.032072e+03,2.032193e+03,1.872615e+00,1.175268e+03,4.806681e+03,8.000721e-02,NaN,NaN,8.544202e-02,4.294499e+16,5.064815e+18,2.678773e+20,6.946624e+18,2.765091e+20,5.581365e+19,1.156649e+21,2.221501e+02,9.561473e+01,1.265354e+02,NaN,NaN,NaN,NaN,2.959385e-02,NaN,6.210739e+06,2.069595e-02
4.690608e+07,2.031749e+03,2.031709e+03,0.000000e+00,1.168589e+03,4.804801e+03,7.976926e-02,NaN,NaN,0.000000e+00,4.295025e+16,5.049777e+18,2.678901e+20,6.965171e+18,2.762602e+20,5.595428e+19,1.157799e+21,2.223288e+02,9.585564e+01,1.264732e+02,NaN,NaN,NaN,NaN,2.957790e-02,NaN,6.211165e+06,2.072482e-02
4.694285e+07,2.031264e+03,2.031386e+03,1.870440e+00,1.163390e+03,4.803273e+03,7.961078e-02,NaN,NaN,8.554136e-02,4.295092e+16,5.039441e+18,2.679027e+20,6.976867e+18,2.760669e+20,5.607127e+19,1.158761e+21,2.224796e+02,9.605605e+01,1.264235e+02,NaN,NaN,NaN,NaN,2.956489e-02,NaN,6.211449e+06,2.076829e-02
4.698794e+07,2.030941e+03,2.030901e+03,0.000000e+00,1.156749e+03,4.801400e+03,7.937333e-02,NaN,NaN,0.000000e+00,4.295605e+16,5.024454e+18,2.679154e+20,6.995465e+18,2.758174e+20,5.621277e+19,1.159918e+21,2.226598e+02,9.629846e+01,1.263613e+02,NaN,NaN,NaN,NaN,2.954894e-02,NaN,6.211874e+06,2.079739e-02
4.702463e+07,2.030455e+03,2.030577e+03,1.868258e+00,1.151588e+03,4.799877e+03,7.921517e-02,NaN,NaN,8.564128e-02,4.295662e+16,5.014152e+18,2.679280e+20,7.007196e+18,2.756238e+20,5.633023e+19,1.160884e+21,2.228113e+02,9.649968e+01,1.263116e+02,NaN,NaN,NaN,NaN,2.953593e-02,NaN,6.212157e+06,2.084122e-02
4.706961e+07,2.030130e+03,2.030090e+03,0.000000e+00,1.144987e+03,4.798012e+03,7.897820e-02,NaN,NaN,0.000000e+00,4.296163e+16,4.999213e+18,2.679406e+20,7.025848e+18,2.753736e+20,5.647263e+19,1.162048e+21,2.229929e+02,9.674362e+01,1.262493e+02,NaN,NaN,NaN,NaN,2.951998e-02,NaN,6.212581e+06,2.087056e-02
4.710623e+07,2.029642e+03,2.029765e+03,1.866068e+00,1.139864e+03,4.796495e+03,7.882043e-02,NaN,NaN,8.574177e-02,4.296212e+16,4.988945e+18,2.679532e+20,7.037613e+18,2.751798e+20,5.659057e+19,1.163018e+21,2.231453e+02,9.694566e+01,1.261996e+02,NaN,NaN,NaN,NaN,2.950695e-02,NaN,6.212863e+06,2.091474e-02
4.715109e+07,2.029317e+03,2.029277e+03,0.000000e+00,1.133301e+03,4.794637e+03,7.858395e-02,NaN,NaN,0.000000e+00,4.296700e+16,4.974056e+18,2.679658e+20,7.056317e+18,2.749289e+20,5.673384e+19,1.164188e+21,2.233284e+02,9.719111e+01,1.261373e+02,NaN,NaN,NaN,NaN,2.949100e-02,NaN,6.213286e+06,2.094432e-02
4.718764e+07,2.028828e+03,2.028951e+03,1.863871e+00,1.128216e+03,4.793126e+03,7.842648e-02,NaN,NaN,8.584285e-02,4.296740e+16,4.963822e+18,2.679783e+20,7.068118e+18,2.747348e+20,5.685226e+19,1.165162e+21,2.234815e+02,9.739397e+01,1.260875e+02,NaN,NaN,NaN,NaN,2.947798e-02,NaN,6.213567e+06,2.098886e-02
4.723240e+07,2.028501e+03,2.028461e+03,0.000000e+00,1.121693e+03,4.791276e+03,7.819050e-02,NaN,NaN,0.000000e+00,4.297216e+16,4.948983e+18,2.679908e+20,7.086874e+18,2.744833e+20,5.699643e+19,1.166339e+21,2.236660e+02,9.764094e+01,1.260251e+02,NaN,NaN,NaN,NaN,2.946202e-02,NaN,6.213989e+06,2.101868e-02
4.726887e+07,2.028011e+03,2.028134e+03,1.861666e+00,1.116647e+03,4.789769e+03,7.803332e-02,NaN,NaN,8.594450e-02,4.297248e+16,4.938782e+18,2.680033e+20,7.098709e+18,2.742888e+20,5.711532e+19,1.167316e+21,2.238199e+02,9.784462e+01,1.259753e+02,NaN,NaN,NaN,NaN,2.944900e-02,NaN,6.214269e+06,2.106358e-02
4.731352e+07,2.027683e+03,2.027643e+03,0.000000e+00,1.110163e+03,4.787927e+03,7.779783e-02,NaN,NaN,0.000000e+00,4.297711e+16,4.923993e+18,2.680158e+20,7.117518e+18,2.740367e+20,5.726038e+19,1.168501e+21,2.240060e+02,9.809312e+01,1.259129e+02,NaN,NaN,NaN,NaN,2.943304e-02,NaN,6.214690e+06,2.109364e-02
4.734991e+07,2.027191e+03,2.027315e+03,1.859454e+00,1.105156e+03,4.786426e+03,7.764097e-02,NaN,NaN,8.604675e-02,4.297734e+16,4.913827e+18,2.680283e+20,7.129388e+18,2.738419e+20,5.737975e+19,1.169482e+21,2.241606e+02,9.829762e+01,1.258630e+02,NaN,NaN,NaN,NaN,2.942001e-02,NaN,6.214970e+06,2.113891e-02
4.739445e+07,2.026863e+03,2.026823e+03,0.000000e+00,1.098713e+03,4.784591e+03,7.740597e-02,NaN,NaN,0.000000e+00,4.298186e+16,4.899088e+18,2.680407e+20,7.148248e+18,2.735891e+20,5.752569e+19,1.170673e+21,2.243482e+02,9.854764e+01,1.258006e+02,NaN,NaN,NaN,NaN,2.940406e-02,NaN,6.215389e+06,2.116922e-02
4.743078e+07,2.026369e+03,2.026494e+03,1.857235e+00,1.094733e+03,4.783095e+03,7.724946e-02,NaN,NaN,8.614958e-02,4.298200e+16,4.888955e+18,2.680531e+20,7.160153e+18,2.733941e+20,5.764555e+19,1.171658e+21,2.245036e+02,9.875296e+01,1.257506e+02,NaN,NaN,NaN,NaN,2.939102e-02,NaN,6.215669e+06,2.121486e-02
4.747521e+07,2.026040e+03,2.026000e+03,0.000000e+00,1.088358e+03,4.781268e+03,7.701491e-02,NaN,NaN,0.000000e+00,4.298640e+16,4.874265e+18,2.680655e+20,7.179067e+18,2.731405e+20,5.779239e+19,1.172856e+21,2.246927e+02,9.900452e+01,1.256882e+02,NaN,NaN,NaN,NaN,2.937507e-02,NaN,6.216087e+06,2.124542e-02
4.751146e+07,2.025545e+03,2.025670e+03,1.855008e+00,1.083449e+03,4.779777e+03,7.685874e-02,NaN,NaN,8.625301e-02,4.298645e+16,4.864167e+18,2.680779e+20,7.191007e+18,2.729452e+20,5.791273e+19,1.173844e+21,2.248489e+02,9.921067e+01,1.256382e+02,NaN,NaN,NaN,NaN,2.936203e-02,NaN,6.216365e+06,2.129143e-02
4.755579e+07,2.025214e+03,2.025174e+03,0.000000e+00,1.077114e+03,4.777957e+03,7.662468e-02,NaN,NaN,0.000000e+00,4.299073e+16,4.849528e+18,2.680903e+20,7.209971e+18,2.726910e+20,5.806046e+19,1.175050e+21,2.250394e+02,9.946374e+01,1.255757e+02,NaN,NaN,NaN,NaN,2.934608e-02,NaN,6.216782e+06,2.132224e-02
4.759197e+07,2.024718e+03,2.024843e+03,1.852773e+00,1.072242e+03,4.776472e+03,7.646882e-02,NaN,NaN,8.635703e-02,4.299070e+16,4.839464e+18,2.681026e+20,7.221946e+18,2.724954e+20,5.818128e+19,1.176042e+21,2.251964e+02,9.967072e+01,1.255257e+02,NaN,NaN,NaN,NaN,2.933305e-02,NaN,6.217060e+06,2.136863e-02
4.763619e+07,2.024386e+03,2.024346e+03,0.000000e+00,1.065952e+03,4.774659e+03,7.623524e-02,NaN,NaN,0.000000e+00,4.299486e+16,4.824873e+18,2.681149e+20,7.240964e+18,2.722405e+20,5.832992e+19,1.177254e+21,2.253886e+02,9.992535e+01,1.254632e+02,NaN,NaN,NaN,NaN,2.931709e-02,NaN,6.217476e+06,2.139969e-02
4.767230e+07,2.023889e+03,2.024015e+03,1.850531e+00,1.061120e+03,4.773179e+03,7.607969e-02,NaN,NaN,8.646166e-02,4.299474e+16,4.814844e+18,2.681272e+20,7.252973e+18,2.720446e+20,5.845123e+19,1.178250e+21,2.255464e+02,1.001332e+02,1.254132e+02,NaN,NaN,NaN,NaN,2.930405e-02,NaN,6.217753e+06,2.144647e-02
4.771641e+07,2.023556e+03,2.023516e+03,0.000000e+00,1.054867e+03,4.771373e+03,7.584658e-02,NaN,NaN,0.000000e+00,4.299878e+16,4.800304e+18,2.681395e+20,7.272042e+18,2.717890e+20,5.860075e+19,1.179469e+21,2.257399e+02,1.003893e+02,1.253506e+02,NaN,NaN,NaN,NaN,2.928810e-02,NaN,6.218168e+06,2.147778e-02
4.775245e+07,2.023057e+03,2.023183e+03,1.848282e+00,1.050075e+03,4.769899e+03,7.569132e-02,NaN,NaN,8.656690e-02,4.299858e+16,4.790308e+18,2.681518e+20,7.284087e+18,2.715928e+20,5.872256e+19,1.180469e+21,2.258986e+02,1.005980e+02,1.253006e+02,NaN,NaN,NaN,NaN,2.927506e-02,NaN,6.218444e+06,2.152495e-02
4.779645e+07,2.022723e+03,2.022683e+03,0.000000e+00,1.043862e+03,4.768100e+03,7.545867e-02,NaN,NaN,0.000000e+00,4.300251e+16,4.775816e+18,2.681640e+20,7.303210e+18,2.713365e+20,5.887300e+19,1.181695e+21,2.260937e+02,1.008557e+02,1.252380e+02,NaN,NaN,NaN,NaN,2.925911e-02,NaN,6.218858e+06,2.155652e-02
4.783242e+07,2.022223e+03,2.022350e+03,1.846024e+00,1.039105e+03,4.766631e+03,7.530370e-02,NaN,NaN,8.667276e-02,4.300222e+16,4.765853e+18,2.681762e+20,7.315291e+18,2.711400e+20,5.899531e+19,1.182699e+21,2.262531e+02,1.010652e+02,1.251879e+02,NaN,NaN,NaN,NaN,2.924607e-02,NaN,6.219134e+06,2.160408e-02
4.787631e+07,2.021888e+03,2.021848e+03,0.000000e+00,1.032932e+03,4.764840e+03,7.507149e-02,NaN,NaN,0.000000e+00,4.300603e+16,4.751409e+18,2.681884e+20,7.334469e+18,2.708830e+20,5.914668e+19,1.183933e+21,2.264499e+02,1.013246e+02,1.251253e+02,NaN,NaN,NaN,NaN,2.923012e-02,NaN,6.219547e+06,2.163592e-02
4.791220e+07,2.021386e+03,2.021513e+03,1.843759e+00,1.028213e+03,4.763376e+03,7.491681e-02,NaN,NaN,8.677924e-02,4.300567e+16,4.741478e+18,2.682006e+20,7.346588e+18,2.706861e+20,5.926951e+19,1.184940e+21,2.266102e+02,1.015350e+02,1.250752e+02,NaN,NaN,NaN,NaN,2.921708e-02,NaN,6.219822e+06,2.168389e-02
4.795598e+07,2.021050e+03,2.021010e+03,0.000000e+00,1.022078e+03,4.761592e+03,7.468502e-02,NaN,NaN,0.000000e+00,4.300936e+16,4.727082e+18,2.682127e+20,7.365822e+18,2.704284e+20,5.942183e+19,1.186181e+21,2.268084e+02,1.017959e+02,1.250125e+02,NaN,NaN,NaN,NaN,2.920112e-02,NaN,6.220233e+06,2.171600e-02
4.799179e+07,2.020546e+03,2.020674e+03,1.841485e+00,1.017395e+03,4.760134e+03,7.453059e-02,NaN,NaN,8.688638e-02,4.300891e+16,4.717183e+18,2.682249e+20,7.377979e+18,2.702312e+20,5.954518e+19,1.187193e+21,2.269695e+02,1.020072e+02,1.249623e+02,NaN,NaN,NaN,NaN,2.918807e-02,NaN,6.220507e+06,2.176437e-02
4.803546e+07,2.020210e+03,2.020170e+03,0.000000e+00,1.011299e+03,4.758357e+03,7.429919e-02,NaN,NaN,0.000000e+00,4.301249e+16,4.702831e+18,2.682369e+20,7.397273e+18,2.699727e+20,5.969848e+19,1.188442e+21,2.271695e+02,1.022699e+02,1.248996e+02,NaN,NaN,NaN,NaN,2.917211e-02,NaN,6.220918e+06,2.179676e-02
4.807119e+07,2.019704e+03,2.019832e+03,1.839204e+00,1.006652e+03,4.756904e+03,7.414504e-02,NaN,NaN,8.699417e-02,4.301195e+16,4.692963e+18,2.682491e+20,7.409470e+18,2.697751e+20,5.982238e+19,1.189458e+21,2.273315e+02,1.024821e+02,1.248494e+02,NaN,NaN,NaN,NaN,2.915906e-02,NaN,6.221192e+06,2.184555e-02
4.811474e+07,2.019366e+03,2.019326e+03,0.000000e+00,1.001596e+03,4.755135e+03,7.391402e-02,NaN,NaN,0.000000e+00,4.301541e+16,4.678656e+18,2.682611e+20,7.428823e+18,2.695159e+20,5.997665e+19,1.190714e+21,2.275330e+02,1.027464e+02,1.247866e+02,NaN,NaN,NaN,NaN,2.914310e-02,NaN,6.221602e+06,2.187823e-02
4.815040e+07,2.018859e+03,2.018988e+03,1.836914e+00,9.970084e+02,4.753688e+03,7.376012e-02,NaN,NaN,8.710262e-02,4.301479e+16,4.668818e+18,2.682732e+20,7.441060e+18,2.693180e+20,6.010110e+19,1.191734e+21,2.276960e+02,1.029596e+02,1.247364e+02,NaN,NaN,NaN,NaN,2.913005e-02,NaN,6.221874e+06,2.192745e-02
4.819383e+07,2.018520e+03,2.018480e+03,0.000000e+00,9.910222e+02,4.751926e+03,7.352944e-02,NaN,NaN,0.000000e+00,4.301814e+16,4.654555e+18,2.682852e+20,7.460475e+18,2.690579e+20,6.025638e+19,1.192999e+21,2.278991e+02,1.032256e+02,1.246735e+02,NaN,NaN,NaN,NaN,2.911408e-02,NaN,6.222283e+06,2.196040e-02
4.822941e+07,2.018011e+03,2.018141e+03,1.834615e+00,9.864696e+02,4.750484e+03,7.337578e-02,NaN,NaN,8.721176e-02,4.301744e+16,4.644747e+18,2.682973e+20,7.472754e+18,2.688596e+20,6.038139e+19,1.194023e+21,2.280629e+02,1.034397e+02,1.246232e+02,NaN,NaN,NaN,NaN,2.910102e-02,NaN,6.222556e+06,2.201006e-02
4.827272e+07,2.017671e+03,2.017631e+03,0.000000e+00,9.805209e+02,4.748730e+03,7.314543e-02,NaN,NaN,0.000000e+00,4.302068e+16,4.630525e+18,2.683092e+20,7.492232e+18,2.685988e+20,6.053770e+19,1.195295e+21,2.282678e+02,1.037075e+02,1.245603e+02,NaN,NaN,NaN,NaN,2.908504e-02,NaN,6.222964e+06,2.204331e-02
4.830822e+07,2.017160e+03,2.017290e+03,1.832307e+00,9.760044e+02,4.747294e+03,7.299201e-02,NaN,NaN,8.732160e-02,4.301989e+16,4.620746e+18,2.683213e+20,7.504554e+18,2.684001e+20,6.066328e+19,1.196324e+21,2.284327e+02,1.039227e+02,1.245100e+02,NaN,NaN,NaN,NaN,2.907197e-02,NaN,6.223235e+06,2.209341e-02
4.835140e+07,2.016819e+03,2.016779e+03,0.000000e+00,9.700922e+02,4.745547e+03,7.276197e-02,NaN,NaN,0.000000e+00,4.302301e+16,4.606567e+18,2.683332e+20,7.524096e+18,2.681384e+20,6.082063e+19,1.197605e+21,2.286393e+02,1.041922e+02,1.244471e+02,NaN,NaN,NaN,NaN,2.905599e-02,NaN,6.223642e+06,2.212696e-02
4.838682e+07,2.016306e+03,2.016437e+03,1.829991e+00,9.656105e+02,4.744116e+03,7.260875e-02,NaN,NaN,8.743215e-02,4.302214e+16,4.596816e+18,2.683452e+20,7.536462e+18,2.679394e+20,6.094680e+19,1.198639e+21,2.288050e+02,1.044084e+02,1.243966e+02,NaN,NaN,NaN,NaN,2.904292e-02,NaN,6.223913e+06,2.217751e-02
4.842988e+07,2.015964e+03,2.015924e+03,0.000000e+00,9.597354e+02,4.742378e+03,7.237902e-02,NaN,NaN,0.000000e+00,4.302515e+16,4.582676e+18,2.683570e+20,7.556072e+18,2.676769e+20,6.110522e+19,1.199927e+21,2.290133e+02,1.046797e+02,1.243336e+02,NaN,NaN,NaN,NaN,2.902692e-02,NaN,6.224320e+06,2.221137e-02
4.846521e+07,2.015449e+03,2.015581e+03,1.827665e+00,9.552882e+02,4.740953e+03,7.222599e-02,NaN,NaN,8.754341e-02,4.302420e+16,4.572953e+18,2.683691e+20,7.568483e+18,2.674774e+20,6.123199e+19,1.200966e+21,2.291801e+02,1.048969e+02,1.242832e+02,NaN,NaN,NaN,NaN,2.901384e-02,NaN,6.224590e+06,2.226238e-02
4.850814e+07,2.015106e+03,2.015066e+03,0.000000e+00,9.494509e+02,4.739222e+03,7.199653e-02,NaN,NaN,0.000000e+00,4.302710e+16,4.558853e+18,2.683809e+20,7.588161e+18,2.672140e+20,6.139150e+19,1.202263e+21,2.293903e+02,1.051702e+02,1.242201e+02,NaN,NaN,NaN,NaN,2.899784e-02,NaN,6.224996e+06,2.229655e-02
4.854339e+07,2.014589e+03,2.014721e+03,1.825329e+00,9.450376e+02,4.737802e+03,7.184366e-02,NaN,NaN,8.765542e-02,4.302606e+16,4.549156e+18,2.683929e+20,7.600620e+18,2.670141e+20,6.151889e+19,1.203306e+21,2.295579e+02,1.053884e+02,1.241695e+02,NaN,NaN,NaN,NaN,2.898475e-02,NaN,6.225266e+06,2.234803e-02
4.858619e+07,2.014244e+03,2.014204e+03,0.000000e+00,9.392370e+02,4.736079e+03,7.161449e-02,NaN,NaN,0.000000e+00,4.302885e+16,4.535095e+18,2.684046e+20,7.620366e+18,2.667499e+20,6.167948e+19,1.204612e+21,2.297699e+02,1.056635e+02,1.241064e+02,NaN,NaN,NaN,NaN,2.896874e-02,NaN,6.225670e+06,2.238252e-02
4.862135e+07,2.013726e+03,2.013859e+03,1.822984e+00,9.348574e+02,4.734665e+03,7.146196e-02,NaN,NaN,8.776818e-02,4.302773e+16,4.525424e+18,2.684166e+20,7.632873e+18,2.665495e+20,6.180750e+19,1.205660e+21,2.299386e+02,1.058828e+02,1.240558e+02,NaN,NaN,NaN,NaN,2.895563e-02,NaN,6.225940e+06,2.243448e-02
4.866402e+07,2.013380e+03,2.013340e+03,0.000000e+00,9.290922e+02,4.732950e+03,7.123346e-02,NaN,NaN,0.000000e+00,4.303040e+16,4.511399e+18,2.684283e+20,7.652693e+18,2.662844e+20,6.196925e+19,1.206975e+21,2.301524e+02,1.061599e+02,1.239925e+02,NaN,NaN,NaN,NaN,2.893961e-02,NaN,6.226344e+06,2.246929e-02
4.869909e+07,2.012859e+03,2.012993e+03,1.820629e+00,9.247448e+02,4.731541e+03,7.108139e-02,NaN,NaN,8.788171e-02,4.302920e+16,4.501754e+18,2.684403e+20,7.665249e+18,2.660836e+20,6.209791e+19,1.208028e+21,2.303222e+02,1.063803e+02,1.239419e+02,NaN,NaN,NaN,NaN,2.892650e-02,NaN,6.226613e+06,2.252175e-02
4.874163e+07,2.012512e+03,2.012472e+03,0.000000e+00,9.200087e+02,4.729834e+03,7.085357e-02,NaN,NaN,0.000000e+00,4.303176e+16,4.487766e+18,2.684519e+20,7.685142e+18,2.658175e+20,6.226080e+19,1.209352e+21,2.305379e+02,1.066594e+02,1.238785e+02,NaN,NaN,NaN,NaN,2.891046e-02,NaN,6.227016e+06,2.255689e-02
4.877661e+07,2.011989e+03,2.012124e+03,1.818264e+00,9.157208e+02,4.728432e+03,7.070194e-02,NaN,NaN,8.799603e-02,4.303048e+16,4.478145e+18,2.684639e+20,7.697749e+18,2.656163e+20,6.239012e+19,1.210411e+21,2.307087e+02,1.068809e+02,1.238278e+02,NaN,NaN,NaN,NaN,2.889733e-02,NaN,6.227284e+06,2.260986e-02
4.881901e+07,2.011640e+03,2.011600e+03,0.000000e+00,9.100609e+02,4.726733e+03,7.047479e-02,NaN,NaN,0.000000e+00,4.303293e+16,4.464193e+18,2.684755e+20,7.717717e+18,2.653493e+20,6.255417e+19,1.211744e+21,2.309264e+02,1.071620e+02,1.237644e+02,NaN,NaN,NaN,NaN,2.888128e-02,NaN,6.227687e+06,2.264533e-02
4.885390e+07,2.011116e+03,2.011251e+03,1.815888e+00,9.058047e+02,4.725336e+03,7.032358e-02,NaN,NaN,8.811115e-02,4.303156e+16,4.454595e+18,2.684874e+20,7.730375e+18,2.651476e+20,6.268416e+19,1.212807e+21,2.310982e+02,1.073846e+02,1.237136e+02,NaN,NaN,NaN,NaN,2.886814e-02,NaN,6.227955e+06,2.269881e-02
4.889617e+07,2.010766e+03,2.010726e+03,0.000000e+00,9.001794e+02,4.723645e+03,7.009708e-02,NaN,NaN,0.000000e+00,4.303390e+16,4.440675e+18,2.684990e+20,7.750424e+18,2.648795e+20,6.284944e+19,1.214150e+21,2.313179e+02,1.076678e+02,1.236501e+02,NaN,NaN,NaN,NaN,2.885208e-02,NaN,6.228356e+06,2.273463e-02
4.893096e+07,2.010239e+03,2.010375e+03,1.813502e+00,8.959565e+02,4.722254e+03,6.994627e-02,NaN,NaN,8.822708e-02,4.303245e+16,4.431102e+18,2.685109e+20,7.763135e+18,2.646773e+20,6.298012e+19,1.215219e+21,2.314908e+02,1.078916e+02,1.235992e+02,NaN,NaN,NaN,NaN,2.883892e-02,NaN,6.228624e+06,2.278863e-02
4.897309e+07,2.009887e+03,2.009847e+03,0.000000e+00,8.903658e+02,4.720571e+03,6.972041e-02,NaN,NaN,0.000000e+00,4.303468e+16,4.417215e+18,2.685225e+20,7.783263e+18,2.644083e+20,6.314661e+19,1.216571e+21,2.317124e+02,1.081769e+02,1.235355e+02,NaN,NaN,NaN,NaN,2.882284e-02,NaN,6.229025e+06,2.282481e-02
4.900779e+07,2.009358e+03,2.009495e+03,1.811105e+00,8.861747e+02,4.719186e+03,6.957000e-02,NaN,NaN,8.834386e-02,4.303315e+16,4.407663e+18,2.685343e+20,7.796030e+18,2.642056e+20,6.327800e+19,1.217646e+21,2.318865e+02,1.084019e+02,1.234846e+02,NaN,NaN,NaN,NaN,2.880967e-02,NaN,6.229292e+06,2.287935e-02
4.904977e+07,2.009005e+03,2.008965e+03,0.000000e+00,8.806162e+02,4.717511e+03,6.934475e-02,NaN,NaN,0.000000e+00,4.303526e+16,4.393810e+18,2.685459e+20,7.816238e+18,2.639356e+20,6.344573e+19,1.219008e+21,2.321101e+02,1.086893e+02,1.234208e+02,NaN,NaN,NaN,NaN,2.879357e-02,NaN,6.229693e+06,2.291589e-02
4.908437e+07,2.008474e+03,2.008611e+03,1.808697e+00,8.764566e+02,4.716132e+03,6.919474e-02,NaN,NaN,8.846148e-02,4.303365e+16,4.384280e+18,2.685577e+20,7.829062e+18,2.637324e+20,6.357783e+19,1.220088e+21,2.322854e+02,1.089156e+02,1.233698e+02,NaN,NaN,NaN,NaN,2.878038e-02,NaN,6.229960e+06,2.297097e-02
4.912621e+07,2.008119e+03,2.008079e+03,0.000000e+00,8.709334e+02,4.714465e+03,6.897007e-02,NaN,NaN,0.000000e+00,4.303565e+16,4.370455e+18,2.685692e+20,7.849357e+18,2.634614e+20,6.374687e+19,1.221460e+21,2.325111e+02,1.092052e+02,1.233059e+02,NaN,NaN,NaN,NaN,2.876426e-02,NaN,6.230360e+06,2.300788e-02
4.916071e+07,2.007586e+03,2.007724e+03,1.806277e+00,8.668051e+02,4.713092e+03,6.882044e-02,NaN,NaN,8.857999e-02,4.303395e+16,4.360946e+18,2.685811e+20,7.862238e+18,2.632576e+20,6.387970e+19,1.222546e+21,2.326875e+02,1.094327e+02,1.232548e+02,NaN,NaN,NaN,NaN,2.875106e-02,NaN,6.230626e+06,2.306352e-02
4.920240e+07,2.007229e+03,2.007189e+03,0.000000e+00,8.613154e+02,4.711434e+03,6.859633e-02,NaN,NaN,0.000000e+00,4.303584e+16,4.347152e+18,2.685925e+20,7.882619e+18,2.629855e+20,6.405004e+19,1.223929e+21,2.329153e+02,1.097245e+02,1.231908e+02,NaN,NaN,NaN,NaN,2.873492e-02,NaN,6.231026e+06,2.310081e-02
4.923681e+07,2.006694e+03,2.006832e+03,1.803846e+00,8.572178e+02,4.710066e+03,6.844708e-02,NaN,NaN,8.869938e-02,4.303407e+16,4.337662e+18,2.686043e+20,7.895561e+18,2.627812e+20,6.418364e+19,1.225021e+21,2.330930e+02,1.099534e+02,1.231396e+02,NaN,NaN,NaN,NaN,2.872170e-02,NaN,6.231292e+06,2.315702e-02
4.927834e+07,2.006336e+03,2.006296e+03,0.000000e+00,8.517605e+02,4.708417e+03,6.822349e-02,NaN,NaN,0.000000e+00,4.303584e+16,4.323898e+18,2.686158e+20,7.916029e+18,2.625079e+20,6.435529e+19,1.226413e+21,2.333230e+02,1.102475e+02,1.230755e+02,NaN,NaN,NaN,NaN,2.870553e-02,NaN,6.231691e+06,2.319470e-02
4.931265e+07,2.005797e+03,2.005937e+03,1.801402e+00,8.476934e+02,4.707055e+03,6.807460e-02,NaN,NaN,8.881969e-02,4.303398e+16,4.314427e+18,2.686276e+20,7.929032e+18,2.623031e+20,6.448966e+19,1.227511e+21,2.335019e+02,1.104777e+02,1.230242e+02,NaN,NaN,NaN,NaN,2.869229e-02,NaN,6.231957e+06,2.325150e-02
4.935403e+07,2.005438e+03,2.005398e+03,0.000000e+00,8.432722e+02,4.705414e+03,6.785153e-02,NaN,NaN,0.000000e+00,4.303565e+16,4.300688e+18,2.686390e+20,7.949594e+18,2.620287e+20,6.466269e+19,1.228915e+21,2.337341e+02,1.107741e+02,1.229600e+02,NaN,NaN,NaN,NaN,2.867610e-02,NaN,6.232355e+06,2.328957e-02
4.938824e+07,2.004897e+03,2.005037e+03,1.798947e+00,8.392624e+02,4.704059e+03,6.770299e-02,NaN,NaN,8.894093e-02,4.303371e+16,4.291237e+18,2.686508e+20,7.962659e+18,2.618232e+20,6.479785e+19,1.230019e+21,2.339141e+02,1.110056e+02,1.229085e+02,NaN,NaN,NaN,NaN,2.866284e-02,NaN,6.232621e+06,2.334697e-02
4.942946e+07,2.004536e+03,2.004496e+03,0.000000e+00,8.339075e+02,4.702426e+03,6.748042e-02,NaN,NaN,0.000000e+00,4.303526e+16,4.277524e+18,2.686621e+20,7.983316e+18,2.615477e+20,6.497228e+19,1.231434e+21,2.341486e+02,1.113044e+02,1.228442e+02,NaN,NaN,NaN,NaN,2.864663e-02,NaN,6.233019e+06,2.338544e-02
4.946356e+07,2.003992e+03,2.004134e+03,1.796479e+00,8.299275e+02,4.701077e+03,6.733221e-02,NaN,NaN,8.906313e-02,4.303323e+16,4.268090e+18,2.686739e+20,7.996446e+18,2.613416e+20,6.510826e+19,1.232545e+21,2.343300e+02,1.115374e+02,1.227926e+02,NaN,NaN,NaN,NaN,2.863335e-02,NaN,6.233284e+06,2.344346e-02
4.950463e+07,2.003629e+03,2.003589e+03,0.000000e+00,8.246049e+02,4.699453e+03,6.711010e-02,NaN,NaN,0.000000e+00,4.303468e+16,4.254403e+18,2.686852e+20,8.017197e+18,2.610650e+20,6.528409e+19,1.233971e+21,2.345667e+02,1.118386e+02,1.227281e+02,NaN,NaN,NaN,NaN,2.861711e-02,NaN,6.233682e+06,2.348235e-02
4.953863e+07,2.003084e+03,2.003226e+03,1.793997e+00,8.206544e+02,4.698110e+03,6.696222e-02,NaN,NaN,8.918630e-02,4.303257e+16,4.244986e+18,2.686970e+20,8.030393e+18,2.608583e+20,6.542090e+19,1.235088e+21,2.347494e+02,1.120730e+02,1.226764e+02,NaN,NaN,NaN,NaN,2.860380e-02,NaN,6.233947e+06,2.354099e-02
4.957954e+07,2.002719e+03,2.002679e+03,0.000000e+00,8.153640e+02,4.696495e+03,6.674059e-02,NaN,NaN,0.000000e+00,4.303390e+16,4.231324e+18,2.687083e+20,8.051242e+18,2.605804e+20,6.559817e+19,1.236525e+21,2.349884e+02,1.123766e+02,1.226118e+02,NaN,NaN,NaN,NaN,2.858753e-02,NaN,6.234344e+06,2.358029e-02
4.961343e+07,2.002170e+03,2.002313e+03,1.791503e+00,8.114434e+02,4.695158e+03,6.659304e-02,NaN,NaN,8.931046e-02,4.303171e+16,4.221925e+18,2.687201e+20,8.064504e+18,2.603731e+20,6.573580e+19,1.237649e+21,2.351724e+02,1.126124e+02,1.225600e+02,NaN,NaN,NaN,NaN,2.857421e-02,NaN,6.234609e+06,2.363957e-02
4.965418e+07,2.001804e+03,2.001764e+03,0.000000e+00,8.061843e+02,4.693551e+03,6.637191e-02,NaN,NaN,0.000000e+00,4.303293e+16,4.208287e+18,2.687313e+20,8.085452e+18,2.600939e+20,6.591452e+19,1.239097e+21,2.354139e+02,1.129186e+02,1.224953e+02,NaN,NaN,NaN,NaN,2.855792e-02,NaN,6.235005e+06,2.367930e-02
4.968797e+07,2.001253e+03,2.001397e+03,1.788996e+00,8.022921e+02,4.692220e+03,6.622465e-02,NaN,NaN,8.943562e-02,4.303065e+16,4.198906e+18,2.687431e+20,8.098781e+18,2.598860e+20,6.605300e+19,1.240228e+21,2.355992e+02,1.131558e+02,1.224434e+02,NaN,NaN,NaN,NaN,2.854457e-02,NaN,6.235270e+06,2.373923e-02
4.972857e+07,2.000884e+03,2.000844e+03,0.000000e+00,7.970670e+02,4.690621e+03,6.600404e-02,NaN,NaN,0.000000e+00,4.303177e+16,4.185294e+18,2.687543e+20,8.119825e+18,2.596057e+20,6.623316e+19,1.241688e+21,2.358429e+02,1.134644e+02,1.223785e+02,NaN,NaN,NaN,NaN,2.852825e-02,NaN,6.235666e+06,2.377939e-02
4.976225e+07,2.000331e+03,2.000475e+03,1.786476e+00,7.932056e+02,4.689296e+03,6.585710e-02,NaN,NaN,8.956178e-02,4.302940e+16,4.175930e+18,2.687661e+20,8.133221e+18,2.593971e+20,6.637248e+19,1.242825e+21,2.360296e+02,1.137031e+02,1.223265e+02,NaN,NaN,NaN,NaN,2.851488e-02,NaN,6.235931e+06,2.383997e-02
4.980269e+07,1.999961e+03,1.999921e+03,0.000000e+00,7.880125e+02,4.687706e+03,6.563697e-02,NaN,NaN,0.000000e+00,4.303041e+16,4.162344e+18,2.687773e+20,8.154363e+18,2.591155e+20,6.655409e+19,1.244296e+21,2.362757e+02,1.140142e+02,1.222615e+02,NaN,NaN,NaN,NaN,2.849854e-02,NaN,6.236327e+06,2.388057e-02
4.983627e+07,1.999404e+03,1.999550e+03,1.783943e+00,7.841810e+02,4.686387e+03,6.549035e-02,NaN,NaN,8.968897e-02,4.302796e+16,4.152998e+18,2.687890e+20,8.167825e+18,2.589063e+20,6.669426e+19,1.245440e+21,2.364638e+02,1.142544e+02,1.222094e+02,NaN,NaN,NaN,NaN,2.848515e-02,NaN,6.236590e+06,2.394181e-02
4.987656e+07,1.999032e+03,1.998992e+03,0.000000e+00,7.790215e+02,4.684806e+03,6.527069e-02,NaN,NaN,0.000000e+00,4.302886e+16,4.139437e+18,2.688002e+20,8.189069e+18,2.586235e+20,6.687737e+19,1.246923e+21,2.367122e+02,1.145680e+02,1.221442e+02,NaN,NaN,NaN,NaN,2.846878e-02,NaN,6.236986e+06,2.398286e-02
4.991003e+07,1.998473e+03,1.998620e+03,1.781396e+00,7.762177e+02,4.683492e+03,6.512440e-02,NaN,NaN,8.981719e-02,4.302633e+16,4.130108e+18,2.688119e+20,8.202599e+18,2.584136e+20,6.701840e+19,1.248074e+21,2.369017e+02,1.148097e+02,1.220920e+02,NaN,NaN,NaN,NaN,2.845537e-02,NaN,6.237250e+06,2.404478e-02
4.995016e+07,1.998100e+03,1.998060e+03,0.000000e+00,7.711318e+02,4.681919e+03,6.490521e-02,NaN,NaN,0.000000e+00,4.302712e+16,4.116573e+18,2.688230e+20,8.223941e+18,2.581295e+20,6.720297e+19,1.249568e+21,2.371525e+02,1.151258e+02,1.220267e+02,NaN,NaN,NaN,NaN,2.843897e-02,NaN,6.237645e+06,2.408628e-02
4.998353e+07,1.997538e+03,1.997685e+03,1.778836e+00,7.673876e+02,4.680612e+03,6.475926e-02,NaN,NaN,8.994645e-02,4.302451e+16,4.107263e+18,2.688347e+20,8.237539e+18,2.579190e+20,6.734488e+19,1.250726e+21,2.373433e+02,1.153689e+02,1.219744e+02,NaN,NaN,NaN,NaN,2.842554e-02,NaN,6.237908e+06,2.414888e-02
5.002351e+07,1.997162e+03,1.997122e+03,0.000000e+00,7.623358e+02,4.679047e+03,6.454053e-02,NaN,NaN,0.000000e+00,4.302519e+16,4.093755e+18,2.688459e+20,8.258979e+18,2.576337e+20,6.753091e+19,1.252232e+21,2.375966e+02,1.156876e+02,1.219090e+02,NaN,NaN,NaN,NaN,2.840913e-02,NaN,6.238303e+06,2.419084e-02
5.005678e+07,1.996598e+03,1.996746e+03,1.776263e+00,7.586218e+02,4.677745e+03,6.439490e-02,NaN,NaN,9.007677e-02,4.302250e+16,4.084462e+18,2.688575e+20,8.272645e+18,2.574224e+20,6.767369e+19,1.253396e+21,2.377888e+02,1.159322e+02,1.218566e+02,NaN,NaN,NaN,NaN,2.839567e-02,NaN,6.238566e+06,2.425414e-02
5.009660e+07,1.996221e+03,1.996181e+03,0.000000e+00,7.536034e+02,4.676189e+03,6.417666e-02,NaN,NaN,0.000000e+00,4.302307e+16,4.070979e+18,2.688686e+20,8.294188e+18,2.571358e+20,6.786125e+19,1.254915e+21,2.380446e+02,1.162535e+02,1.217911e+02,NaN,NaN,NaN,NaN,2.837923e-02,NaN,6.238961e+06,2.429657e-02
5.012977e+07,1.995653e+03,1.995803e+03,1.773676e+00,7.499201e+02,4.674893e+03,6.403135e-02,NaN,NaN,9.020815e-02,4.302030e+16,4.061705e+18,2.688803e+20,8.307922e+18,2.569239e+20,6.800491e+19,1.256086e+21,2.382381e+02,1.164996e+02,1.217385e+02,NaN,NaN,NaN,NaN,2.836576e-02,NaN,6.239224e+06,2.436057e-02
5.016944e+07,1.995274e+03,1.995234e+03,0.000000e+00,7.449360e+02,4.673344e+03,6.381363e-02,NaN,NaN,0.000000e+00,4.302076e+16,4.048248e+18,2.688914e+20,8.329566e+18,2.566360e+20,6.819396e+19,1.257616e+21,2.384964e+02,1.168235e+02,1.216729e+02,NaN,NaN,NaN,NaN,2.834930e-02,NaN,6.239618e+06,2.440347e-02
5.020250e+07,1.994704e+03,1.994854e+03,1.771075e+00,7.412849e+02,4.672055e+03,6.366862e-02,NaN,NaN,9.034062e-02,4.301791e+16,4.038992e+18,2.689030e+20,8.343369e+18,2.564233e+20,6.833852e+19,1.258794e+21,2.386913e+02,1.170711e+02,1.216202e+02,NaN,NaN,NaN,NaN,2.833581e-02,NaN,6.239880e+06,2.446819e-02
5.024202e+07,1.994323e+03,1.994283e+03,0.000000e+00,7.363355e+02,4.670514e+03,6.345140e-02,NaN,NaN,0.000000e+00,4.301827e+16,4.025562e+18,2.689140e+20,8.365113e+18,2.561342e+20,6.852907e+19,1.260336e+21,2.389521e+02,1.173976e+02,1.215545e+02,NaN,NaN,NaN,NaN,2.831932e-02,NaN,6.240274e+06,2.451158e-02
5.027498e+07,1.993751e+03,1.993902e+03,1.768460e+00,7.327107e+02,4.669230e+03,6.330672e-02,NaN,NaN,9.047419e-02,4.301533e+16,4.016324e+18,2.689257e+20,8.378985e+18,2.559208e+20,6.867452e+19,1.261522e+21,2.391485e+02,1.176468e+02,1.215017e+02,NaN,NaN,NaN,NaN,2.830581e-02,NaN,6.240536e+06,2.457702e-02
5.031435e+07,1.993368e+03,1.993328e+03,0.000000e+00,7.277958e+02,4.667698e+03,6.308996e-02,NaN,NaN,0.000000e+00,4.301558e+16,4.002921e+18,2.689367e+20,8.400831e+18,2.556304e+20,6.886660e+19,1.263076e+21,2.394116e+02,1.179758e+02,1.214358e+02,NaN,NaN,NaN,NaN,2.828931e-02,NaN,6.240929e+06,2.462090e-02
5.034721e+07,1.992792e+03,1.992944e+03,1.765832e+00,7.242022e+02,4.666419e+03,6.294561e-02,NaN,NaN,9.060885e-02,4.301257e+16,3.993703e+18,2.689483e+20,8.414772e+18,2.554163e+20,6.901294e+19,1.264268e+21,2.396095e+02,1.182265e+02,1.213830e+02,NaN,NaN,NaN,NaN,2.827578e-02,NaN,6.241191e+06,2.468708e-02
5.038642e+07,1.992408e+03,1.992368e+03,0.000000e+00,7.193217e+02,4.664895e+03,6.272932e-02,NaN,NaN,0.000000e+00,4.301271e+16,3.980325e+18,2.689593e+20,8.436722e+18,2.551245e+20,6.920657e+19,1.265835e+21,2.398752e+02,1.185582e+02,1.213170e+02,NaN,NaN,NaN,NaN,2.825925e-02,NaN,6.241584e+06,2.473145e-02
5.041918e+07,1.991829e+03,1.991982e+03,1.763189e+00,7.167390e+02,4.663622e+03,6.258530e-02,NaN,NaN,9.074464e-02,4.300962e+16,3.971124e+18,2.689709e+20,8.450733e+18,2.549097e+20,6.935384e+19,1.267034e+21,2.400746e+02,1.188105e+02,1.212641e+02,NaN,NaN,NaN,NaN,2.824570e-02,NaN,6.241846e+06,2.479839e-02
5.045824e+07,1.991443e+03,1.991403e+03,0.000000e+00,7.119362e+02,4.662106e+03,6.236947e-02,NaN,NaN,0.000000e+00,4.300966e+16,3.957775e+18,2.689818e+20,8.472785e+18,2.546166e+20,6.954899e+19,1.268612e+21,2.403428e+02,1.191448e+02,1.211980e+02,NaN,NaN,NaN,NaN,2.822915e-02,NaN,6.242238e+06,2.484327e-02
5.049090e+07,1.990862e+03,1.991015e+03,1.760533e+00,7.084324e+02,4.660839e+03,6.222578e-02,NaN,NaN,9.088157e-02,4.300648e+16,3.948593e+18,2.689934e+20,8.486866e+18,2.544010e+20,6.969717e+19,1.269819e+21,2.405436e+02,1.193987e+02,1.211449e+02,NaN,NaN,NaN,NaN,2.821559e-02,NaN,6.242500e+06,2.491097e-02
5.052981e+07,1.990473e+03,1.990433e+03,0.000000e+00,7.036649e+02,4.659330e+03,6.201049e-02,NaN,NaN,0.000000e+00,4.300642e+16,3.935271e+18,2.690043e+20,8.509019e+18,2.541066e+20,6.989386e+19,1.271410e+21,2.408143e+02,1.197356e+02,1.210787e+02,NaN,NaN,NaN,NaN,2.819902e-02,NaN,6.242892e+06,2.495636e-02
5.056237e+07,1.989889e+03,1.990044e+03,1.757862e+00,7.001904e+02,4.658069e+03,6.186710e-02,NaN,NaN,9.101964e-02,4.300317e+16,3.926108e+18,2.690159e+20,8.523172e+18,2.538903e+20,7.004297e+19,1.272624e+21,2.410167e+02,1.199911e+02,1.210256e+02,NaN,NaN,NaN,NaN,2.818543e-02,NaN,6.243153e+06,2.502483e-02
5.060113e+07,1.989499e+03,1.989459e+03,0.000000e+00,6.954578e+02,4.656568e+03,6.165230e-02,NaN,NaN,0.000000e+00,4.300300e+16,3.912812e+18,2.690268e+20,8.545431e+18,2.535945e+20,7.024124e+19,1.274227e+21,2.412899e+02,1.203307e+02,1.209592e+02,NaN,NaN,NaN,NaN,2.816884e-02,NaN,6.243545e+06,2.507074e-02
5.063359e+07,1.988912e+03,1.989068e+03,1.755178e+00,6.920143e+02,4.655313e+03,6.150924e-02,NaN,NaN,9.115886e-02,4.299966e+16,3.903668e+18,2.690383e+20,8.559652e+18,2.533775e+20,7.039127e+19,1.275448e+21,2.414937e+02,1.205877e+02,1.209060e+02,NaN,NaN,NaN,NaN,2.815524e-02,NaN,6.243805e+06,2.514000e-02
5.067220e+07,1.988520e+03,1.988480e+03,0.000000e+00,6.873173e+02,4.653820e+03,6.129490e-02,NaN,NaN,0.000000e+00,4.299939e+16,3.890399e+18,2.690492e+20,8.582017e+18,2.530803e+20,7.059111e+19,1.277063e+21,2.417697e+02,1.209301e+02,1.208396e+02,NaN,NaN,NaN,NaN,2.813863e-02,NaN,6.244197e+06,2.518644e-02
5.070456e+07,1.987930e+03,1.988087e+03,1.752478e+00,6.839038e+02,4.652570e+03,6.115218e-02,NaN,NaN,9.129927e-02,4.299598e+16,3.881274e+18,2.690607e+20,8.596310e+18,2.528625e+20,7.074209e+19,1.278293e+21,2.419750e+02,1.211887e+02,1.207863e+02,NaN,NaN,NaN,NaN,2.812501e-02,NaN,6.244457e+06,2.525650e-02
5.074302e+07,1.987536e+03,1.987496e+03,0.000000e+00,6.792429e+02,4.651085e+03,6.093830e-02,NaN,NaN,0.000000e+00,4.299560e+16,3.868034e+18,2.690716e+20,8.618776e+18,2.525640e+20,7.094349e+19,1.279920e+21,2.422534e+02,1.215337e+02,1.207197e+02,NaN,NaN,NaN,NaN,2.810838e-02,NaN,6.244848e+06,2.530348e-02
5.077528e+07,1.986943e+03,1.987101e+03,1.749765e+00,6.758587e+02,4.649840e+03,6.079591e-02,NaN,NaN,9.144086e-02,4.299212e+16,3.858928e+18,2.690831e+20,8.633141e+18,2.523454e+20,7.109542e+19,1.281157e+21,2.424603e+02,1.217940e+02,1.206663e+02,NaN,NaN,NaN,NaN,2.809475e-02,NaN,6.245108e+06,2.537436e-02
5.081359e+07,1.986547e+03,1.986507e+03,0.000000e+00,6.712339e+02,4.648363e+03,6.058253e-02,NaN,NaN,0.000000e+00,4.299164e+16,3.845716e+18,2.690939e+20,8.655712e+18,2.520455e+20,7.129839e+19,1.282796e+21,2.427414e+02,1.221417e+02,1.205997e+02,NaN,NaN,NaN,NaN,2.807810e-02,NaN,6.245498e+06,2.542188e-02
5.084575e+07,1.985952e+03,1.986110e+03,1.747037e+00,6.678791e+02,4.647124e+03,6.044044e-02,NaN,NaN,9.158365e-02,4.298807e+16,3.836630e+18,2.691054e+20,8.670148e+18,2.518262e+20,7.145128e+19,1.284040e+21,2.429498e+02,1.224036e+02,1.205462e+02,NaN,NaN,NaN,NaN,2.806445e-02,NaN,6.245759e+06,2.549358e-02
5.088391e+07,1.985554e+03,1.985514e+03,0.000000e+00,6.642440e+02,4.645654e+03,6.022760e-02,NaN,NaN,0.000000e+00,4.298749e+16,3.823443e+18,2.691161e+20,8.692828e+18,2.515248e+20,7.165588e+19,1.285693e+21,2.432335e+02,1.227541e+02,1.204794e+02,NaN,NaN,NaN,NaN,2.804778e-02,NaN,6.246148e+06,2.554166e-02
5.091598e+07,1.984955e+03,1.985115e+03,1.744294e+00,6.609523e+02,4.644420e+03,6.008584e-02,NaN,NaN,9.172766e-02,4.298385e+16,3.814377e+18,2.691276e+20,8.707335e+18,2.513047e+20,7.180972e+19,1.286945e+21,2.434436e+02,1.230177e+02,1.204259e+02,NaN,NaN,NaN,NaN,2.803412e-02,NaN,6.246408e+06,2.561420e-02
5.095399e+07,1.984555e+03,1.984515e+03,0.000000e+00,6.564438e+02,4.642958e+03,5.987345e-02,NaN,NaN,0.000000e+00,4.298316e+16,3.801219e+18,2.691384e+20,8.730120e+18,2.510019e+20,7.201591e+19,1.288610e+21,2.437299e+02,1.233709e+02,1.203590e+02,NaN,NaN,NaN,NaN,2.801743e-02,NaN,6.246798e+06,2.566284e-02
5.098595e+07,1.983954e+03,1.984114e+03,1.741536e+00,6.531819e+02,4.641730e+03,5.973203e-02,NaN,NaN,9.187290e-02,4.297944e+16,3.792172e+18,2.691498e+20,8.744700e+18,2.507811e+20,7.217073e+19,1.289869e+21,2.439414e+02,1.236361e+02,1.203053e+02,NaN,NaN,NaN,NaN,2.800375e-02,NaN,6.247057e+06,2.573623e-02
5.102382e+07,1.983552e+03,1.983512e+03,0.000000e+00,6.487099e+02,4.640276e+03,5.952010e-02,NaN,NaN,0.000000e+00,4.297866e+16,3.779043e+18,2.691605e+20,8.767590e+18,2.504769e+20,7.237852e+19,1.291547e+21,2.442305e+02,1.239921e+02,1.202384e+02,NaN,NaN,NaN,NaN,2.798705e-02,NaN,6.247446e+06,2.578545e-02
5.105569e+07,1.982947e+03,1.983109e+03,1.738764e+00,6.454778e+02,4.639053e+03,5.937901e-02,NaN,NaN,9.201939e-02,4.297486e+16,3.770015e+18,2.691720e+20,8.782243e+18,2.502552e+20,7.253431e+19,1.292814e+21,2.444436e+02,1.242590e+02,1.201846e+02,NaN,NaN,NaN,NaN,2.797335e-02,NaN,6.247705e+06,2.585971e-02
5.109341e+07,1.982544e+03,1.982504e+03,0.000000e+00,6.410414e+02,4.637606e+03,5.916759e-02,NaN,NaN,0.000000e+00,4.297398e+16,3.756915e+18,2.691827e+20,8.805239e+18,2.499496e+20,7.274372e+19,1.294505e+21,2.447353e+02,1.246177e+02,1.201176e+02,NaN,NaN,NaN,NaN,2.795664e-02,NaN,6.248094e+06,2.590951e-02
5.112518e+07,1.981936e+03,1.982099e+03,1.735977e+00,6.378388e+02,4.636388e+03,5.902679e-02,NaN,NaN,9.216714e-02,4.297011e+16,3.747907e+18,2.691941e+20,8.819963e+18,2.497271e+20,7.290049e+19,1.295780e+21,2.449501e+02,1.248863e+02,1.200638e+02,NaN,NaN,NaN,NaN,2.794293e-02,NaN,6.248353e+06,2.598465e-02
5.116276e+07,1.981530e+03,1.981490e+03,0.000000e+00,6.334390e+02,4.634949e+03,5.881591e-02,NaN,NaN,0.000000e+00,4.296912e+16,3.734834e+18,2.692048e+20,8.843071e+18,2.494200e+20,7.311156e+19,1.297483e+21,2.452445e+02,1.252479e+02,1.199966e+02,NaN,NaN,NaN,NaN,2.792619e-02,NaN,6.248741e+06,2.603504e-02
5.119443e+07,1.980920e+03,1.981084e+03,1.733174e+00,6.302667e+02,4.633737e+03,5.867545e-02,NaN,NaN,9.231617e-02,4.296518e+16,3.725846e+18,2.692162e+20,8.857868e+18,2.491967e+20,7.326932e+19,1.298766e+21,2.454608e+02,1.255181e+02,1.199427e+02,NaN,NaN,NaN,NaN,2.791247e-02,NaN,6.248999e+06,2.611108e-02
5.123186e+07,1.980512e+03,1.980472e+03,0.000000e+00,6.259045e+02,4.632305e+03,5.846502e-02,NaN,NaN,0.000000e+00,4.296409e+16,3.712802e+18,2.692268e+20,8.881082e+18,2.488882e+20,7.348202e+19,1.300483e+21,2.457580e+02,1.258825e+02,1.198755e+02,NaN,NaN,NaN,NaN,2.789571e-02,NaN,6.249387e+06,2.616207e-02
5.126343e+07,1.979899e+03,1.980063e+03,1.730357e+00,6.227621e+02,4.631098e+03,5.832490e-02,NaN,NaN,9.246649e-02,4.296007e+16,3.703834e+18,2.692382e+20,8.895953e+18,2.486641e+20,7.364079e+19,1.301773e+21,2.459760e+02,1.261545e+02,1.198215e+02,NaN,NaN,NaN,NaN,2.788198e-02,NaN,6.249645e+06,2.623901e-02
5.130071e+07,1.979489e+03,1.979449e+03,0.000000e+00,6.184370e+02,4.629674e+03,5.811492e-02,NaN,NaN,0.000000e+00,4.295889e+16,3.690820e+18,2.692488e+20,8.919273e+18,2.483541e+20,7.385512e+19,1.303502e+21,2.462759e+02,1.265217e+02,1.197542e+02,NaN,NaN,NaN,NaN,2.786521e-02,NaN,6.250033e+06,2.629062e-02
5.133219e+07,1.978872e+03,1.979038e+03,1.727524e+00,6.162572e+02,4.628472e+03,5.797513e-02,NaN,NaN,9.261812e-02,4.295479e+16,3.681872e+18,2.692601e+20,8.934219e+18,2.481291e+20,7.401489e+19,1.304801e+21,2.464955e+02,1.267954e+02,1.197001e+02,NaN,NaN,NaN,NaN,2.785146e-02,NaN,6.250291e+06,2.636849e-02
5.136933e+07,1.978460e+03,1.978420e+03,0.000000e+00,6.120146e+02,4.627055e+03,5.776569e-02,NaN,NaN,0.000000e+00,4.295351e+16,3.668886e+18,2.692707e+20,8.957647e+18,2.478176e+20,7.423088e+19,1.306544e+21,2.467981e+02,1.271654e+02,1.196327e+02,NaN,NaN,NaN,NaN,2.783468e-02,NaN,6.250677e+06,2.642072e-02
5.140071e+07,1.977841e+03,1.978007e+03,1.724676e+00,6.089650e+02,4.625859e+03,5.762621e-02,NaN,NaN,9.277107e-02,4.294934e+16,3.659959e+18,2.692821e+20,8.972666e+18,2.475919e+20,7.439165e+19,1.307850e+21,2.470194e+02,1.274408e+02,1.195786e+02,NaN,NaN,NaN,NaN,2.782091e-02,NaN,6.250935e+06,2.649953e-02
5.143771e+07,1.977427e+03,1.977387e+03,0.000000e+00,6.047598e+02,4.624449e+03,5.741727e-02,NaN,NaN,0.000000e+00,4.294796e+16,3.647001e+18,2.692926e+20,8.996206e+18,2.472788e+20,7.460935e+19,1.309606e+21,2.473247e+02,1.278137e+02,1.195110e+02,NaN,NaN,NaN,NaN,2.780411e-02,NaN,6.251321e+06,2.655239e-02
5.146899e+07,1.976804e+03,1.976972e+03,1.721812e+00,6.017399e+02,4.623258e+03,5.727812e-02,NaN,NaN,9.292536e-02,4.294372e+16,3.638095e+18,2.693039e+20,9.011299e+18,2.470522e+20,7.477114e+19,1.310920e+21,2.475478e+02,1.280909e+02,1.194569e+02,NaN,NaN,NaN,NaN,2.779034e-02,NaN,6.251579e+06,2.663216e-02
5.150585e+07,1.976388e+03,1.976348e+03,0.000000e+00,5.975718e+02,4.621856e+03,5.706964e-02,NaN,NaN,0.000000e+00,4.294224e+16,3.625167e+18,2.693144e+20,9.034948e+18,2.467377e+20,7.499049e+19,1.312689e+21,2.478560e+02,1.284667e+02,1.193893e+02,NaN,NaN,NaN,NaN,2.777353e-02,NaN,6.251965e+06,2.668566e-02
5.153703e+07,1.975762e+03,1.975931e+03,1.718933e+00,5.945814e+02,4.620670e+03,5.693083e-02,NaN,NaN,9.308101e-02,4.293793e+16,3.616280e+18,2.693257e+20,9.050116e+18,2.465102e+20,7.515332e+19,1.314012e+21,2.480806e+02,1.287456e+02,1.193350e+02,NaN,NaN,NaN,NaN,2.775974e-02,NaN,6.252222e+06,2.676640e-02
5.157374e+07,1.975344e+03,1.975304e+03,0.000000e+00,5.904510e+02,4.619275e+03,5.672283e-02,NaN,NaN,0.000000e+00,4.293635e+16,3.603382e+18,2.693362e+20,9.073873e+18,2.461942e+20,7.537434e+19,1.315794e+21,2.483916e+02,1.291243e+02,1.192673e+02,NaN,NaN,NaN,NaN,2.774292e-02,NaN,6.252607e+06,2.682056e-02
5.160484e+07,1.974715e+03,1.974885e+03,1.716038e+00,5.874895e+02,4.618094e+03,5.658434e-02,NaN,NaN,9.323804e-02,4.293197e+16,3.594516e+18,2.693475e+20,9.089116e+18,2.459658e+20,7.553821e+19,1.317125e+21,2.486180e+02,1.294050e+02,1.192130e+02,NaN,NaN,NaN,NaN,2.772912e-02,NaN,6.252864e+06,2.690229e-02
5.164140e+07,1.974295e+03,1.974255e+03,0.000000e+00,5.833966e+02,4.616706e+03,5.637689e-02,NaN,NaN,0.000000e+00,4.293030e+16,3.581649e+18,2.693580e+20,9.112982e+18,2.456483e+20,7.576092e+19,1.318920e+21,2.489317e+02,1.297865e+02,1.191452e+02,NaN,NaN,NaN,NaN,2.771228e-02,NaN,6.253249e+06,2.695711e-02
5.167240e+07,1.973663e+03,1.973834e+03,1.713127e+00,5.804656e+02,4.615530e+03,5.623872e-02,NaN,NaN,9.339646e-02,4.292584e+16,3.572804e+18,2.693692e+20,9.128300e+18,2.454191e+20,7.592582e+19,1.320259e+21,2.491598e+02,1.300690e+02,1.190908e+02,NaN,NaN,NaN,NaN,2.769847e-02,NaN,6.253505e+06,2.703984e-02
5.170883e+07,1.973241e+03,1.973201e+03,0.000000e+00,5.764094e+02,4.614149e+03,5.603172e-02,NaN,NaN,0.000000e+00,4.292407e+16,3.559964e+18,2.693796e+20,9.152281e+18,2.451000e+20,7.615027e+19,1.322068e+21,2.494765e+02,1.304535e+02,1.190230e+02,NaN,NaN,NaN,NaN,2.768162e-02,NaN,6.253890e+06,2.709534e-02
5.173973e+07,1.972605e+03,1.972777e+03,1.710200e+00,5.744053e+02,4.612979e+03,5.589390e-02,NaN,NaN,9.355629e-02,4.291955e+16,3.551140e+18,2.693909e+20,9.167673e+18,2.448699e+20,7.631621e+19,1.323415e+21,2.497063e+02,1.307378e+02,1.189685e+02,NaN,NaN,NaN,NaN,2.766780e-02,NaN,6.254146e+06,2.717910e-02
5.177601e+07,1.972181e+03,1.972141e+03,0.000000e+00,5.704351e+02,4.611605e+03,5.568737e-02,NaN,NaN,0.000000e+00,4.291768e+16,3.538331e+18,2.694013e+20,9.191764e+18,2.445492e+20,7.654237e+19,1.325238e+21,2.500258e+02,1.311252e+02,1.189006e+02,NaN,NaN,NaN,NaN,2.765094e-02,NaN,6.254530e+06,2.723528e-02
5.180682e+07,1.971543e+03,1.971716e+03,1.707258e+00,5.675974e+02,4.610439e+03,5.554986e-02,NaN,NaN,9.371754e-02,4.291309e+16,3.529528e+18,2.694125e+20,9.207232e+18,2.443183e+20,7.670938e+19,1.326594e+21,2.502574e+02,1.314113e+02,1.188461e+02,NaN,NaN,NaN,NaN,2.763711e-02,NaN,6.254786e+06,2.732008e-02
5.184297e+07,1.971116e+03,1.971076e+03,0.000000e+00,5.636639e+02,4.609073e+03,5.534390e-02,NaN,NaN,0.000000e+00,4.291113e+16,3.516749e+18,2.694229e+20,9.231433e+18,2.439960e+20,7.693724e+19,1.328430e+21,2.505798e+02,1.318017e+02,1.187781e+02,NaN,NaN,NaN,NaN,2.762024e-02,NaN,6.255170e+06,2.737697e-02
5.187368e+07,1.970474e+03,1.970649e+03,1.704299e+00,5.608556e+02,4.607912e+03,5.520672e-02,NaN,NaN,9.388024e-02,4.290646e+16,3.507967e+18,2.694341e+20,9.246978e+18,2.437642e+20,7.710531e+19,1.329794e+21,2.508131e+02,1.320896e+02,1.187235e+02,NaN,NaN,NaN,NaN,2.760640e-02,NaN,6.255425e+06,2.746282e-02
5.190968e+07,1.970046e+03,1.970006e+03,0.000000e+00,5.569608e+02,4.606553e+03,5.500121e-02,NaN,NaN,0.000000e+00,4.290441e+16,3.495220e+18,2.694444e+20,9.271289e+18,2.434404e+20,7.733489e+19,1.331643e+21,2.511384e+02,1.324829e+02,1.186555e+02,NaN,NaN,NaN,NaN,2.758952e-02,NaN,6.255808e+06,2.752042e-02
5.194031e+07,1.969401e+03,1.969576e+03,1.701324e+00,5.541819e+02,4.605397e+03,5.486437e-02,NaN,NaN,9.404440e-02,4.289968e+16,3.486459e+18,2.694556e+20,9.286911e+18,2.432076e+20,7.750403e+19,1.333016e+21,2.513735e+02,1.327727e+02,1.186008e+02,NaN,NaN,NaN,NaN,2.757567e-02,NaN,6.256063e+06,2.760735e-02
5.197617e+07,1.968970e+03,1.968930e+03,0.000000e+00,5.503245e+02,4.604044e+03,5.465932e-02,NaN,NaN,0.000000e+00,4.289753e+16,3.473741e+18,2.694659e+20,9.311336e+18,2.428822e+20,7.773538e+19,1.334880e+21,2.517017e+02,1.331690e+02,1.185327e+02,NaN,NaN,NaN,NaN,2.755877e-02,NaN,6.256446e+06,2.766567e-02
5.200670e+07,1.968322e+03,1.968498e+03,1.698333e+00,5.475752e+02,4.602894e+03,5.452281e-02,NaN,NaN,9.421004e-02,4.289273e+16,3.465002e+18,2.694771e+20,9.327032e+18,2.426485e+20,7.790558e+19,1.336260e+21,2.519385e+02,1.334605e+02,1.184780e+02,NaN,NaN,NaN,NaN,2.754492e-02,NaN,6.256701e+06,2.775370e-02
5.204242e+07,1.967889e+03,1.967849e+03,0.000000e+00,5.437568e+02,4.601548e+03,5.431833e-02,NaN,NaN,0.000000e+00,4.289050e+16,3.452314e+18,2.694873e+20,9.351572e+18,2.423216e+20,7.813869e+19,1.338138e+21,2.522697e+02,1.338599e+02,1.184098e+02,NaN,NaN,NaN,NaN,2.752801e-02,NaN,6.257083e+06,2.781275e-02
5.207285e+07,1.967238e+03,1.967415e+03,1.695325e+00,5.410359e+02,4.600403e+03,5.418215e-02,NaN,NaN,9.437719e-02,4.288562e+16,3.443596e+18,2.694985e+20,9.367345e+18,2.420869e+20,7.830998e+19,1.339527e+21,2.525084e+02,1.341533e+02,1.183551e+02,NaN,NaN,NaN,NaN,2.751415e-02,NaN,6.257338e+06,2.790189e-02
5.210844e+07,1.966803e+03,1.966763e+03,0.000000e+00,5.380983e+02,4.599064e+03,5.397812e-02,NaN,NaN,0.000000e+00,4.288330e+16,3.430939e+18,2.695087e+20,9.391997e+18,2.417584e+20,7.854483e+19,1.341418e+21,2.528425e+02,1.345557e+02,1.182868e+02,NaN,NaN,NaN,NaN,2.749723e-02,NaN,6.257719e+06,2.796170e-02
5.213878e+07,1.966148e+03,1.966326e+03,1.692301e+00,5.354424e+02,4.597923e+03,5.384227e-02,NaN,NaN,9.454585e-02,4.287835e+16,3.422243e+18,2.695198e+20,9.407847e+18,2.415228e+20,7.871722e+19,1.342816e+21,2.530830e+02,1.348510e+02,1.182320e+02,NaN,NaN,NaN,NaN,2.748336e-02,NaN,6.257974e+06,2.805197e-02
5.217423e+07,1.965711e+03,1.965671e+03,0.000000e+00,5.317476e+02,4.596591e+03,5.363872e-02,NaN,NaN,0.000000e+00,4.287594e+16,3.409618e+18,2.695300e+20,9.432610e+18,2.411926e+20,7.895382e+19,1.344722e+21,2.534200e+02,1.352563e+02,1.181637e+02,NaN,NaN,NaN,NaN,2.746644e-02,NaN,6.258355e+06,2.811254e-02
5.220448e+07,1.965053e+03,1.965232e+03,1.689260e+00,5.291207e+02,4.595455e+03,5.350320e-02,NaN,NaN,9.471605e-02,4.287093e+16,3.400944e+18,2.695411e+20,9.448538e+18,2.409561e+20,7.912731e+19,1.346128e+21,2.536624e+02,1.355535e+02,1.181089e+02,NaN,NaN,NaN,NaN,2.745256e-02,NaN,6.258609e+06,2.820397e-02
5.223979e+07,1.964613e+03,1.964573e+03,0.000000e+00,5.254639e+02,4.594130e+03,5.330021e-02,NaN,NaN,0.000000e+00,4.286842e+16,3.388350e+18,2.695513e+20,9.473414e+18,2.406243e+20,7.936569e+19,1.348047e+21,2.540024e+02,1.359619e+02,1.180405e+02,NaN,NaN,NaN,NaN,2.743563e-02,NaN,6.258989e+06,2.826531e-02
5.226994e+07,1.963952e+03,1.964133e+03,1.686202e+00,5.228662e+02,4.592999e+03,5.316502e-02,NaN,NaN,9.488781e-02,4.286335e+16,3.379698e+18,2.695624e+20,9.489419e+18,2.403869e+20,7.954027e+19,1.349463e+21,2.542466e+02,1.362610e+02,1.179856e+02,NaN,NaN,NaN,NaN,2.742175e-02,NaN,6.259243e+06,2.835791e-02
5.230511e+07,1.963510e+03,1.963470e+03,0.000000e+00,5.192459e+02,4.591681e+03,5.296248e-02,NaN,NaN,0.000000e+00,4.286075e+16,3.367134e+18,2.695725e+20,9.514413e+18,2.400534e+20,7.978047e+19,1.351396e+21,2.545896e+02,1.366724e+02,1.179172e+02,NaN,NaN,NaN,NaN,2.740481e-02,NaN,6.259623e+06,2.842004e-02
5.233518e+07,1.962846e+03,1.963027e+03,1.683127e+00,5.166796e+02,4.590555e+03,5.282763e-02,NaN,NaN,9.506115e-02,4.285561e+16,3.358504e+18,2.695836e+20,9.530494e+18,2.398150e+20,7.995616e+19,1.352820e+21,2.548356e+02,1.369734e+02,1.178622e+02,NaN,NaN,NaN,NaN,2.739092e-02,NaN,6.259877e+06,2.851383e-02
5.237022e+07,1.962401e+03,1.962361e+03,0.000000e+00,5.130979e+02,4.589243e+03,5.262560e-02,NaN,NaN,0.000000e+00,4.285293e+16,3.345972e+18,2.695937e+20,9.555602e+18,2.394799e+20,8.019814e+19,1.354768e+21,2.551817e+02,1.373880e+02,1.177937e+02,NaN,NaN,NaN,NaN,2.737398e-02,NaN,6.260256e+06,2.857677e-02
5.240019e+07,1.961734e+03,1.961916e+03,1.680035e+00,5.105582e+02,4.588122e+03,5.249107e-02,NaN,NaN,9.523609e-02,4.284772e+16,3.337364e+18,2.696047e+20,9.571762e+18,2.392406e+20,8.037496e+19,1.356200e+21,2.554296e+02,1.376909e+02,1.177387e+02,NaN,NaN,NaN,NaN,2.736008e-02,NaN,6.260509e+06,2.867178e-02
5.243509e+07,1.961287e+03,1.961247e+03,0.000000e+00,5.070146e+02,4.586817e+03,5.228957e-02,NaN,NaN,0.000000e+00,4.284495e+16,3.324864e+18,2.696148e+20,9.596983e+18,2.389038e+20,8.061873e+19,1.358162e+21,2.557787e+02,1.381085e+02,1.176702e+02,NaN,NaN,NaN,NaN,2.734313e-02,NaN,6.260889e+06,2.873553e-02
5.246498e+07,1.960616e+03,1.960800e+03,1.676926e+00,5.045038e+02,4.585700e+03,5.215538e-02,NaN,NaN,9.541265e-02,4.283968e+16,3.316278e+18,2.696258e+20,9.613222e+18,2.386635e+20,8.079667e+19,1.359604e+21,2.560285e+02,1.384133e+02,1.176152e+02,NaN,NaN,NaN,NaN,2.732923e-02,NaN,6.261141e+06,2.883178e-02
5.249974e+07,1.960167e+03,1.960127e+03,0.000000e+00,5.018419e+02,4.584402e+03,5.195432e-02,NaN,NaN,0.000000e+00,4.283682e+16,3.303810e+18,2.696359e+20,9.638556e+18,2.383251e+20,8.104224e+19,1.361580e+21,2.563806e+02,1.388340e+02,1.175466e+02,NaN,NaN,NaN,NaN,2.731227e-02,NaN,6.261520e+06,2.889636e-02
5.252953e+07,1.959493e+03,1.959678e+03,1.673800e+00,4.993951e+02,4.583290e+03,5.182047e-02,NaN,NaN,9.559086e-02,4.283149e+16,3.295246e+18,2.696469e+20,9.654874e+18,2.380837e+20,8.122132e+19,1.363031e+21,2.566323e+02,1.391408e+02,1.174915e+02,NaN,NaN,NaN,NaN,2.729836e-02,NaN,6.261772e+06,2.899386e-02
5.256416e+07,1.959042e+03,1.959002e+03,0.000000e+00,4.959774e+02,4.581999e+03,5.161997e-02,NaN,NaN,0.000000e+00,4.282854e+16,3.282811e+18,2.696569e+20,9.680323e+18,2.377436e+20,8.146871e+19,1.365021e+21,2.569875e+02,1.395646e+02,1.174229e+02,NaN,NaN,NaN,NaN,2.728141e-02,NaN,6.262150e+06,2.905929e-02
5.259386e+07,1.958364e+03,1.958550e+03,1.670657e+00,4.935594e+02,4.580891e+03,5.148645e-02,NaN,NaN,9.577072e-02,4.282314e+16,3.274270e+18,2.696678e+20,9.696718e+18,2.375013e+20,8.164892e+19,1.366480e+21,2.572411e+02,1.398733e+02,1.173678e+02,NaN,NaN,NaN,NaN,2.726750e-02,NaN,6.262402e+06,2.915808e-02
5.262836e+07,1.957910e+03,1.957870e+03,0.000000e+00,4.901789e+02,4.579607e+03,5.128642e-02,NaN,NaN,0.000000e+00,4.282011e+16,3.261865e+18,2.696778e+20,9.722287e+18,2.371595e+20,8.189817e+19,1.368485e+21,2.575994e+02,1.403003e+02,1.172991e+02,NaN,NaN,NaN,NaN,2.725053e-02,NaN,6.262780e+06,2.922437e-02
5.265797e+07,1.957229e+03,1.957416e+03,1.667496e+00,4.877896e+02,4.578504e+03,5.115324e-02,NaN,NaN,9.595227e-02,4.281465e+16,3.253348e+18,2.696888e+20,9.738759e+18,2.369162e+20,8.207951e+19,1.369954e+21,2.578549e+02,1.406109e+02,1.172440e+02,NaN,NaN,NaN,NaN,2.723662e-02,NaN,6.263032e+06,2.932446e-02
5.269233e+07,1.956773e+03,1.956733e+03,0.000000e+00,4.844468e+02,4.577226e+03,5.095369e-02,NaN,NaN,0.000000e+00,4.281154e+16,3.240975e+18,2.696987e+20,9.764444e+18,2.365727e+20,8.233060e+19,1.371973e+21,2.582164e+02,1.410411e+02,1.171753e+02,NaN,NaN,NaN,NaN,2.721965e-02,NaN,6.263409e+06,2.939163e-02
5.272185e+07,1.956088e+03,1.956277e+03,1.664317e+00,4.820852e+02,4.576128e+03,5.082084e-02,NaN,NaN,9.613552e-02,4.280601e+16,3.232480e+18,2.697096e+20,9.780996e+18,2.363284e+20,8.251310e+19,1.373451e+21,2.584738e+02,1.413537e+02,1.171201e+02,NaN,NaN,NaN,NaN,2.720573e-02,NaN,6.263660e+06,2.949305e-02
5.275608e+07,1.955630e+03,1.955590e+03,0.000000e+00,4.787802e+02,4.574856e+03,5.062186e-02,NaN,NaN,0.000000e+00,4.280282e+16,3.220141e+18,2.697196e+20,9.806795e+18,2.359832e+20,8.276601e+19,1.375485e+21,2.588384e+02,1.417870e+02,1.170514e+02,NaN,NaN,NaN,NaN,2.718876e-02,NaN,6.264037e+06,2.956112e-02
5.278552e+07,1.954942e+03,1.955132e+03,1.661121e+00,4.764478e+02,4.573762e+03,5.048935e-02,NaN,NaN,9.632050e-02,4.279723e+16,3.211668e+18,2.697305e+20,9.823427e+18,2.357379e+20,8.294968e+19,1.376972e+21,2.590977e+02,1.421016e+02,1.169961e+02,NaN,NaN,NaN,NaN,2.717484e-02,NaN,6.264288e+06,2.966389e-02
5.281961e+07,1.954482e+03,1.954442e+03,0.000000e+00,4.739573e+02,4.572497e+03,5.029080e-02,NaN,NaN,0.000000e+00,4.279395e+16,3.199362e+18,2.697403e+20,9.849341e+18,2.353910e+20,8.320443e+19,1.379020e+21,2.594654e+02,1.425380e+02,1.169274e+02,NaN,NaN,NaN,NaN,2.715787e-02,NaN,6.264664e+06,2.973286e-02
5.284895e+07,1.953790e+03,1.953981e+03,1.657907e+00,4.716886e+02,4.571408e+03,5.015863e-02,NaN,NaN,9.650724e-02,4.278830e+16,3.190913e+18,2.697512e+20,9.866053e+18,2.351446e+20,8.338927e+19,1.380516e+21,2.597268e+02,1.428547e+02,1.168721e+02,NaN,NaN,NaN,NaN,2.714394e-02,NaN,6.264914e+06,2.983701e-02
5.288291e+07,1.953327e+03,1.953287e+03,0.000000e+00,4.685096e+02,4.570149e+03,4.996064e-02,NaN,NaN,0.000000e+00,4.278494e+16,3.178640e+18,2.697611e+20,9.892082e+18,2.347960e+20,8.364587e+19,1.382579e+21,2.600976e+02,1.432943e+02,1.168033e+02,NaN,NaN,NaN,NaN,2.712697e-02,NaN,6.265290e+06,2.990691e-02
5.291217e+07,1.952632e+03,1.952824e+03,1.654675e+00,4.662684e+02,4.569065e+03,4.982880e-02,NaN,NaN,9.669575e-02,4.277923e+16,3.170213e+18,2.697719e+20,9.908874e+18,2.345486e+20,8.383188e+19,1.384084e+21,2.603610e+02,1.436129e+02,1.167481e+02,NaN,NaN,NaN,NaN,2.711305e-02,NaN,6.265540e+06,3.001246e-02
5.294600e+07,1.952167e+03,1.952127e+03,0.000000e+00,4.631266e+02,4.567812e+03,4.963130e-02,NaN,NaN,0.000000e+00,4.277579e+16,3.157973e+18,2.697817e+20,9.935024e+18,2.341982e+20,8.409038e+19,1.386162e+21,2.607350e+02,1.440558e+02,1.166792e+02,NaN,NaN,NaN,NaN,2.709607e-02,NaN,6.265915e+06,3.008330e-02
5.297517e+07,1.951468e+03,1.951661e+03,1.651424e+00,4.609143e+02,4.566733e+03,4.949980e-02,NaN,NaN,9.688606e-02,4.277002e+16,3.149571e+18,2.697926e+20,9.951893e+18,2.339498e+20,8.427754e+19,1.387677e+21,2.610003e+02,1.443764e+02,1.166239e+02,NaN,NaN,NaN,NaN,2.708215e-02,NaN,6.266165e+06,3.019028e-02
5.300887e+07,1.951000e+03,1.950960e+03,0.000000e+00,4.578097e+02,4.565486e+03,4.930278e-02,NaN,NaN,0.000000e+00,4.276650e+16,3.137362e+18,2.698024e+20,9.978162e+18,2.335976e+20,8.453794e+19,1.389770e+21,2.613776e+02,1.448225e+02,1.165551e+02,NaN,NaN,NaN,NaN,2.706517e-02,NaN,6.266540e+06,3.026209e-02
5.303795e+07,1.950298e+03,1.950492e+03,1.648156e+00,4.556253e+02,4.564411e+03,4.917161e-02,NaN,NaN,9.707819e-02,4.276067e+16,3.128983e+18,2.698132e+20,9.995111e+18,2.333482e+20,8.472629e+19,1.391294e+21,2.616449e+02,1.451452e+02,1.164997e+02,NaN,NaN,NaN,NaN,2.705125e-02,NaN,6.266789e+06,3.037052e-02
5.307151e+07,1.949828e+03,1.949788e+03,0.000000e+00,4.525581e+02,4.563171e+03,4.897515e-02,NaN,NaN,0.000000e+00,4.275707e+16,3.116809e+18,2.698229e+20,1.002150e+19,2.329943e+20,8.498857e+19,1.393401e+21,2.620254e+02,1.455945e+02,1.164309e+02,NaN,NaN,NaN,NaN,2.703427e-02,NaN,6.267163e+06,3.044330e-02
5.310051e+07,1.949122e+03,1.949317e+03,1.644869e+00,4.504010e+02,4.562101e+03,4.884433e-02,NaN,NaN,9.727217e-02,4.275118e+16,3.108453e+18,2.698337e+20,1.003853e+19,2.327438e+20,8.517811e+19,1.394935e+21,2.622947e+02,1.459192e+02,1.163755e+02,NaN,NaN,NaN,NaN,2.702034e-02,NaN,6.267413e+06,3.055322e-02
5.313394e+07,1.948650e+03,1.948610e+03,0.000000e+00,4.473713e+02,4.560867e+03,4.864830e-02,NaN,NaN,0.000000e+00,4.274750e+16,3.096313e+18,2.698434e+20,1.006503e+19,2.323881e+20,8.544226e+19,1.397057e+21,2.626783e+02,1.463717e+02,1.163066e+02,NaN,NaN,NaN,NaN,2.700337e-02,NaN,6.267786e+06,3.062700e-02
5.316286e+07,1.947940e+03,1.948136e+03,1.641564e+00,4.460026e+02,4.559801e+03,4.851782e-02,NaN,NaN,9.746802e-02,4.274156e+16,3.087980e+18,2.698542e+20,1.008214e+19,2.321366e+20,8.563301e+19,1.398600e+21,2.629498e+02,1.466985e+02,1.162513e+02,NaN,NaN,NaN,NaN,2.698945e-02,NaN,6.268035e+06,3.073842e-02
5.319616e+07,1.947465e+03,1.947425e+03,0.000000e+00,4.430608e+02,4.558573e+03,4.832239e-02,NaN,NaN,0.000000e+00,4.273780e+16,3.075875e+18,2.698639e+20,1.010876e+19,2.317791e+20,8.589905e+19,1.400737e+21,2.633365e+02,1.471542e+02,1.161823e+02,NaN,NaN,NaN,NaN,2.697248e-02,NaN,6.268408e+06,3.081322e-02
5.322498e+07,1.946752e+03,1.946950e+03,1.638240e+00,4.409949e+02,4.557511e+03,4.819224e-02,NaN,NaN,9.766577e-02,4.273180e+16,3.067566e+18,2.698746e+20,1.012595e+19,2.315265e+20,8.609100e+19,1.402289e+21,2.636100e+02,1.474830e+02,1.161270e+02,NaN,NaN,NaN,NaN,2.695855e-02,NaN,6.268656e+06,3.092618e-02
5.325816e+07,1.946275e+03,1.946235e+03,0.000000e+00,4.380900e+02,4.556290e+03,4.799725e-02,NaN,NaN,0.000000e+00,4.272796e+16,3.055494e+18,2.698843e+20,1.015268e+19,2.311673e+20,8.635894e+19,1.404442e+21,2.640001e+02,1.479421e+02,1.160580e+02,NaN,NaN,NaN,NaN,2.694158e-02,NaN,6.269028e+06,3.100201e-02
5.328690e+07,1.945557e+03,1.945757e+03,1.634898e+00,4.360514e+02,4.555233e+03,4.786745e-02,NaN,NaN,9.786544e-02,4.272191e+16,3.047209e+18,2.698950e+20,1.016995e+19,2.309136e+20,8.655210e+19,1.406003e+21,2.642757e+02,1.482730e+02,1.160027e+02,NaN,NaN,NaN,NaN,2.692766e-02,NaN,6.269277e+06,3.111654e-02
5.331994e+07,1.945078e+03,1.945038e+03,0.000000e+00,4.331826e+02,4.554018e+03,4.767301e-02,NaN,NaN,0.000000e+00,4.271799e+16,3.035170e+18,2.699046e+20,1.019681e+19,2.305525e+20,8.682199e+19,1.408171e+21,2.646690e+02,1.487353e+02,1.159337e+02,NaN,NaN,NaN,NaN,2.691069e-02,NaN,6.269648e+06,3.119342e-02
5.334859e+07,1.944357e+03,1.944558e+03,1.631537e+00,4.311717e+02,4.552965e+03,4.754354e-02,NaN,NaN,9.806706e-02,4.271188e+16,3.026911e+18,2.699153e+20,1.021416e+19,2.302978e+20,8.701634e+19,1.409742e+21,2.649465e+02,1.490682e+02,1.158783e+02,NaN,NaN,NaN,NaN,2.689677e-02,NaN,6.269896e+06,3.130955e-02
5.338151e+07,1.943875e+03,1.943835e+03,0.000000e+00,4.283400e+02,4.551756e+03,4.734960e-02,NaN,NaN,0.000000e+00,4.270789e+16,3.014905e+18,2.699249e+20,1.024114e+19,2.299349e+20,8.728818e+19,1.411925e+21,2.653433e+02,1.495339e+02,1.158094e+02,NaN,NaN,NaN,NaN,2.687981e-02,NaN,6.270267e+06,3.138751e-02
5.341008e+07,1.943150e+03,1.943352e+03,1.628157e+00,4.263561e+02,4.550707e+03,4.722048e-02,NaN,NaN,9.827065e-02,4.270173e+16,3.006670e+18,2.699355e+20,1.025857e+19,2.296791e+20,8.748375e+19,1.413506e+21,2.656230e+02,1.498690e+02,1.157540e+02,NaN,NaN,NaN,NaN,2.686589e-02,NaN,6.270515e+06,3.150526e-02
5.344286e+07,1.942666e+03,1.942626e+03,0.000000e+00,4.235614e+02,4.549504e+03,4.702704e-02,NaN,NaN,0.000000e+00,4.269766e+16,2.994699e+18,2.699451e+20,1.028566e+19,2.293143e+20,8.775750e+19,1.415705e+21,2.660229e+02,1.503379e+02,1.156850e+02,NaN,NaN,NaN,NaN,2.684893e-02,NaN,6.270885e+06,3.158431e-02
5.347135e+07,1.941938e+03,1.942141e+03,1.624757e+00,4.223281e+02,4.548460e+03,4.689826e-02,NaN,NaN,9.847625e-02,4.269144e+16,2.986487e+18,2.699557e+20,1.030318e+19,2.290575e+20,8.795431e+19,1.417295e+21,2.663047e+02,1.506751e+02,1.156296e+02,NaN,NaN,NaN,NaN,2.683501e-02,NaN,6.271132e+06,3.170372e-02
5.350401e+07,1.941451e+03,1.941411e+03,0.000000e+00,4.196198e+02,4.547263e+03,4.670535e-02,NaN,NaN,0.000000e+00,4.268730e+16,2.974552e+18,2.699653e+20,1.033039e+19,2.286909e+20,8.822999e+19,1.419508e+21,2.667080e+02,1.511474e+02,1.155606e+02,NaN,NaN,NaN,NaN,2.681806e-02,NaN,6.271502e+06,3.178389e-02
5.353241e+07,1.940719e+03,1.940923e+03,1.621339e+00,4.177249e+02,4.546223e+03,4.657691e-02,NaN,NaN,9.868387e-02,4.268103e+16,2.966365e+18,2.699759e+20,1.034798e+19,2.284329e+20,8.842803e+19,1.421109e+21,2.669918e+02,1.514866e+02,1.155052e+02,NaN,NaN,NaN,NaN,2.680415e-02,NaN,6.271749e+06,3.190499e-02
5.356494e+07,1.940229e+03,1.940189e+03,0.000000e+00,4.150534e+02,4.545032e+03,4.638449e-02,NaN,NaN,0.000000e+00,4.267682e+16,2.954465e+18,2.699854e+20,1.037531e+19,2.280645e+20,8.870564e+19,1.423337e+21,2.673984e+02,1.519622e+02,1.154362e+02,NaN,NaN,NaN,NaN,2.678720e-02,NaN,6.272118e+06,3.198630e-02
5.359325e+07,1.939493e+03,1.939699e+03,1.617901e+00,4.131849e+02,4.543996e+03,4.625639e-02,NaN,NaN,9.889356e-02,4.267050e+16,2.946302e+18,2.699959e+20,1.039299e+19,2.278055e+20,8.890493e+19,1.424947e+21,2.676844e+02,1.523036e+02,1.153808e+02,NaN,NaN,NaN,NaN,2.677330e-02,NaN,6.272365e+06,3.210912e-02
5.362566e+07,1.939001e+03,1.938961e+03,0.000000e+00,4.105496e+02,4.542811e+03,4.606453e-02,NaN,NaN,0.000000e+00,4.266621e+16,2.934438e+18,2.700054e+20,1.042044e+19,2.274352e+20,8.918448e+19,1.427191e+21,2.680944e+02,1.527825e+02,1.153119e+02,NaN,NaN,NaN,NaN,2.675636e-02,NaN,6.272734e+06,3.219158e-02
5.365389e+07,1.938262e+03,1.938468e+03,1.614444e+00,4.087077e+02,4.541779e+03,4.593678e-02,NaN,NaN,9.910533e-02,4.265984e+16,2.926299e+18,2.700160e+20,1.043820e+19,2.271750e+20,8.938501e+19,1.428811e+21,2.683825e+02,1.531260e+02,1.152565e+02,NaN,NaN,NaN,NaN,2.674245e-02,NaN,6.272979e+06,3.231616e-02
5.368617e+07,1.937767e+03,1.937727e+03,0.000000e+00,4.061080e+02,4.540600e+03,4.574537e-02,NaN,NaN,0.000000e+00,4.265548e+16,2.914470e+18,2.700254e+20,1.046576e+19,2.268030e+20,8.966653e+19,1.431071e+21,2.687958e+02,1.536083e+02,1.151875e+02,NaN,NaN,NaN,NaN,2.672552e-02,NaN,6.273348e+06,3.239980e-02
5.371432e+07,1.937024e+03,1.937232e+03,1.610967e+00,4.042925e+02,4.539573e+03,4.561796e-02,NaN,NaN,9.931922e-02,4.264906e+16,2.906356e+18,2.700359e+20,1.048360e+19,2.265417e+20,8.986830e+19,1.432700e+21,2.690861e+02,1.539540e+02,1.151321e+02,NaN,NaN,NaN,NaN,2.671162e-02,NaN,6.273593e+06,3.252617e-02
5.374648e+07,1.936527e+03,1.936487e+03,0.000000e+00,4.023957e+02,4.538400e+03,4.542714e-02,NaN,NaN,0.000000e+00,4.264463e+16,2.894561e+18,2.700453e+20,1.051129e+19,2.261677e+20,9.015181e+19,1.434976e+21,2.695027e+02,1.544396e+02,1.150631e+02,NaN,NaN,NaN,NaN,2.669470e-02,NaN,6.273961e+06,3.261102e-02
5.377454e+07,1.935779e+03,1.935989e+03,1.607471e+00,4.006414e+02,4.537377e+03,4.530008e-02,NaN,NaN,9.953525e-02,4.263815e+16,2.886473e+18,2.700558e+20,1.052921e+19,2.259053e+20,9.035481e+19,1.436615e+21,2.697951e+02,1.547874e+02,1.150077e+02,NaN,NaN,NaN,NaN,2.668081e-02,NaN,6.274206e+06,3.273921e-02
5.380657e+07,1.935280e+03,1.935240e+03,0.000000e+00,3.981632e+02,4.536209e+03,4.510970e-02,NaN,NaN,0.000000e+00,4.263366e+16,2.874713e+18,2.700652e+20,1.055702e+19,2.255294e+20,9.064032e+19,1.438906e+21,2.702153e+02,1.552765e+02,1.149388e+02,NaN,NaN,NaN,NaN,2.666389e-02,NaN,6.274573e+06,3.282529e-02
5.383455e+07,1.934528e+03,1.934739e+03,1.603955e+00,3.964347e+02,4.535190e+03,4.498298e-02,NaN,NaN,9.975345e-02,4.262713e+16,2.866650e+18,2.700756e+20,1.057502e+19,2.252659e+20,9.084458e+19,1.440555e+21,2.705098e+02,1.556264e+02,1.148834e+02,NaN,NaN,NaN,NaN,2.665001e-02,NaN,6.274818e+06,3.295534e-02
5.386646e+07,1.934026e+03,1.933986e+03,0.000000e+00,3.939914e+02,4.534029e+03,4.479320e-02,NaN,NaN,0.000000e+00,4.262257e+16,2.854926e+18,2.700850e+20,1.060295e+19,2.248881e+20,9.113205e+19,1.442862e+21,2.709334e+02,1.561189e+02,1.148145e+02,NaN,NaN,NaN,NaN,2.663310e-02,NaN,6.275184e+06,3.304267e-02
5.389436e+07,1.933271e+03,1.933483e+03,1.600418e+00,3.922885e+02,4.533014e+03,4.466683e-02,NaN,NaN,9.997386e-02,4.261599e+16,2.846888e+18,2.700954e+20,1.062103e+19,2.246235e+20,9.133758e+19,1.444521e+21,2.712301e+02,1.564710e+02,1.147591e+02,NaN,NaN,NaN,NaN,2.661922e-02,NaN,6.275428e+06,3.317462e-02
5.392614e+07,1.932766e+03,1.932726e+03,0.000000e+00,3.898809e+02,4.531858e+03,4.447749e-02,NaN,NaN,0.000000e+00,4.261136e+16,2.835201e+18,2.701047e+20,1.064908e+19,2.242439e+20,9.162703e+19,1.446843e+21,2.716570e+02,1.569668e+02,1.146902e+02,NaN,NaN,NaN,NaN,2.660232e-02,NaN,6.275794e+06,3.326322e-02
5.395396e+07,1.932007e+03,1.932220e+03,1.596862e+00,3.882036e+02,4.530848e+03,4.435146e-02,NaN,NaN,1.001965e-01,4.260474e+16,2.827188e+18,2.701151e+20,1.066724e+19,2.239781e+20,9.183384e+19,1.448512e+21,2.719559e+02,1.573211e+02,1.146348e+02,NaN,NaN,NaN,NaN,2.658845e-02,NaN,6.276038e+06,3.339710e-02
5.398562e+07,1.931500e+03,1.931460e+03,0.000000e+00,3.858312e+02,4.529698e+03,4.416272e-02,NaN,NaN,0.000000e+00,4.260004e+16,2.815537e+18,2.701244e+20,1.069541e+19,2.235965e+20,9.212526e+19,1.450850e+21,2.723863e+02,1.578204e+02,1.145659e+02,NaN,NaN,NaN,NaN,2.657157e-02,NaN,6.276404e+06,3.348701e-02
5.401335e+07,1.930736e+03,1.930951e+03,1.593286e+00,3.841789e+02,4.528691e+03,4.403704e-02,NaN,NaN,1.004214e-01,4.259337e+16,2.807549e+18,2.701348e+20,1.071365e+19,2.233296e+20,9.233334e+19,1.452530e+21,2.726874e+02,1.581768e+02,1.145106e+02,NaN,NaN,NaN,NaN,2.655771e-02,NaN,6.276647e+06,3.362287e-02
5.404489e+07,1.930226e+03,1.930186e+03,0.000000e+00,3.824998e+02,4.527547e+03,4.384874e-02,NaN,NaN,0.000000e+00,4.258861e+16,2.795934e+18,2.701440e+20,1.074194e+19,2.229462e+20,9.262675e+19,1.454883e+21,2.731212e+02,1.586795e+02,1.144417e+02,NaN,NaN,NaN,NaN,2.654083e-02,NaN,6.277012e+06,3.371411e-02
5.407255e+07,1.929459e+03,1.929675e+03,1.589689e+00,3.809072e+02,4.526544e+03,4.372341e-02,NaN,NaN,1.006486e-01,4.258190e+16,2.787972e+18,2.701544e+20,1.076027e+19,2.226781e+20,9.283612e+19,1.456572e+21,2.734246e+02,1.590382e+02,1.143864e+02,NaN,NaN,NaN,NaN,2.652698e-02,NaN,6.277255e+06,3.385197e-02
5.410396e+07,1.928947e+03,1.928907e+03,0.000000e+00,3.786532e+02,4.525406e+03,4.353572e-02,NaN,NaN,0.000000e+00,4.257706e+16,2.776395e+18,2.701635e+20,1.078867e+19,2.222928e+20,9.313152e+19,1.458942e+21,2.738618e+02,1.595442e+02,1.143176e+02,NaN,NaN,NaN,NaN,2.651012e-02,NaN,6.277619e+06,3.394456e-02
5.413154e+07,1.928176e+03,1.928393e+03,1.586072e+00,3.770855e+02,4.524407e+03,4.341074e-02,NaN,NaN,1.008782e-01,4.257031e+16,2.768458e+18,2.701739e+20,1.080708e+19,2.220235e+20,9.334218e+19,1.460641e+21,2.741673e+02,1.599051e+02,1.142622e+02,NaN,NaN,NaN,NaN,2.649627e-02,NaN,6.277861e+06,3.408448e-02
5.416283e+07,1.927660e+03,1.927620e+03,0.000000e+00,3.748656e+02,4.523274e+03,4.322349e-02,NaN,NaN,0.000000e+00,4.256541e+16,2.756916e+18,2.701830e+20,1.083561e+19,2.216363e+20,9.363960e+19,1.463026e+21,2.746080e+02,1.604146e+02,1.141934e+02,NaN,NaN,NaN,NaN,2.647942e-02,NaN,6.278225e+06,3.417846e-02
5.419032e+07,1.926885e+03,1.927104e+03,1.582434e+00,3.733222e+02,4.522279e+03,4.309886e-02,NaN,NaN,1.011101e-01,4.255861e+16,2.749006e+18,2.701933e+20,1.085410e+19,2.213659e+20,9.385153e+19,1.464736e+21,2.749158e+02,1.607777e+02,1.141381e+02,NaN,NaN,NaN,NaN,2.646559e-02,NaN,6.278467e+06,3.432047e-02
5.422150e+07,1.926367e+03,1.926327e+03,0.000000e+00,3.711362e+02,4.521152e+03,4.291220e-02,NaN,NaN,0.000000e+00,4.255365e+16,2.737500e+18,2.702025e+20,1.088274e+19,2.209767e+20,9.415099e+19,1.467137e+21,2.753601e+02,1.612907e+02,1.140694e+02,NaN,NaN,NaN,NaN,2.644875e-02,NaN,6.278830e+06,3.441585e-02
5.424891e+07,1.925588e+03,1.925808e+03,1.578775e+00,3.696203e+02,4.520162e+03,4.278792e-02,NaN,NaN,1.013444e-01,4.254681e+16,2.729617e+18,2.702127e+20,1.090131e+19,2.207052e+20,9.436418e+19,1.468857e+21,2.756700e+02,1.616559e+02,1.140141e+02,NaN,NaN,NaN,NaN,2.643493e-02,NaN,6.279071e+06,3.456000e-02
5.427997e+07,1.925067e+03,1.925027e+03,0.000000e+00,3.680480e+02,4.519040e+03,4.260173e-02,NaN,NaN,0.000000e+00,4.254179e+16,2.718147e+18,2.702218e+20,1.093008e+19,2.203140e+20,9.466569e+19,1.471274e+21,2.761178e+02,1.621724e+02,1.139454e+02,NaN,NaN,NaN,NaN,2.641811e-02,NaN,6.279434e+06,3.465683e-02
5.430730e+07,1.924284e+03,1.924505e+03,1.575096e+00,3.665875e+02,4.518053e+03,4.247780e-02,NaN,NaN,1.015811e-01,4.253490e+16,2.710290e+18,2.702321e+20,1.094873e+19,2.200413e+20,9.488018e+19,1.473004e+21,2.764299e+02,1.625398e+02,1.138901e+02,NaN,NaN,NaN,NaN,2.640430e-02,NaN,6.279675e+06,3.480315e-02
5.433823e+07,1.923761e+03,1.923721e+03,0.000000e+00,3.645168e+02,4.516937e+03,4.229219e-02,NaN,NaN,0.000000e+00,4.252982e+16,2.698858e+18,2.702411e+20,1.097762e+19,2.196482e+20,9.518370e+19,1.475437e+21,2.768812e+02,1.630598e+02,1.138214e+02,NaN,NaN,NaN,NaN,2.638749e-02,NaN,6.280036e+06,3.490144e-02
5.436548e+07,1.922973e+03,1.923196e+03,1.571395e+00,3.630802e+02,4.515954e+03,4.216861e-02,NaN,NaN,1.018203e-01,4.252289e+16,2.691026e+18,2.702514e+20,1.099636e+19,2.193743e+20,9.539950e+19,1.477177e+21,2.771957e+02,1.634295e+02,1.137662e+02,NaN,NaN,NaN,NaN,2.637369e-02,NaN,6.280277e+06,3.505000e-02
5.439630e+07,1.922447e+03,1.922407e+03,0.000000e+00,3.610428e+02,4.514844e+03,4.198348e-02,NaN,NaN,0.000000e+00,4.251774e+16,2.679632e+18,2.702604e+20,1.102536e+19,2.189793e+20,9.570504e+19,1.479626e+21,2.776505e+02,1.639529e+02,1.136976e+02,NaN,NaN,NaN,NaN,2.635690e-02,NaN,6.280638e+06,3.514979e-02
5.442347e+07,1.921656e+03,1.921880e+03,1.567674e+00,3.596299e+02,4.513865e+03,4.186025e-02,NaN,NaN,1.020620e-01,4.251077e+16,2.671826e+18,2.702706e+20,1.104418e+19,2.187042e+20,9.592215e+19,1.481377e+21,2.779672e+02,1.643248e+02,1.136424e+02,NaN,NaN,NaN,NaN,2.634312e-02,NaN,6.280879e+06,3.530061e-02
5.445417e+07,1.921127e+03,1.921087e+03,0.000000e+00,3.576253e+02,4.512759e+03,4.167568e-02,NaN,NaN,0.000000e+00,4.250557e+16,2.660469e+18,2.702796e+20,1.107331e+19,2.183073e+20,9.622971e+19,1.483842e+21,2.784255e+02,1.648517e+02,1.135738e+02,NaN,NaN,NaN,NaN,2.632634e-02,NaN,6.281239e+06,3.540193e-02
5.448126e+07,1.920331e+03,1.920557e+03,1.563931e+00,3.562361e+02,4.511784e+03,4.155281e-02,NaN,NaN,1.023063e-01,4.249856e+16,2.652691e+18,2.702897e+20,1.109220e+19,2.180310e+20,9.644813e+19,1.485602e+21,2.787446e+02,1.652259e+02,1.135187e+02,NaN,NaN,NaN,NaN,2.631257e-02,NaN,6.281479e+06,3.555507e-02
5.451185e+07,1.919800e+03,1.919760e+03,0.000000e+00,3.542639e+02,4.510685e+03,4.136875e-02,NaN,NaN,0.000000e+00,4.249330e+16,2.641372e+18,2.702987e+20,1.112145e+19,2.176321e+20,9.675772e+19,1.488084e+21,2.792064e+02,1.657563e+02,1.134501e+02,NaN,NaN,NaN,NaN,2.629581e-02,NaN,6.281838e+06,3.565794e-02
5.453886e+07,1.919000e+03,1.919227e+03,1.560167e+00,3.534464e+02,4.509714e+03,4.124623e-02,NaN,NaN,1.025531e-01,4.248625e+16,2.633619e+18,2.703088e+20,1.114043e+19,2.173546e+20,9.697745e+19,1.489855e+21,2.795277e+02,1.661327e+02,1.133950e+02,NaN,NaN,NaN,NaN,2.628205e-02,NaN,6.282078e+06,3.581345e-02
5.456932e+07,1.918466e+03,1.918426e+03,0.000000e+00,3.515538e+02,4.508619e+03,4.106271e-02,NaN,NaN,0.000000e+00,4.248093e+16,2.622338e+18,2.703177e+20,1.116979e+19,2.169538e+20,9.728908e+19,1.492352e+21,2.799930e+02,1.666665e+02,1.133265e+02,NaN,NaN,NaN,NaN,2.626531e-02,NaN,6.282437e+06,3.591792e-02
5.459626e+07,1.917662e+03,1.917890e+03,1.556382e+00,3.502434e+02,4.507652e+03,4.094053e-02,NaN,NaN,1.028025e-01,4.247384e+16,2.614612e+18,2.703278e+20,1.118885e+19,2.166751e+20,9.751013e+19,1.494133e+21,2.803167e+02,1.670452e+02,1.132715e+02,NaN,NaN,NaN,NaN,2.625157e-02,NaN,6.282676e+06,3.607584e-02
5.462661e+07,1.917125e+03,1.917085e+03,0.000000e+00,3.483829e+02,4.506563e+03,4.075756e-02,NaN,NaN,0.000000e+00,4.246847e+16,2.603370e+18,2.703367e+20,1.121833e+19,2.162723e+20,9.782380e+19,1.496647e+21,2.807856e+02,1.675826e+02,1.132030e+02,NaN,NaN,NaN,NaN,2.623484e-02,NaN,6.283034e+06,3.618193e-02
5.465347e+07,1.916317e+03,1.916546e+03,1.552574e+00,3.470952e+02,4.505599e+03,4.063575e-02,NaN,NaN,1.030546e-01,4.246134e+16,2.595671e+18,2.703468e+20,1.123748e+19,2.159924e+20,9.804617e+19,1.498439e+21,2.811115e+02,1.679635e+02,1.131480e+02,NaN,NaN,NaN,NaN,2.622112e-02,NaN,6.283273e+06,3.634232e-02
5.468370e+07,1.915776e+03,1.915736e+03,0.000000e+00,3.452658e+02,4.504516e+03,4.045326e-02,NaN,NaN,0.000000e+00,4.245592e+16,2.584466e+18,2.703556e+20,1.126708e+19,2.155877e+20,9.836188e+19,1.500968e+21,2.815840e+02,1.685044e+02,1.130796e+02,NaN,NaN,NaN,NaN,2.620441e-02,NaN,6.283630e+06,3.645007e-02
5.471048e+07,1.914964e+03,1.915195e+03,1.548746e+00,3.440008e+02,4.503556e+03,4.033180e-02,NaN,NaN,1.033094e-01,4.244875e+16,2.576794e+18,2.703657e+20,1.128630e+19,2.153066e+20,9.858557e+19,1.502770e+21,2.819123e+02,1.688876e+02,1.130247e+02,NaN,NaN,NaN,NaN,2.619070e-02,NaN,6.283869e+06,3.661297e-02
5.474059e+07,1.914421e+03,1.914381e+03,0.000000e+00,3.422031e+02,4.502477e+03,4.014992e-02,NaN,NaN,0.000000e+00,4.244327e+16,2.565628e+18,2.703745e+20,1.131602e+19,2.148999e+20,9.890333e+19,1.505316e+21,2.823882e+02,1.694319e+02,1.129563e+02,NaN,NaN,NaN,NaN,2.617402e-02,NaN,6.284225e+06,3.672242e-02
5.476730e+07,1.913605e+03,1.913837e+03,1.544895e+00,3.414571e+02,4.501522e+03,4.002881e-02,NaN,NaN,1.035669e-01,4.243607e+16,2.557983e+18,2.703845e+20,1.133533e+19,2.146176e+20,9.912835e+19,1.507129e+21,2.827188e+02,1.698174e+02,1.129014e+02,NaN,NaN,NaN,NaN,2.616032e-02,NaN,6.284463e+06,3.688789e-02
5.479730e+07,1.913059e+03,1.913019e+03,0.000000e+00,3.397358e+02,4.500448e+03,3.984738e-02,NaN,NaN,0.000000e+00,4.243054e+16,2.546856e+18,2.703933e+20,1.136516e+19,2.142089e+20,9.944817e+19,1.509690e+21,2.831985e+02,1.703653e+02,1.128332e+02,NaN,NaN,NaN,NaN,2.614366e-02,NaN,6.284819e+06,3.699907e-02
5.482392e+07,1.912238e+03,1.912472e+03,1.541022e+00,3.385462e+02,4.499496e+03,3.972664e-02,NaN,NaN,1.038272e-01,4.242330e+16,2.539238e+18,2.704032e+20,1.138455e+19,2.139254e+20,9.967451e+19,1.511514e+21,2.835313e+02,1.707530e+02,1.127783e+02,NaN,NaN,NaN,NaN,2.612998e-02,NaN,6.285057e+06,3.716717e-02
5.485381e+07,1.911690e+03,1.911650e+03,0.000000e+00,3.368554e+02,4.498428e+03,3.954583e-02,NaN,NaN,0.000000e+00,4.241772e+16,2.528148e+18,2.704120e+20,1.141451e+19,2.135146e+20,9.999640e+19,1.514092e+21,2.840146e+02,1.713045e+02,1.127101e+02,NaN,NaN,NaN,NaN,2.611334e-02,NaN,6.285412e+06,3.728012e-02
5.488036e+07,1.910865e+03,1.911100e+03,1.537127e+00,3.356879e+02,4.497480e+03,3.942544e-02,NaN,NaN,1.040903e-01,4.241045e+16,2.520558e+18,2.704219e+20,1.143397e+19,2.132300e+20,1.002240e+20,1.515925e+21,2.843498e+02,1.716945e+02,1.126553e+02,NaN,NaN,NaN,NaN,2.609968e-02,NaN,6.285649e+06,3.745089e-02
5.491013e+07,1.910313e+03,1.910273e+03,0.000000e+00,3.340272e+02,4.496417e+03,3.924511e-02,NaN,NaN,0.000000e+00,4.240481e+16,2.509507e+18,2.704306e+20,1.146405e+19,2.128172e+20,1.005480e+20,1.518520e+21,2.848367e+02,1.722495e+02,1.125872e+02,NaN,NaN,NaN,NaN,2.608306e-02,NaN,6.286004e+06,3.756565e-02
5.493661e+07,1.909484e+03,1.909720e+03,1.533210e+00,3.328816e+02,4.495472e+03,3.912509e-02,NaN,NaN,1.043562e-01,4.239750e+16,2.501946e+18,2.704406e+20,1.148360e+19,2.125314e+20,1.007770e+20,1.520364e+21,2.851741e+02,1.726417e+02,1.125324e+02,NaN,NaN,NaN,NaN,2.606942e-02,NaN,6.286240e+06,3.773915e-02
5.496626e+07,1.908929e+03,1.908889e+03,0.000000e+00,3.312506e+02,4.494414e+03,3.894531e-02,NaN,NaN,0.000000e+00,4.239182e+16,2.490933e+18,2.704492e+20,1.151380e+19,2.121166e+20,1.011030e+20,1.522975e+21,2.856647e+02,1.732003e+02,1.124644e+02,NaN,NaN,NaN,NaN,2.605282e-02,NaN,6.286594e+06,3.785575e-02
5.499267e+07,1.908096e+03,1.908334e+03,1.529270e+00,3.301261e+02,4.493473e+03,3.882564e-02,NaN,NaN,1.046251e-01,4.238448e+16,2.483399e+18,2.704591e+20,1.153342e+19,2.118295e+20,1.013333e+20,1.524829e+21,2.860045e+02,1.735948e+02,1.124097e+02,NaN,NaN,NaN,NaN,2.603920e-02,NaN,6.286830e+06,3.803206e-02
5.502221e+07,1.907538e+03,1.907498e+03,0.000000e+00,3.290256e+02,4.492421e+03,3.864642e-02,NaN,NaN,0.000000e+00,4.237875e+16,2.472426e+18,2.704678e+20,1.156374e+19,2.114128e+20,1.016615e+20,1.527456e+21,2.864986e+02,1.741569e+02,1.123417e+02,NaN,NaN,NaN,NaN,2.602262e-02,NaN,6.287183e+06,3.815054e-02
5.504854e+07,1.906700e+03,1.906940e+03,1.525308e+00,3.279521e+02,4.491483e+03,3.852711e-02,NaN,NaN,1.048969e-01,4.237138e+16,2.464919e+18,2.704776e+20,1.158344e+19,2.111245e+20,1.018931e+20,1.529321e+21,2.868408e+02,1.745537e+02,1.122871e+02,NaN,NaN,NaN,NaN,2.600902e-02,NaN,6.287418e+06,3.832971e-02
5.507797e+07,1.906140e+03,1.906100e+03,0.000000e+00,3.264238e+02,4.490436e+03,3.834838e-02,NaN,NaN,0.000000e+00,4.236559e+16,2.453985e+18,2.704862e+20,1.161387e+19,2.107057e+20,1.022233e+20,1.531965e+21,2.873385e+02,1.751193e+02,1.122192e+02,NaN,NaN,NaN,NaN,2.599247e-02,NaN,6.287771e+06,3.845011e-02
5.510422e+07,1.905298e+03,1.905539e+03,1.521323e+00,3.253708e+02,4.489502e+03,3.822942e-02,NaN,NaN,1.051716e-01,4.235819e+16,2.446506e+18,2.704960e+20,1.163366e+19,2.104162e+20,1.024562e+20,1.533840e+21,2.876831e+02,1.755184e+02,1.121647e+02,NaN,NaN,NaN,NaN,2.597889e-02,NaN,6.288006e+06,3.863220e-02
5.513354e+07,1.904734e+03,1.904694e+03,0.000000e+00,3.238711e+02,4.488460e+03,3.805132e-02,NaN,NaN,0.000000e+00,4.235236e+16,2.435612e+18,2.705046e+20,1.166421e+19,2.099955e+20,1.027885e+20,1.536500e+21,2.881845e+02,1.760876e+02,1.120969e+02,NaN,NaN,NaN,NaN,2.596236e-02,NaN,6.288358e+06,3.875457e-02
5.515972e+07,1.903887e+03,1.904130e+03,1.517315e+00,3.228385e+02,4.487529e+03,3.793273e-02,NaN,NaN,1.054494e-01,4.234493e+16,2.428161e+18,2.705144e+20,1.168408e+19,2.097047e+20,1.030228e+20,1.538386e+21,2.885314e+02,1.764890e+02,1.120424e+02,NaN,NaN,NaN,NaN,2.594880e-02,NaN,6.288592e+06,3.893963e-02
5.518892e+07,1.903321e+03,1.903281e+03,0.000000e+00,3.213676e+02,4.486492e+03,3.775509e-02,NaN,NaN,0.000000e+00,4.233906e+16,2.417307e+18,2.705229e+20,1.171474e+19,2.092820e+20,1.033571e+20,1.541062e+21,2.890364e+02,1.770617e+02,1.119747e+02,NaN,NaN,NaN,NaN,2.593230e-02,NaN,6.288943e+06,3.906402e-02
5.521503e+07,1.902470e+03,1.902714e+03,1.513285e+00,3.207832e+02,4.485565e+03,3.763687e-02,NaN,NaN,1.057303e-01,4.233160e+16,2.409884e+18,2.705327e+20,1.173469e+19,2.089900e+20,1.035927e+20,1.542959e+21,2.893856e+02,1.774654e+02,1.119202e+02,NaN,NaN,NaN,NaN,2.591876e-02,NaN,6.289177e+06,3.925213e-02
5.524413e+07,1.901901e+03,1.901861e+03,0.000000e+00,3.193824e+02,4.484533e+03,3.745982e-02,NaN,NaN,0.000000e+00,4.232568e+16,2.399070e+18,2.705412e+20,1.176547e+19,2.085653e+20,1.039291e+20,1.545651e+21,2.898943e+02,1.780417e+02,1.118526e+02,NaN,NaN,NaN,NaN,2.590229e-02,NaN,6.289528e+06,3.937857e-02
5.527015e+07,1.901045e+03,1.901291e+03,1.509231e+00,3.184184e+02,4.483610e+03,3.734195e-02,NaN,NaN,1.060142e-01,4.231819e+16,2.391675e+18,2.705509e+20,1.178550e+19,2.082720e+20,1.041661e+20,1.547558e+21,2.902459e+02,1.784476e+02,1.117983e+02,NaN,NaN,NaN,NaN,2.588878e-02,NaN,6.289761e+06,3.956979e-02
5.529914e+07,1.900473e+03,1.900433e+03,0.000000e+00,3.170450e+02,4.482582e+03,3.716545e-02,NaN,NaN,0.000000e+00,4.231223e+16,2.380901e+18,2.705594e+20,1.181640e+19,2.078453e+20,1.045046e+20,1.550267e+21,2.907583e+02,1.790275e+02,1.117308e+02,NaN,NaN,NaN,NaN,2.587233e-02,NaN,6.290110e+06,3.969833e-02
5.532510e+07,1.899613e+03,1.899860e+03,1.505154e+00,3.161006e+02,4.481663e+03,3.704795e-02,NaN,NaN,1.063014e-01,4.230471e+16,2.373534e+18,2.705691e+20,1.183650e+19,2.075508e+20,1.047429e+20,1.552185e+21,2.911122e+02,1.794357e+02,1.116765e+02,NaN,NaN,NaN,NaN,2.585884e-02,NaN,6.290343e+06,3.989274e-02
5.535398e+07,1.899038e+03,1.898998e+03,0.000000e+00,3.147544e+02,4.480640e+03,3.687193e-02,NaN,NaN,0.000000e+00,4.229870e+16,2.362801e+18,2.705775e+20,1.186751e+19,2.071221e+20,1.050834e+20,1.554910e+21,2.916282e+02,1.800191e+02,1.116091e+02,NaN,NaN,NaN,NaN,2.584242e-02,NaN,6.290692e+06,4.002342e-02
5.537986e+07,1.898173e+03,1.898422e+03,1.501054e+00,3.138292e+02,4.479724e+03,3.675480e-02,NaN,NaN,1.065917e-01,4.229116e+16,2.355462e+18,2.705872e+20,1.188770e+19,2.068264e+20,1.053231e+20,1.556838e+21,2.919846e+02,1.804297e+02,1.115549e+02,NaN,NaN,NaN,NaN,2.582895e-02,NaN,6.290925e+06,4.022109e-02
5.540863e+07,1.897595e+03,1.897555e+03,0.000000e+00,3.125098e+02,4.478706e+03,3.657942e-02,NaN,NaN,0.000000e+00,4.228511e+16,2.344769e+18,2.705956e+20,1.191883e+19,2.063957e+20,1.056657e+20,1.559580e+21,2.925041e+02,1.810166e+02,1.114875e+02,NaN,NaN,NaN,NaN,2.581256e-02,NaN,6.291273e+06,4.035396e-02
5.543444e+07,1.896726e+03,1.896976e+03,1.496931e+00,3.120114e+02,4.477794e+03,3.646265e-02,NaN,NaN,1.068854e-01,4.227755e+16,2.337460e+18,2.706052e+20,1.193909e+19,2.060987e+20,1.059067e+20,1.561518e+21,2.928629e+02,1.814295e+02,1.114334e+02,NaN,NaN,NaN,NaN,2.579911e-02,NaN,6.291504e+06,4.055496e-02
5.546310e+07,1.896145e+03,1.896105e+03,0.000000e+00,3.107591e+02,4.476781e+03,3.628776e-02,NaN,NaN,0.000000e+00,4.227146e+16,2.326807e+18,2.706135e+20,1.197033e+19,2.056660e+20,1.062514e+20,1.564276e+21,2.933861e+02,1.820199e+02,1.113662e+02,NaN,NaN,NaN,NaN,2.578276e-02,NaN,6.291852e+06,4.069008e-02
5.548884e+07,1.895271e+03,1.895522e+03,1.492784e+00,3.098993e+02,4.475872e+03,3.617137e-02,NaN,NaN,1.071823e-01,4.226387e+16,2.319526e+18,2.706231e+20,1.199067e+19,2.053678e+20,1.064937e+20,1.566225e+21,2.937473e+02,1.824351e+02,1.113122e+02,NaN,NaN,NaN,NaN,2.576933e-02,NaN,6.292083e+06,4.089447e-02
5.551740e+07,1.894687e+03,1.894647e+03,0.000000e+00,3.086719e+02,4.474863e+03,3.599702e-02,NaN,NaN,0.000000e+00,4.225774e+16,2.308914e+18,2.706315e+20,1.202203e+19,2.049331e+20,1.068405e+20,1.569000e+21,2.942742e+02,1.830291e+02,1.112451e+02,NaN,NaN,NaN,NaN,2.575301e-02,NaN,6.292430e+06,4.103188e-02
5.554306e+07,1.893808e+03,1.894061e+03,1.488613e+00,3.078297e+02,4.473958e+03,3.588098e-02,NaN,NaN,1.074826e-01,4.225012e+16,2.301662e+18,2.706410e+20,1.204245e+19,2.046337e+20,1.070842e+20,1.570959e+21,2.946377e+02,1.834466e+02,1.111911e+02,NaN,NaN,NaN,NaN,2.573961e-02,NaN,6.292660e+06,4.123975e-02
5.557151e+07,1.893221e+03,1.893181e+03,0.000000e+00,3.066284e+02,4.472954e+03,3.570724e-02,NaN,NaN,0.000000e+00,4.224396e+16,2.291091e+18,2.706493e+20,1.207392e+19,2.041969e+20,1.074330e+20,1.573750e+21,2.951682e+02,1.840441e+02,1.111241e+02,NaN,NaN,NaN,NaN,2.572332e-02,NaN,6.293006e+06,4.137951e-02
5.559711e+07,1.892338e+03,1.892592e+03,1.484418e+00,3.058043e+02,4.472052e+03,3.559158e-02,NaN,NaN,1.077863e-01,4.223632e+16,2.283868e+18,2.706588e+20,1.209442e+19,2.038963e+20,1.076780e+20,1.575721e+21,2.955342e+02,1.844639e+02,1.110703e+02,NaN,NaN,NaN,NaN,2.570994e-02,NaN,6.293236e+06,4.159094e-02
5.562545e+07,1.891747e+03,1.891707e+03,0.000000e+00,3.049974e+02,4.471054e+03,3.541833e-02,NaN,NaN,0.000000e+00,4.223012e+16,2.273338e+18,2.706671e+20,1.212600e+19,2.034575e+20,1.080289e+20,1.578527e+21,2.960684e+02,1.850650e+02,1.110034e+02,NaN,NaN,NaN,NaN,2.569368e-02,NaN,6.293581e+06,4.173310e-02
5.565097e+07,1.890860e+03,1.891116e+03,1.480200e+00,3.042174e+02,4.470155e+03,3.530304e-02,NaN,NaN,1.080935e-01,4.222246e+16,2.266144e+18,2.706766e+20,1.214658e+19,2.031557e+20,1.082753e+20,1.580508e+21,2.964367e+02,1.854871e+02,1.109496e+02,NaN,NaN,NaN,NaN,2.568034e-02,NaN,6.293811e+06,4.194816e-02
5.567921e+07,1.890266e+03,1.890226e+03,0.000000e+00,3.031043e+02,4.469161e+03,3.513038e-02,NaN,NaN,0.000000e+00,4.221622e+16,2.255655e+18,2.706848e+20,1.217828e+19,2.027149e+20,1.086282e+20,1.583331e+21,2.969746e+02,1.860917e+02,1.108829e+02,NaN,NaN,NaN,NaN,2.566411e-02,NaN,6.294155e+06,4.209278e-02
5.570466e+07,1.889374e+03,1.889632e+03,1.475957e+00,3.023414e+02,4.468265e+03,3.501544e-02,NaN,NaN,1.084042e-01,4.220854e+16,2.248490e+18,2.706942e+20,1.219893e+19,2.024118e+20,1.088759e+20,1.585323e+21,2.973452e+02,1.865160e+02,1.108292e+02,NaN,NaN,NaN,NaN,2.565079e-02,NaN,6.294384e+06,4.231156e-02
5.573279e+07,1.888778e+03,1.888738e+03,0.000000e+00,3.012525e+02,4.467276e+03,3.484336e-02,NaN,NaN,0.000000e+00,4.220226e+16,2.238043e+18,2.707024e+20,1.223074e+19,2.019690e+20,1.092309e+20,1.588162e+21,2.978868e+02,1.871242e+02,1.107626e+02,NaN,NaN,NaN,NaN,2.563459e-02,NaN,6.294728e+06,4.245869e-02
5.575818e+07,1.887881e+03,1.888140e+03,1.471690e+00,3.005068e+02,4.466384e+03,3.472880e-02,NaN,NaN,1.087185e-01,4.219456e+16,2.230907e+18,2.707118e+20,1.225146e+19,2.016647e+20,1.094800e+20,1.590164e+21,2.982599e+02,1.875509e+02,1.107090e+02,NaN,NaN,NaN,NaN,2.562130e-02,NaN,6.294956e+06,4.268128e-02
5.578620e+07,1.887281e+03,1.887241e+03,0.000000e+00,2.994407e+02,4.465400e+03,3.455721e-02,NaN,NaN,0.000000e+00,4.218825e+16,2.220502e+18,2.707200e+20,1.228339e+19,2.012199e+20,1.098370e+20,1.593020e+21,2.988051e+02,1.881626e+02,1.106425e+02,NaN,NaN,NaN,NaN,2.560514e-02,NaN,6.295299e+06,4.283097e-02
5.581152e+07,1.886379e+03,1.886640e+03,1.467399e+00,2.987112e+02,4.464511e+03,3.444304e-02,NaN,NaN,1.090364e-01,4.218053e+16,2.213395e+18,2.707294e+20,1.230419e+19,2.009143e+20,1.100874e+20,1.595033e+21,2.991805e+02,1.885915e+02,1.105890e+02,NaN,NaN,NaN,NaN,2.559188e-02,NaN,6.295527e+06,4.305746e-02
5.583944e+07,1.885777e+03,1.885737e+03,0.000000e+00,2.980334e+02,4.463531e+03,3.427206e-02,NaN,NaN,0.000000e+00,4.217419e+16,2.203032e+18,2.707375e+20,1.233622e+19,2.004676e+20,1.104466e+20,1.597905e+21,2.997294e+02,1.892067e+02,1.105227e+02,NaN,NaN,NaN,NaN,2.557575e-02,NaN,6.295869e+06,4.320978e-02
5.586468e+07,1.884870e+03,1.885133e+03,1.463084e+00,2.973453e+02,4.462645e+03,3.415824e-02,NaN,NaN,1.093580e-01,4.216645e+16,2.195955e+18,2.707468e+20,1.235710e+19,2.001608e+20,1.106983e+20,1.599928e+21,3.001072e+02,1.896379e+02,1.104693e+02,NaN,NaN,NaN,NaN,2.556252e-02,NaN,6.296096e+06,4.344025e-02
5.589250e+07,1.884264e+03,1.884224e+03,0.000000e+00,2.963632e+02,4.461670e+03,3.398782e-02,NaN,NaN,0.000000e+00,4.216007e+16,2.185633e+18,2.707549e+20,1.238924e+19,1.997120e+20,1.110595e+20,1.602816e+21,3.006597e+02,1.902567e+02,1.104030e+02,NaN,NaN,NaN,NaN,2.554643e-02,NaN,6.296437e+06,4.359526e-02
5.591768e+07,1.883353e+03,1.883617e+03,1.458744e+00,2.956909e+02,4.460788e+03,3.387438e-02,NaN,NaN,1.096834e-01,4.215232e+16,2.178586e+18,2.707642e+20,1.241020e+19,1.994040e+20,1.113125e+20,1.604849e+21,3.010400e+02,1.906902e+02,1.103498e+02,NaN,NaN,NaN,NaN,2.553323e-02,NaN,6.296664e+06,4.382981e-02
5.594539e+07,1.882744e+03,1.882704e+03,0.000000e+00,2.947305e+02,4.459817e+03,3.370447e-02,NaN,NaN,0.000000e+00,4.214591e+16,2.168306e+18,2.707722e+20,1.244245e+19,1.989532e+20,1.116758e+20,1.607754e+21,3.015962e+02,1.913125e+02,1.102837e+02,NaN,NaN,NaN,NaN,2.551717e-02,NaN,6.297004e+06,4.398757e-02
5.597050e+07,1.881828e+03,1.882094e+03,1.454379e+00,2.940738e+02,4.458938e+03,3.359142e-02,NaN,NaN,1.100126e-01,4.213814e+16,2.161288e+18,2.707815e+20,1.246348e+19,1.986440e+20,1.119301e+20,1.609797e+21,3.019787e+02,1.917482e+02,1.102305e+02,NaN,NaN,NaN,NaN,2.550400e-02,NaN,6.297230e+06,4.422630e-02
5.599811e+07,1.881216e+03,1.881176e+03,0.000000e+00,2.934399e+02,4.457972e+03,3.342212e-02,NaN,NaN,0.000000e+00,4.213170e+16,2.151051e+18,2.707895e+20,1.249584e+19,1.981912e+20,1.122954e+20,1.612718e+21,3.025385e+02,1.923740e+02,1.101645e+02,NaN,NaN,NaN,NaN,2.548798e-02,NaN,6.297569e+06,4.438687e-02
5.602315e+07,1.880295e+03,1.880562e+03,1.449990e+00,2.928246e+02,4.457096e+03,3.330942e-02,NaN,NaN,1.103456e-01,4.212392e+16,2.144063e+18,2.707987e+20,1.251694e+19,1.978807e+20,1.125511e+20,1.614773e+21,3.029236e+02,1.928121e+02,1.101115e+02,NaN,NaN,NaN,NaN,2.547484e-02,NaN,6.297795e+06,4.462987e-02
5.605066e+07,1.879680e+03,1.879640e+03,0.000000e+00,2.919422e+02,4.456134e+03,3.314069e-02,NaN,NaN,0.000000e+00,4.211745e+16,2.133869e+18,2.708067e+20,1.254941e+19,1.974260e+20,1.129185e+20,1.617710e+21,3.034870e+02,1.934413e+02,1.100457e+02,NaN,NaN,NaN,NaN,2.545886e-02,NaN,6.298133e+06,4.479332e-02
5.607563e+07,1.878754e+03,1.879023e+03,1.445575e+00,2.913392e+02,4.455261e+03,3.302838e-02,NaN,NaN,1.106826e-01,4.210965e+16,2.126911e+18,2.708159e+20,1.257058e+19,1.971143e+20,1.131755e+20,1.619774e+21,3.038744e+02,1.938816e+02,1.099928e+02,NaN,NaN,NaN,NaN,2.544575e-02,NaN,6.298359e+06,4.504070e-02
5.610304e+07,1.878136e+03,1.878096e+03,0.000000e+00,2.904777e+02,4.454304e+03,3.286017e-02,NaN,NaN,0.000000e+00,4.210316e+16,2.116758e+18,2.708238e+20,1.260316e+19,1.966576e+20,1.135448e+20,1.622727e+21,3.044415e+02,1.945144e+02,1.099271e+02,NaN,NaN,NaN,NaN,2.542981e-02,NaN,6.298696e+06,4.520710e-02
5.612794e+07,1.877205e+03,1.877476e+03,1.441136e+00,2.898892e+02,4.453435e+03,3.274824e-02,NaN,NaN,1.110235e-01,4.209534e+16,2.109831e+18,2.708330e+20,1.262441e+19,1.963447e+20,1.138032e+20,1.624802e+21,3.048313e+02,1.949570e+02,1.098743e+02,NaN,NaN,NaN,NaN,2.541674e-02,NaN,6.298921e+06,4.545896e-02
5.615525e+07,1.876583e+03,1.876543e+03,0.000000e+00,2.890482e+02,4.452482e+03,3.258062e-02,NaN,NaN,0.000000e+00,4.208882e+16,2.099721e+18,2.708409e+20,1.265709e+19,1.958859e+20,1.141746e+20,1.627770e+21,3.054019e+02,1.955932e+02,1.098087e+02,NaN,NaN,NaN,NaN,2.540084e-02,NaN,6.299257e+06,4.562838e-02
5.618009e+07,1.875648e+03,1.875920e+03,1.436671e+00,2.887521e+02,4.451616e+03,3.246905e-02,NaN,NaN,1.113685e-01,4.208100e+16,2.092824e+18,2.708500e+20,1.267841e+19,1.955718e+20,1.144342e+20,1.629856e+21,3.057940e+02,1.960380e+02,1.097560e+02,NaN,NaN,NaN,NaN,2.538779e-02,NaN,6.299481e+06,4.588483e-02
5.620730e+07,1.875023e+03,1.874983e+03,0.000000e+00,2.879634e+02,4.450667e+03,3.230203e-02,NaN,NaN,0.000000e+00,4.207445e+16,2.082757e+18,2.708579e+20,1.271120e+19,1.951111e+20,1.148077e+20,1.632841e+21,3.063685e+02,1.966778e+02,1.096907e+02,NaN,NaN,NaN,NaN,2.537193e-02,NaN,6.299817e+06,4.605734e-02
5.623207e+07,1.874083e+03,1.874357e+03,1.432182e+00,2.874253e+02,4.449804e+03,3.219085e-02,NaN,NaN,1.117177e-01,4.206661e+16,2.075891e+18,2.708670e+20,1.273259e+19,1.947958e+20,1.150686e+20,1.634936e+21,3.067629e+02,1.971248e+02,1.096381e+02,NaN,NaN,NaN,NaN,2.535892e-02,NaN,6.300040e+06,4.631848e-02
5.625918e+07,1.873455e+03,1.873415e+03,0.000000e+00,2.866559e+02,4.448860e+03,3.202436e-02,NaN,NaN,0.000000e+00,4.206004e+16,2.065867e+18,2.708748e+20,1.276549e+19,1.943332e+20,1.154441e+20,1.637938e+21,3.073409e+02,1.977680e+02,1.095729e+02,NaN,NaN,NaN,NaN,2.534310e-02,NaN,6.300375e+06,4.649416e-02
5.628388e+07,1.872510e+03,1.872785e+03,1.427666e+00,2.861313e+02,4.448000e+03,3.191357e-02,NaN,NaN,1.120710e-01,4.205220e+16,2.059031e+18,2.708839e+20,1.278695e+19,1.940167e+20,1.157064e+20,1.640043e+21,3.077377e+02,1.982173e+02,1.095204e+02,NaN,NaN,NaN,NaN,2.533013e-02,NaN,6.300598e+06,4.676011e-02
5.631089e+07,1.871878e+03,1.871838e+03,0.000000e+00,2.853814e+02,4.447060e+03,3.174762e-02,NaN,NaN,0.000000e+00,4.204560e+16,2.049050e+18,2.708917e+20,1.281995e+19,1.935520e+20,1.160838e+20,1.643060e+21,3.083193e+02,1.988639e+02,1.094554e+02,NaN,NaN,NaN,NaN,2.531435e-02,NaN,6.300932e+06,4.693904e-02
5.633553e+07,1.870928e+03,1.871205e+03,1.423126e+00,2.848700e+02,4.446203e+03,3.163719e-02,NaN,NaN,1.124286e-01,4.203774e+16,2.042244e+18,2.709007e+20,1.284148e+19,1.932343e+20,1.163474e+20,1.645176e+21,3.087185e+02,1.993155e+02,1.094030e+02,NaN,NaN,NaN,NaN,2.530141e-02,NaN,6.301154e+06,4.720991e-02
5.636244e+07,1.870293e+03,1.870253e+03,0.000000e+00,2.844061e+02,4.445268e+03,3.147190e-02,NaN,NaN,0.000000e+00,4.203113e+16,2.032307e+18,2.709084e+20,1.287458e+19,1.927678e+20,1.167269e+20,1.648208e+21,3.093036e+02,1.999655e+02,1.093381e+02,NaN,NaN,NaN,NaN,2.528568e-02,NaN,6.301487e+06,4.739217e-02
5.638702e+07,1.869339e+03,1.869617e+03,1.418560e+00,2.839281e+02,4.444414e+03,3.136186e-02,NaN,NaN,1.127905e-01,4.202326e+16,2.025531e+18,2.709174e+20,1.289619e+19,1.924488e+20,1.169918e+20,1.650335e+21,3.097054e+02,2.004194e+02,1.092860e+02,NaN,NaN,NaN,NaN,2.527277e-02,NaN,6.301709e+06,4.766808e-02
5.641383e+07,1.868701e+03,1.868661e+03,0.000000e+00,2.832449e+02,4.443483e+03,3.119710e-02,NaN,NaN,0.000000e+00,4.201662e+16,2.015638e+18,2.709251e+20,1.292939e+19,1.919803e+20,1.173732e+20,1.653383e+21,3.102940e+02,2.010728e+02,1.092212e+02,NaN,NaN,NaN,NaN,2.525708e-02,NaN,6.302041e+06,4.785374e-02
5.643834e+07,1.867741e+03,1.868021e+03,1.413968e+00,2.827792e+02,4.442632e+03,3.108745e-02,NaN,NaN,1.131568e-01,4.200875e+16,2.008892e+18,2.709340e+20,1.295107e+19,1.916601e+20,1.176394e+20,1.655521e+21,3.106981e+02,2.015289e+02,1.091692e+02,NaN,NaN,NaN,NaN,2.524421e-02,NaN,6.302262e+06,4.813483e-02
5.646506e+07,1.867099e+03,1.867059e+03,0.000000e+00,2.821136e+02,4.441705e+03,3.092322e-02,NaN,NaN,0.000000e+00,4.200209e+16,1.999044e+18,2.709417e+20,1.298436e+19,1.911897e+20,1.180228e+20,1.658584e+21,3.112903e+02,2.021857e+02,1.091046e+02,NaN,NaN,NaN,NaN,2.522857e-02,NaN,6.302593e+06,4.832398e-02
5.648950e+07,1.866135e+03,1.866416e+03,1.409350e+00,2.816602e+02,4.440857e+03,3.081397e-02,NaN,NaN,1.135275e-01,4.199421e+16,1.992328e+18,2.709506e+20,1.300611e+19,1.908683e+20,1.182904e+20,1.660731e+21,3.116967e+02,2.026440e+02,1.090527e+02,NaN,NaN,NaN,NaN,2.521573e-02,NaN,6.302813e+06,4.861036e-02
5.651612e+07,1.865490e+03,1.865450e+03,0.000000e+00,2.812444e+02,4.439934e+03,3.065036e-02,NaN,NaN,0.000000e+00,4.198753e+16,1.982523e+18,2.709583e+20,1.303951e+19,1.903960e+20,1.186757e+20,1.663810e+21,3.122925e+02,2.033042e+02,1.089883e+02,NaN,NaN,NaN,NaN,2.520013e-02,NaN,6.303143e+06,4.880308e-02
5.654050e+07,1.864520e+03,1.864804e+03,1.404707e+00,2.808222e+02,4.439090e+03,3.054146e-02,NaN,NaN,1.139028e-01,4.197964e+16,1.975839e+18,2.709671e+20,1.306133e+19,1.900734e+20,1.189446e+20,1.665967e+21,3.127012e+02,2.037647e+02,1.089365e+02,NaN,NaN,NaN,NaN,2.518734e-02,NaN,6.303363e+06,4.909489e-02
5.656703e+07,1.863872e+03,1.863832e+03,0.000000e+00,2.802184e+02,4.438171e+03,3.037846e-02,NaN,NaN,0.000000e+00,4.197294e+16,1.966078e+18,2.709747e+20,1.309482e+19,1.895992e+20,1.193319e+20,1.669062e+21,3.133006e+02,2.044283e+02,1.088723e+02,NaN,NaN,NaN,NaN,2.517178e-02,NaN,6.303692e+06,4.929128e-02
5.659134e+07,1.862897e+03,1.863182e+03,1.400037e+00,2.798078e+02,4.437329e+03,3.026995e-02,NaN,NaN,1.142827e-01,4.196505e+16,1.959425e+18,2.709836e+20,1.311671e+19,1.892755e+20,1.196020e+20,1.671229e+21,3.137116e+02,2.048909e+02,1.088207e+02,NaN,NaN,NaN,NaN,2.515903e-02,NaN,6.303912e+06,4.958865e-02
5.661777e+07,1.862246e+03,1.862206e+03,0.000000e+00,2.792203e+02,4.436415e+03,3.010749e-02,NaN,NaN,0.000000e+00,4.195834e+16,1.949708e+18,2.709911e+20,1.315030e+19,1.887993e+20,1.199913e+20,1.674340e+21,3.143145e+02,2.055579e+02,1.087566e+02,NaN,NaN,NaN,NaN,2.514352e-02,NaN,6.304240e+06,4.978879e-02
5.664203e+07,1.861266e+03,1.861553e+03,1.395341e+00,2.788207e+02,4.435576e+03,2.999938e-02,NaN,NaN,1.146673e-01,4.195044e+16,1.943087e+18,2.709999e+20,1.317225e+19,1.884744e+20,1.202626e+20,1.676517e+21,3.147278e+02,2.060227e+02,1.087051e+02,NaN,NaN,NaN,NaN,2.513080e-02,NaN,6.304458e+06,5.009187e-02
5.666836e+07,1.860611e+03,1.860571e+03,0.000000e+00,2.784530e+02,4.434666e+03,2.983746e-02,NaN,NaN,0.000000e+00,4.194371e+16,1.933414e+18,2.710075e+20,1.320594e+19,1.879964e+20,1.206539e+20,1.679643e+21,3.153343e+02,2.066930e+02,1.086413e+02,NaN,NaN,NaN,NaN,2.511534e-02,NaN,6.304786e+06,5.029586e-02
5.669255e+07,1.859626e+03,1.859915e+03,1.390620e+00,2.780819e+02,4.433830e+03,2.972975e-02,NaN,NaN,1.150566e-01,4.193581e+16,1.926824e+18,2.710162e+20,1.322795e+19,1.876703e+20,1.209265e+20,1.681829e+21,3.157499e+02,2.071600e+02,1.085899e+02,NaN,NaN,NaN,NaN,2.510266e-02,NaN,6.305004e+06,5.060478e-02
5.671879e+07,1.858968e+03,1.858928e+03,0.000000e+00,2.775514e+02,4.432923e+03,2.956848e-02,NaN,NaN,0.000000e+00,4.192907e+16,1.917196e+18,2.710237e+20,1.326174e+19,1.871904e+20,1.213197e+20,1.684970e+21,3.163599e+02,2.078336e+02,1.085263e+02,NaN,NaN,NaN,NaN,2.508725e-02,NaN,6.305330e+06,5.081271e-02
5.674292e+07,1.857978e+03,1.858269e+03,1.385872e+00,2.771908e+02,4.432091e+03,2.946112e-02,NaN,NaN,1.154508e-01,4.192117e+16,1.910637e+18,2.710324e+20,1.328382e+19,1.868632e+20,1.215935e+20,1.687167e+21,3.167778e+02,2.083027e+02,1.084751e+02,NaN,NaN,NaN,NaN,2.507461e-02,NaN,6.305547e+06,5.112763e-02
5.676907e+07,1.857317e+03,1.857277e+03,0.000000e+00,2.766750e+02,4.431188e+03,2.930045e-02,NaN,NaN,0.000000e+00,4.191441e+16,1.901054e+18,2.710399e+20,1.331770e+19,1.863814e+20,1.219887e+20,1.690323e+21,3.173912e+02,2.089796e+02,1.084116e+02,NaN,NaN,NaN,NaN,2.505924e-02,NaN,6.305872e+06,5.133960e-02
5.679314e+07,1.856322e+03,1.856614e+03,1.381097e+00,2.763246e+02,4.430358e+03,2.919350e-02,NaN,NaN,1.158499e-01,4.190650e+16,1.894527e+18,2.710485e+20,1.333984e+19,1.860531e+20,1.222637e+20,1.692530e+21,3.178113e+02,2.094508e+02,1.083605e+02,NaN,NaN,NaN,NaN,2.504665e-02,NaN,6.306089e+06,5.166066e-02
5.681919e+07,1.855657e+03,1.855617e+03,0.000000e+00,2.760044e+02,4.429460e+03,2.903336e-02,NaN,NaN,0.000000e+00,4.189973e+16,1.884989e+18,2.710560e+20,1.337381e+19,1.855694e+20,1.226608e+20,1.695700e+21,3.184283e+02,2.101310e+02,1.082973e+02,NaN,NaN,NaN,NaN,2.503133e-02,NaN,6.306413e+06,5.187679e-02
5.684320e+07,1.854657e+03,1.854950e+03,1.376296e+00,2.756802e+02,4.428633e+03,2.892682e-02,NaN,NaN,1.162540e-01,4.189183e+16,1.878494e+18,2.710646e+20,1.339601e+19,1.852399e+20,1.229371e+20,1.697917e+21,3.188507e+02,2.106043e+02,1.082464e+02,NaN,NaN,NaN,NaN,2.501877e-02,NaN,6.306629e+06,5.220415e-02
5.686916e+07,1.853988e+03,1.853948e+03,0.000000e+00,2.752167e+02,4.427739e+03,2.876723e-02,NaN,NaN,0.000000e+00,4.188505e+16,1.869000e+18,2.710720e+20,1.343008e+19,1.847544e+20,1.233360e+20,1.701104e+21,3.194711e+02,2.112878e+02,1.081833e+02,NaN,NaN,NaN,NaN,2.500351e-02,NaN,6.306952e+06,5.242453e-02
5.689310e+07,1.852983e+03,1.853278e+03,1.371469e+00,2.749018e+02,4.426914e+03,2.866109e-02,NaN,NaN,1.166632e-01,4.187714e+16,1.862536e+18,2.710806e+20,1.345234e+19,1.844237e+20,1.236136e+20,1.703329e+21,3.198959e+02,2.117633e+02,1.081326e+02,NaN,NaN,NaN,NaN,2.499099e-02,NaN,6.307168e+06,5.275836e-02
5.691897e+07,1.852311e+03,1.852271e+03,0.000000e+00,2.744516e+02,4.426024e+03,2.850214e-02,NaN,NaN,0.000000e+00,4.187035e+16,1.853088e+18,2.710879e+20,1.348649e+19,1.839365e+20,1.240144e+20,1.706530e+21,3.205196e+02,2.124499e+02,1.080697e+02,NaN,NaN,NaN,NaN,2.497578e-02,NaN,6.307490e+06,5.298310e-02
5.694286e+07,1.851301e+03,1.851598e+03,1.366615e+00,2.741459e+02,4.425203e+03,2.839635e-02,NaN,NaN,1.170776e-01,4.186245e+16,1.846654e+18,2.710965e+20,1.350883e+19,1.836046e+20,1.242932e+20,1.708766e+21,3.209467e+02,2.129276e+02,1.080191e+02,NaN,NaN,NaN,NaN,2.496331e-02,NaN,6.307705e+06,5.332356e-02
5.696864e+07,1.850626e+03,1.850586e+03,0.000000e+00,2.738717e+02,4.424316e+03,2.823803e-02,NaN,NaN,0.000000e+00,4.185564e+16,1.837252e+18,2.711038e+20,1.354307e+19,1.831155e+20,1.246959e+20,1.711981e+21,3.215738e+02,2.136174e+02,1.079564e+02,NaN,NaN,NaN,NaN,2.494814e-02,NaN,6.308026e+06,5.355278e-02
5.699246e+07,1.849610e+03,1.849909e+03,1.361734e+00,2.735898e+02,4.423498e+03,2.813265e-02,NaN,NaN,1.174972e-01,4.184774e+16,1.830851e+18,2.711123e+20,1.356546e+19,1.827826e+20,1.249760e+20,1.714227e+21,3.220031e+02,2.140971e+02,1.079060e+02,NaN,NaN,NaN,NaN,2.493571e-02,NaN,6.308240e+06,5.390003e-02
5.701815e+07,1.848932e+03,1.848892e+03,0.000000e+00,2.731867e+02,4.422615e+03,2.797489e-02,NaN,NaN,0.000000e+00,4.184093e+16,1.821494e+18,2.711196e+20,1.359979e+19,1.822917e+20,1.253805e+20,1.717457e+21,3.226336e+02,2.147901e+02,1.078435e+02,NaN,NaN,NaN,NaN,2.492060e-02,NaN,6.308560e+06,5.413385e-02
5.704191e+07,1.847911e+03,1.848211e+03,1.356827e+00,2.729133e+02,4.421799e+03,2.786991e-02,NaN,NaN,1.179222e-01,4.183303e+16,1.815124e+18,2.711280e+20,1.362224e+19,1.819576e+20,1.256617e+20,1.719712e+21,3.230652e+02,2.152719e+02,1.077933e+02,NaN,NaN,NaN,NaN,2.490822e-02,NaN,6.308773e+06,5.448808e-02
5.706752e+07,1.847229e+03,1.847189e+03,0.000000e+00,2.725223e+02,4.420921e+03,2.771270e-02,NaN,NaN,0.000000e+00,4.182622e+16,1.805813e+18,2.711353e+20,1.365665e+19,1.814649e+20,1.260681e+20,1.722956e+21,3.236991e+02,2.159681e+02,1.077310e+02,NaN,NaN,NaN,NaN,2.489316e-02,NaN,6.309092e+06,5.472661e-02
5.709122e+07,1.846203e+03,1.846505e+03,1.351892e+00,2.723295e+02,4.420108e+03,2.760813e-02,NaN,NaN,1.183526e-01,4.182128e+16,1.802096e+18,2.711415e+20,1.366920e+19,1.812613e+20,1.262280e+20,1.724242e+21,3.239429e+02,2.162420e+02,1.077009e+02,NaN,NaN,NaN,NaN,2.488564e-02,NaN,6.309217e+06,5.508783e-02
5.711678e+07,1.845520e+03,1.845480e+03,0.000000e+00,2.721823e+02,4.419231e+03,2.745198e-02,NaN,NaN,0.000000e+00,4.182235e+16,1.801488e+18,2.711426e+20,1.367043e+19,1.812085e+20,1.262335e+20,1.724289e+21,3.239518e+02,2.162514e+02,1.077004e+02,NaN,NaN,NaN,NaN,2.488542e-02,NaN,6.309240e+06,5.533026e-02
5.714051e+07,1.844497e+03,1.844798e+03,1.346954e+00,2.722280e+02,4.418418e+03,2.734853e-02,NaN,NaN,1.187866e-01,4.182272e+16,1.801072e+18,2.711428e+20,1.367085e+19,1.811685e+20,1.262378e+20,1.724324e+21,3.239580e+02,2.162588e+02,1.076992e+02,NaN,NaN,NaN,NaN,2.488513e-02,NaN,6.309255e+06,5.569609e-02
5.716613e+07,1.843817e+03,1.843777e+03,0.000000e+00,2.720939e+02,4.417540e+03,2.719428e-02,NaN,NaN,0.000000e+00,4.182401e+16,1.800486e+18,2.711436e+20,1.367204e+19,1.811164e+20,1.262420e+20,1.724360e+21,3.239654e+02,2.162660e+02,1.076994e+02,NaN,NaN,NaN,NaN,2.488509e-02,NaN,6.309278e+06,5.594145e-02
5.718989e+07,1.842797e+03,1.843096e+03,1.342029e+00,2.720041e+02,4.416727e+03,2.709201e-02,NaN,NaN,1.192225e-01,4.182441e+16,1.800078e+18,2.711438e+20,1.367243e+19,1.810766e+20,1.262459e+20,1.724391e+21,3.239710e+02,2.162727e+02,1.076983e+02,NaN,NaN,NaN,NaN,2.488482e-02,NaN,6.309293e+06,5.631168e-02
5.721556e+07,1.842118e+03,1.842078e+03,0.000000e+00,2.718716e+02,4.415848e+03,2.693959e-02,NaN,NaN,0.000000e+00,4.182571e+16,1.799503e+18,2.711446e+20,1.367358e+19,1.810251e+20,1.262496e+20,1.724422e+21,3.239774e+02,2.162789e+02,1.076985e+02,NaN,NaN,NaN,NaN,2.488480e-02,NaN,6.309315e+06,5.655999e-02
5.723936e+07,1.841101e+03,1.841400e+03,1.337116e+00,2.717829e+02,4.415034e+03,2.683853e-02,NaN,NaN,1.196605e-01,4.182612e+16,1.799104e+18,2.711448e+20,1.367393e+19,1.809858e+20,1.262531e+20,1.724450e+21,3.239824e+02,2.162849e+02,1.076975e+02,NaN,NaN,NaN,NaN,2.488455e-02,NaN,6.309330e+06,5.693469e-02
5.726509e+07,1.840424e+03,1.840384e+03,0.000000e+00,2.716521e+02,4.414154e+03,2.668786e-02,NaN,NaN,0.000000e+00,4.182743e+16,1.798541e+18,2.711455e+20,1.367503e+19,1.809348e+20,1.262561e+20,1.724477e+21,3.239880e+02,2.162902e+02,1.076978e+02,NaN,NaN,NaN,NaN,2.488455e-02,NaN,6.309352e+06,5.718598e-02
5.728892e+07,1.839411e+03,1.839708e+03,1.332218e+00,2.715645e+02,4.413339e+03,2.658799e-02,NaN,NaN,1.201005e-01,4.182786e+16,1.798150e+18,2.711457e+20,1.367535e+19,1.808958e+20,1.262593e+20,1.724502e+21,3.239924e+02,2.162955e+02,1.076969e+02,NaN,NaN,NaN,NaN,2.488432e-02,NaN,6.309366e+06,5.756518e-02
5.731470e+07,1.838736e+03,1.838696e+03,0.000000e+00,2.714353e+02,4.412459e+03,2.643906e-02,NaN,NaN,0.000000e+00,4.182917e+16,1.797597e+18,2.711465e+20,1.367641e+19,1.808455e+20,1.262618e+20,1.724524e+21,3.239971e+02,2.162999e+02,1.076972e+02,NaN,NaN,NaN,NaN,2.488433e-02,NaN,6.309388e+06,5.781950e-02
5.733858e+07,1.837726e+03,1.838022e+03,1.327332e+00,2.713489e+02,4.411643e+03,2.634036e-02,NaN,NaN,1.205425e-01,4.182963e+16,1.797214e+18,2.711467e+20,1.367670e+19,1.808068e+20,1.262645e+20,1.724546e+21,3.240010e+02,2.163046e+02,1.076964e+02,NaN,NaN,NaN,NaN,2.488412e-02,NaN,6.309402e+06,5.820326e-02
5.736441e+07,1.837053e+03,1.837013e+03,0.000000e+00,2.712212e+02,4.410762e+03,2.619315e-02,NaN,NaN,0.000000e+00,4.183094e+16,1.796672e+18,2.711474e+20,1.367772e+19,1.807569e+20,1.262666e+20,1.724564e+21,3.240048e+02,2.163080e+02,1.076968e+02,NaN,NaN,NaN,NaN,2.488415e-02,NaN,6.309424e+06,5.846064e-02
5.738832e+07,1.836046e+03,1.836341e+03,1.322461e+00,2.711358e+02,4.409946e+03,2.609560e-02,NaN,NaN,1.209866e-01,4.183142e+16,1.796297e+18,2.711476e+20,1.367798e+19,1.807186e+20,1.262689e+20,1.724583e+21,3.240081e+02,2.163120e+02,1.076961e+02,NaN,NaN,NaN,NaN,2.488396e-02,NaN,6.309438e+06,5.884901e-02
5.741421e+07,1.835375e+03,1.835335e+03,0.000000e+00,2.711422e+02,4.409063e+03,2.595008e-02,NaN,NaN,0.000000e+00,4.183274e+16,1.795765e+18,2.711483e+20,1.367896e+19,1.806693e+20,1.262704e+20,1.724598e+21,3.240112e+02,2.163146e+02,1.076966e+02,NaN,NaN,NaN,NaN,2.488401e-02,NaN,6.309458e+06,5.910947e-02
5.743816e+07,1.834371e+03,1.834666e+03,1.317602e+00,2.710644e+02,4.408247e+03,2.585366e-02,NaN,NaN,1.214327e-01,4.183323e+16,1.795397e+18,2.711485e+20,1.367919e+19,1.806312e+20,1.262724e+20,1.724613e+21,3.240139e+02,2.163180e+02,1.076959e+02,NaN,NaN,NaN,NaN,2.488384e-02,NaN,6.309472e+06,5.950251e-02
5.746411e+07,1.833703e+03,1.833663e+03,0.000000e+00,2.709494e+02,4.407362e+03,2.570982e-02,NaN,NaN,0.000000e+00,4.183456e+16,1.794876e+18,2.711492e+20,1.368013e+19,1.805825e+20,1.262734e+20,1.724623e+21,3.240161e+02,2.163197e+02,1.076964e+02,NaN,NaN,NaN,NaN,2.488390e-02,NaN,6.309493e+06,5.976610e-02
5.748808e+07,1.832700e+03,1.832995e+03,1.312756e+00,2.707413e+02,4.406546e+03,2.561447e-02,NaN,NaN,1.218809e-01,4.182858e+16,1.788838e+18,2.711550e+20,1.370191e+19,1.802579e+20,1.265409e+20,1.726762e+21,3.244304e+02,2.167780e+02,1.076524e+02,NaN,NaN,NaN,NaN,2.487319e-02,NaN,6.309698e+06,6.016440e-02
5.751399e+07,1.832030e+03,1.831990e+03,0.000000e+00,2.703566e+02,4.405664e+03,2.547152e-02,NaN,NaN,0.000000e+00,4.181652e+16,1.776325e+18,2.711666e+20,1.374874e+19,1.795999e+20,1.271066e+20,1.731283e+21,3.253089e+02,2.177471e+02,1.075618e+02,NaN,NaN,NaN,NaN,2.485121e-02,NaN,6.310124e+06,6.043287e-02
5.753788e+07,1.831020e+03,1.831317e+03,1.307889e+00,2.701035e+02,4.404851e+03,2.537630e-02,NaN,NaN,1.223345e-01,4.180774e+16,1.767946e+18,2.711759e+20,1.377959e+19,1.791511e+20,1.274874e+20,1.734331e+21,3.258991e+02,2.183995e+02,1.074996e+02,NaN,NaN,NaN,NaN,2.483597e-02,NaN,6.310408e+06,6.084023e-02
5.756365e+07,1.830344e+03,1.830304e+03,0.000000e+00,2.698488e+02,4.403974e+03,2.523344e-02,NaN,NaN,0.000000e+00,4.179557e+16,1.755410e+18,2.711875e+20,1.382700e+19,1.784843e+20,1.280617e+20,1.738919e+21,3.267919e+02,2.193833e+02,1.074086e+02,NaN,NaN,NaN,NaN,2.481390e-02,NaN,6.310836e+06,6.111495e-02
5.758746e+07,1.829326e+03,1.829626e+03,1.302982e+00,2.696171e+02,4.403165e+03,2.513828e-02,NaN,NaN,1.227953e-01,4.178672e+16,1.747017e+18,2.711968e+20,1.385823e+19,1.780297e+20,1.284481e+20,1.742012e+21,3.273914e+02,2.200453e+02,1.073461e+02,NaN,NaN,NaN,NaN,2.479860e-02,NaN,6.311121e+06,6.153185e-02
5.761309e+07,1.828645e+03,1.828605e+03,0.000000e+00,2.692769e+02,4.402294e+03,2.499551e-02,NaN,NaN,0.000000e+00,4.177443e+16,1.734460e+18,2.712085e+20,1.390621e+19,1.773540e+20,1.290310e+20,1.746669e+21,3.282986e+02,2.210438e+02,1.072548e+02,NaN,NaN,NaN,NaN,2.477645e-02,NaN,6.311551e+06,6.181305e-02
5.763679e+07,1.827619e+03,1.827922e+03,1.298034e+00,2.690535e+02,4.401489e+03,2.490041e-02,NaN,NaN,1.232633e-01,4.176550e+16,1.726051e+18,2.712178e+20,1.393784e+19,1.768933e+20,1.294232e+20,1.749807e+21,3.289078e+02,2.217158e+02,1.071920e+02,NaN,NaN,NaN,NaN,2.476109e-02,NaN,6.311837e+06,6.223984e-02
5.766228e+07,1.826933e+03,1.826893e+03,0.000000e+00,2.687252e+02,4.400624e+03,2.475771e-02,NaN,NaN,0.000000e+00,4.175310e+16,1.713468e+18,2.712295e+20,1.398642e+19,1.762083e+20,1.300151e+20,1.754536e+21,3.298299e+02,2.227296e+02,1.071003e+02,NaN,NaN,NaN,NaN,2.473884e-02,NaN,6.312269e+06,6.252776e-02
5.768590e+07,1.825898e+03,1.826204e+03,1.293046e+00,2.686153e+02,4.399822e+03,2.466266e-02,NaN,NaN,1.237389e-01,4.174409e+16,1.705043e+18,2.712388e+20,1.401845e+19,1.757415e+20,1.304132e+20,1.757721e+21,3.304490e+02,2.234117e+02,1.070373e+02,NaN,NaN,NaN,NaN,2.472342e-02,NaN,6.312557e+06,6.296481e-02
5.771125e+07,1.825206e+03,1.825166e+03,0.000000e+00,2.683160e+02,4.398962e+03,2.452002e-02,NaN,NaN,0.000000e+00,4.173157e+16,1.692437e+18,2.712505e+20,1.406764e+19,1.750470e+20,1.310141e+20,1.762522e+21,3.313864e+02,2.244412e+02,1.069452e+02,NaN,NaN,NaN,NaN,2.470109e-02,NaN,6.312990e+06,6.325968e-02
5.773476e+07,1.824164e+03,1.824472e+03,1.288015e+00,2.681194e+02,4.398165e+03,2.442501e-02,NaN,NaN,1.242222e-01,4.172248e+16,1.683994e+18,2.712599e+20,1.410008e+19,1.745739e+20,1.314184e+20,1.765756e+21,3.320156e+02,2.251337e+02,1.068819e+02,NaN,NaN,NaN,NaN,2.468561e-02,NaN,6.313279e+06,6.370737e-02
5.775997e+07,1.823466e+03,1.823426e+03,0.000000e+00,2.678308e+02,4.397311e+03,2.428244e-02,NaN,NaN,0.000000e+00,4.170985e+16,1.671360e+18,2.712716e+20,1.414990e+19,1.738696e+20,1.320288e+20,1.770631e+21,3.329688e+02,2.261794e+02,1.067894e+02,NaN,NaN,NaN,NaN,2.466319e-02,NaN,6.313714e+06,6.400948e-02
5.778339e+07,1.822414e+03,1.822725e+03,1.282940e+00,2.676415e+02,4.396517e+03,2.418745e-02,NaN,NaN,1.247135e-01,4.170068e+16,1.662900e+18,2.712810e+20,1.418277e+19,1.733900e+20,1.324393e+20,1.773916e+21,3.336084e+02,2.268826e+02,1.067258e+02,NaN,NaN,NaN,NaN,2.464764e-02,NaN,6.314005e+06,6.446821e-02
5.780846e+07,1.821710e+03,1.821670e+03,0.000000e+00,2.674656e+02,4.395669e+03,2.404494e-02,NaN,NaN,0.000000e+00,4.168794e+16,1.650238e+18,2.712927e+20,1.423323e+19,1.726756e+20,1.330593e+20,1.778868e+21,3.345777e+02,2.279448e+02,1.066329e+02,NaN,NaN,NaN,NaN,2.462512e-02,NaN,6.314442e+06,6.477782e-02
5.783179e+07,1.820650e+03,1.820964e+03,1.277822e+00,2.672934e+02,4.394879e+03,2.394995e-02,NaN,NaN,1.252131e-01,4.167868e+16,1.641759e+18,2.713022e+20,1.426653e+19,1.721893e+20,1.334763e+20,1.782203e+21,3.352281e+02,2.286591e+02,1.065690e+02,NaN,NaN,NaN,NaN,2.460951e-02,NaN,6.314734e+06,6.524802e-02
5.785670e+07,1.819940e+03,1.819900e+03,0.000000e+00,2.670405e+02,4.394036e+03,2.380748e-02,NaN,NaN,0.000000e+00,4.166582e+16,1.629068e+18,2.713139e+20,1.431765e+19,1.714646e+20,1.341063e+20,1.787234e+21,3.362140e+02,2.297383e+02,1.064757e+02,NaN,NaN,NaN,NaN,2.458690e-02,NaN,6.315173e+06,6.556542e-02
5.787994e+07,1.818871e+03,1.819188e+03,1.272658e+00,2.668750e+02,4.393250e+03,2.371249e-02,NaN,NaN,1.257211e-01,4.165649e+16,1.620570e+18,2.713234e+20,1.435141e+19,1.709714e+20,1.345299e+20,1.790621e+21,3.368755e+02,2.304640e+02,1.064115e+02,NaN,NaN,NaN,NaN,2.457122e-02,NaN,6.315466e+06,6.604755e-02
5.790471e+07,1.818155e+03,1.818115e+03,0.000000e+00,2.667176e+02,4.392413e+03,2.357005e-02,NaN,NaN,0.000000e+00,4.164350e+16,1.607847e+18,2.713352e+20,1.440321e+19,1.702359e+20,1.351701e+20,1.795734e+21,3.378785e+02,2.315608e+02,1.063177e+02,NaN,NaN,NaN,NaN,2.454850e-02,NaN,6.315908e+06,6.637305e-02
5.792784e+07,1.817076e+03,1.817396e+03,1.267448e+00,2.665672e+02,4.391631e+03,2.347505e-02,NaN,NaN,1.262379e-01,4.163409e+16,1.599328e+18,2.713447e+20,1.443743e+19,1.697356e+20,1.356006e+20,1.799177e+21,3.385514e+02,2.322982e+02,1.062532e+02,NaN,NaN,NaN,NaN,2.453275e-02,NaN,6.316202e+06,6.686756e-02
5.795247e+07,1.816354e+03,1.816314e+03,0.000000e+00,2.663490e+02,4.390799e+03,2.333263e-02,NaN,NaN,0.000000e+00,4.162099e+16,1.586575e+18,2.713565e+20,1.448993e+19,1.689893e+20,1.362512e+20,1.804373e+21,3.395720e+02,2.334129e+02,1.061591e+02,NaN,NaN,NaN,NaN,2.450994e-02,NaN,6.316646e+06,6.720149e-02
5.797551e+07,1.815265e+03,1.815589e+03,1.262190e+00,2.662044e+02,4.390022e+03,2.323762e-02,NaN,NaN,1.267637e-01,4.161149e+16,1.578034e+18,2.713660e+20,1.452462e+19,1.684817e+20,1.366887e+20,1.807870e+21,3.402566e+02,2.341623e+02,1.060943e+02,NaN,NaN,NaN,NaN,2.449412e-02,NaN,6.316942e+06,6.770890e-02
5.799999e+07,1.814537e+03,1.814497e+03,0.000000e+00,2.660656e+02,4.389196e+03,2.309519e-02,NaN,NaN,0.000000e+00,4.159826e+16,1.565244e+18,2.713778e+20,1.457785e+19,1.677239e+20,1.373504e+20,1.813154e+21,3.412955e+02,2.352959e+02,1.059996e+02,NaN,NaN,NaN,NaN,2.447120e-02,NaN,6.317388e+06,6.805160e-02
5.802292e+07,1.813438e+03,1.813765e+03,1.256884e+00,2.659346e+02,4.388422e+03,2.300017e-02,NaN,NaN,1.272989e-01,4.158867e+16,1.556680e+18,2.713874e+20,1.461304e+19,1.672087e+20,1.377952e+20,1.816709e+21,3.419923e+02,2.360578e+02,1.059345e+02,NaN,NaN,NaN,NaN,2.445531e-02,NaN,6.317686e+06,6.857243e-02
5.804726e+07,1.812703e+03,1.812663e+03,0.000000e+00,2.657423e+02,4.387602e+03,2.285770e-02,NaN,NaN,0.000000e+00,4.157533e+16,1.543858e+18,2.713992e+20,1.466699e+19,1.664395e+20,1.384679e+20,1.822080e+21,3.430496e+02,2.372102e+02,1.058394e+02,NaN,NaN,NaN,NaN,2.443229e-02,NaN,6.318134e+06,6.892426e-02
5.807009e+07,1.811595e+03,1.811925e+03,1.251528e+00,2.656165e+02,4.386832e+03,2.276266e-02,NaN,NaN,1.278437e-01,4.156566e+16,1.535269e+18,2.714088e+20,1.470268e+19,1.659164e+20,1.389201e+20,1.825695e+21,3.437589e+02,2.379850e+02,1.057739e+02,NaN,NaN,NaN,NaN,2.441632e-02,NaN,6.318433e+06,6.945908e-02
5.809427e+07,1.810852e+03,1.810812e+03,0.000000e+00,2.654955e+02,4.386017e+03,2.262014e-02,NaN,NaN,0.000000e+00,4.155218e+16,1.522407e+18,2.714207e+20,1.475742e+19,1.651350e+20,1.396045e+20,1.831159e+21,3.448357e+02,2.391574e+02,1.056783e+02,NaN,NaN,NaN,NaN,2.439318e-02,NaN,6.318884e+06,6.982043e-02
5.811701e+07,1.809734e+03,1.810067e+03,1.246120e+00,2.653814e+02,4.385252e+03,2.252507e-02,NaN,NaN,1.283985e-01,4.154242e+16,1.513794e+18,2.714303e+20,1.479362e+19,1.646039e+20,1.400644e+20,1.834836e+21,3.455579e+02,2.399453e+02,1.056126e+02,NaN,NaN,NaN,NaN,2.437714e-02,NaN,6.319185e+06,7.036982e-02
5.814104e+07,1.808984e+03,1.808944e+03,0.000000e+00,2.652142e+02,4.384443e+03,2.238248e-02,NaN,NaN,0.000000e+00,4.152883e+16,1.500893e+18,2.714422e+20,1.484914e+19,1.638101e+20,1.407607e+20,1.840393e+21,3.466545e+02,2.411380e+02,1.055165e+02,NaN,NaN,NaN,NaN,2.435389e-02,NaN,6.319638e+06,7.074109e-02
5.816367e+07,1.807855e+03,1.808192e+03,1.240660e+00,2.651047e+02,4.383682e+03,2.228737e-02,NaN,NaN,1.289636e-01,4.151898e+16,1.492253e+18,2.714518e+20,1.488588e+19,1.632707e+20,1.412286e+20,1.844134e+21,3.473901e+02,2.419397e+02,1.054504e+02,NaN,NaN,NaN,NaN,2.433777e-02,NaN,6.319941e+06,7.130569e-02
5.818755e+07,1.807098e+03,1.807058e+03,0.000000e+00,2.650002e+02,4.382879e+03,2.214470e-02,NaN,NaN,0.000000e+00,4.150526e+16,1.479314e+18,2.714638e+20,1.494221e+19,1.624642e+20,1.419370e+20,1.849788e+21,3.485070e+02,2.431532e+02,1.053538e+02,NaN,NaN,NaN,NaN,2.431441e-02,NaN,6.320396e+06,7.168732e-02
5.821008e+07,1.805958e+03,1.806299e+03,1.235146e+00,2.649010e+02,4.382121e+03,2.204953e-02,NaN,NaN,1.295394e-01,4.149532e+16,1.470645e+18,2.714735e+20,1.497950e+19,1.619162e+20,1.424132e+20,1.853594e+21,3.492564e+02,2.439690e+02,1.052874e+02,NaN,NaN,NaN,NaN,2.429821e-02,NaN,6.320701e+06,7.226780e-02
5.823380e+07,1.805194e+03,1.805154e+03,0.000000e+00,2.647555e+02,4.381324e+03,2.190674e-02,NaN,NaN,0.000000e+00,4.148147e+16,1.457659e+18,2.714855e+20,1.503668e+19,1.610962e+20,1.431345e+20,1.859351e+21,3.503949e+02,2.452047e+02,1.051902e+02,NaN,NaN,NaN,NaN,2.427472e-02,NaN,6.321160e+06,7.266024e-02
5.825623e+07,1.804042e+03,1.804387e+03,1.229576e+00,2.646603e+02,4.380571e+03,2.181151e-02,NaN,NaN,1.301262e-01,4.147143e+16,1.448962e+18,2.714952e+20,1.507455e+19,1.605393e+20,1.436192e+20,1.863224e+21,3.511584e+02,2.460350e+02,1.051234e+02,NaN,NaN,NaN,NaN,2.425843e-02,NaN,6.321466e+06,7.325730e-02
5.827980e+07,1.803270e+03,1.803230e+03,0.000000e+00,2.645707e+02,4.379779e+03,2.166860e-02,NaN,NaN,0.000000e+00,4.145745e+16,1.435932e+18,2.715072e+20,1.513259e+19,1.597057e+20,1.443535e+20,1.869085e+21,3.523188e+02,2.472930e+02,1.050258e+02,NaN,NaN,NaN,NaN,2.423483e-02,NaN,6.321927e+06,7.366106e-02
5.830212e+07,1.802107e+03,1.802455e+03,1.223948e+00,2.644843e+02,4.379030e+03,2.157329e-02,NaN,NaN,1.307245e-01,4.144733e+16,1.427203e+18,2.715170e+20,1.517104e+19,1.591396e+20,1.448471e+20,1.873028e+21,3.530970e+02,2.481384e+02,1.049586e+02,NaN,NaN,NaN,NaN,2.421845e-02,NaN,6.322236e+06,7.427546e-02
5.832553e+07,1.801327e+03,1.801287e+03,0.000000e+00,2.643574e+02,4.378245e+03,2.143022e-02,NaN,NaN,0.000000e+00,4.143321e+16,1.414128e+18,2.715291e+20,1.522997e+19,1.582919e+20,1.455948e+20,1.878995e+21,3.542798e+02,2.494194e+02,1.048604e+02,NaN,NaN,NaN,NaN,2.419472e-02,NaN,6.322700e+06,7.469104e-02
5.834775e+07,1.800152e+03,1.800504e+03,1.218262e+00,2.642743e+02,4.377500e+03,2.133482e-02,NaN,NaN,1.313346e-01,4.142300e+16,1.405366e+18,2.715388e+20,1.526904e+19,1.577163e+20,1.460975e+20,1.883011e+21,3.550734e+02,2.502806e+02,1.047928e+02,NaN,NaN,NaN,NaN,2.417826e-02,NaN,6.323010e+06,7.532359e-02
5.837100e+07,1.799364e+03,1.799324e+03,0.000000e+00,2.641979e+02,4.376720e+03,2.119158e-02,NaN,NaN,0.000000e+00,4.140874e+16,1.392237e+18,2.715510e+20,1.532891e+19,1.568536e+20,1.468595e+20,1.889091e+21,3.562800e+02,2.515860e+02,1.046940e+02,NaN,NaN,NaN,NaN,2.415439e-02,NaN,6.323477e+06,7.575155e-02
5.839311e+07,1.798176e+03,1.798533e+03,1.212515e+00,2.641223e+02,4.375980e+03,2.109607e-02,NaN,NaN,1.319571e-01,4.139843e+16,1.383442e+18,2.715608e+20,1.536860e+19,1.562682e+20,1.473716e+20,1.893182e+21,3.570893e+02,2.524632e+02,1.046261e+02,NaN,NaN,NaN,NaN,2.413784e-02,NaN,6.323790e+06,7.640311e-02
5.841620e+07,1.797380e+03,1.797340e+03,0.000000e+00,2.640112e+02,4.375206e+03,2.095263e-02,NaN,NaN,0.000000e+00,4.138404e+16,1.370261e+18,2.715730e+20,1.542943e+19,1.553903e+20,1.481482e+20,1.899378e+21,3.583202e+02,2.537935e+02,1.045267e+02,NaN,NaN,NaN,NaN,2.411383e-02,NaN,6.324260e+06,7.684404e-02
5.843820e+07,1.796179e+03,1.796540e+03,1.206705e+00,2.639748e+02,4.374470e+03,2.085699e-02,NaN,NaN,1.325925e-01,4.137363e+16,1.361430e+18,2.715828e+20,1.546978e+19,1.547946e+20,1.486700e+20,1.903547e+21,3.591459e+02,2.546876e+02,1.044583e+02,NaN,NaN,NaN,NaN,2.409718e-02,NaN,6.324575e+06,7.751553e-02
5.846113e+07,1.795374e+03,1.795334e+03,0.000000e+00,2.638732e+02,4.373702e+03,2.071334e-02,NaN,NaN,0.000000e+00,4.135910e+16,1.348195e+18,2.715951e+20,1.553159e+19,1.539011e+20,1.494616e+20,1.909862e+21,3.604020e+02,2.560436e+02,1.043584e+02,NaN,NaN,NaN,NaN,2.407304e-02,NaN,6.325048e+06,7.797007e-02
5.848303e+07,1.794160e+03,1.794526e+03,1.200830e+00,2.638066e+02,4.372970e+03,2.061756e-02,NaN,NaN,1.332411e-01,4.134859e+16,1.339326e+18,2.716049e+20,1.557262e+19,1.532947e+20,1.499936e+20,1.914111e+21,3.612446e+02,2.569550e+02,1.042896e+02,NaN,NaN,NaN,NaN,2.405629e-02,NaN,6.325365e+06,7.866247e-02
5.850579e+07,1.793346e+03,1.793306e+03,0.000000e+00,2.637397e+02,4.372209e+03,2.047370e-02,NaN,NaN,0.000000e+00,4.133392e+16,1.326033e+18,2.716172e+20,1.563547e+19,1.523848e+20,1.508008e+20,1.920551e+21,3.625268e+02,2.583378e+02,1.041890e+02,NaN,NaN,NaN,NaN,2.403201e-02,NaN,6.325842e+06,7.913129e-02
5.852757e+07,1.792119e+03,1.792489e+03,1.194889e+00,2.636785e+02,4.371481e+03,2.037771e-02,NaN,NaN,1.339037e-01,4.132330e+16,1.317124e+18,2.716272e+20,1.567719e+19,1.517674e+20,1.513434e+20,1.924884e+21,3.633871e+02,2.592673e+02,1.041198e+02,NaN,NaN,NaN,NaN,2.401516e-02,NaN,6.326161e+06,7.984565e-02
5.855017e+07,1.791295e+03,1.791255e+03,0.000000e+00,2.635883e+02,4.370726e+03,2.023363e-02,NaN,NaN,0.000000e+00,4.130848e+16,1.303767e+18,2.716395e+20,1.574112e+19,1.508402e+20,1.521670e+20,1.931454e+21,3.646968e+02,2.606783e+02,1.040185e+02,NaN,NaN,NaN,NaN,2.399071e-02,NaN,6.326642e+06,8.032949e-02
5.857184e+07,1.790053e+03,1.790428e+03,1.188878e+00,2.635291e+02,4.370002e+03,2.013743e-02,NaN,NaN,1.345806e-01,4.129776e+16,1.294817e+18,2.716495e+20,1.578358e+19,1.502114e+20,1.527205e+20,1.935874e+21,3.655753e+02,2.616265e+02,1.039488e+02,NaN,NaN,NaN,NaN,2.397376e-02,NaN,6.326963e+06,8.106695e-02
5.859426e+07,1.789220e+03,1.789180e+03,0.000000e+00,2.634715e+02,4.369253e+03,1.999307e-02,NaN,NaN,0.000000e+00,4.128280e+16,1.281395e+18,2.716619e+20,1.584861e+19,1.492665e+20,1.535610e+20,1.942578e+21,3.669133e+02,2.630664e+02,1.038469e+02,NaN,NaN,NaN,NaN,2.394916e-02,NaN,6.327448e+06,8.156658e-02
5.861582e+07,1.787964e+03,1.788344e+03,1.182796e+00,2.634166e+02,4.368534e+03,1.989668e-02,NaN,NaN,1.352727e-01,4.127197e+16,1.272401e+18,2.716719e+20,1.589183e+19,1.486257e+20,1.541260e+20,1.947090e+21,3.678109e+02,2.640342e+02,1.037767e+02,NaN,NaN,NaN,NaN,2.393209e-02,NaN,6.327772e+06,8.232834e-02
5.863808e+07,1.787121e+03,1.787081e+03,0.000000e+00,2.633357e+02,4.367791e+03,1.975198e-02,NaN,NaN,0.000000e+00,4.125685e+16,1.258911e+18,2.716844e+20,1.595802e+19,1.476624e+20,1.549840e+20,1.953933e+21,3.691782e+02,2.655041e+02,1.036741e+02,NaN,NaN,NaN,NaN,2.390734e-02,NaN,6.328260e+06,8.284460e-02
5.865952e+07,1.785849e+03,1.786234e+03,1.176640e+00,2.633076e+02,4.367076e+03,1.965536e-02,NaN,NaN,1.359805e-01,4.124592e+16,1.249870e+18,2.716945e+20,1.600202e+19,1.470091e+20,1.555609e+20,1.958539e+21,3.700958e+02,2.664923e+02,1.036035e+02,NaN,NaN,NaN,NaN,2.389015e-02,NaN,6.328587e+06,8.363199e-02
5.868161e+07,1.784996e+03,1.784956e+03,0.000000e+00,2.632320e+02,4.366340e+03,1.951029e-02,NaN,NaN,0.000000e+00,4.123064e+16,1.236309e+18,2.717070e+20,1.606941e+19,1.460267e+20,1.564372e+20,1.965528e+21,3.714937e+02,2.679935e+02,1.035002e+02,NaN,NaN,NaN,NaN,2.386523e-02,NaN,6.329079e+06,8.416579e-02
5.870293e+07,1.783708e+03,1.784098e+03,1.170406e+00,2.631822e+02,4.365629e+03,1.941343e-02,NaN,NaN,1.367047e-01,4.121960e+16,1.227218e+18,2.717172e+20,1.611423e+19,1.453604e+20,1.570264e+20,1.970232e+21,3.724320e+02,2.690030e+02,1.034290e+02,NaN,NaN,NaN,NaN,2.384793e-02,NaN,6.329408e+06,8.498020e-02
5.872484e+07,1.782844e+03,1.782804e+03,0.000000e+00,2.631313e+02,4.364900e+03,1.926794e-02,NaN,NaN,0.000000e+00,4.120416e+16,1.213582e+18,2.717298e+20,1.618287e+19,1.443579e+20,1.579218e+20,1.977372e+21,3.738617e+02,2.705368e+02,1.033249e+02,NaN,NaN,NaN,NaN,2.382282e-02,NaN,6.329904e+06,8.553251e-02
5.874605e+07,1.781539e+03,1.781935e+03,1.164093e+00,2.630843e+02,4.364194e+03,1.917082e-02,NaN,NaN,1.374460e-01,4.119300e+16,1.204438e+18,2.717400e+20,1.622855e+19,1.436780e+20,1.585240e+20,1.982179e+21,3.748216e+02,2.715684e+02,1.032532e+02,NaN,NaN,NaN,NaN,2.380540e-02,NaN,6.330237e+06,8.637548e-02
5.876778e+07,1.780664e+03,1.780624e+03,0.000000e+00,2.630148e+02,4.363470e+03,1.902488e-02,NaN,NaN,0.000000e+00,4.117740e+16,1.190722e+18,2.717527e+20,1.629849e+19,1.426547e+20,1.594392e+20,1.989477e+21,3.762846e+02,2.731363e+02,1.031483e+02,NaN,NaN,NaN,NaN,2.378011e-02,NaN,6.330738e+06,8.694737e-02
5.878887e+07,1.779342e+03,1.779744e+03,1.157697e+00,2.629889e+02,4.362769e+03,1.892747e-02,NaN,NaN,1.382054e-01,4.116612e+16,1.181523e+18,2.717629e+20,1.634507e+19,1.419606e+20,1.600550e+20,1.994392e+21,3.772673e+02,2.741912e+02,1.030761e+02,NaN,NaN,NaN,NaN,2.376256e-02,NaN,6.331073e+06,8.782053e-02
5.881042e+07,1.778455e+03,1.778415e+03,0.000000e+00,2.629228e+02,4.362052e+03,1.878102e-02,NaN,NaN,0.000000e+00,4.115035e+16,1.167720e+18,2.717757e+20,1.641638e+19,1.409152e+20,1.609911e+20,2.001856e+21,3.787653e+02,2.757949e+02,1.029704e+02,NaN,NaN,NaN,NaN,2.373708e-02,NaN,6.331578e+06,8.841314e-02
5.883139e+07,1.777116e+03,1.777524e+03,1.151214e+00,2.628790e+02,4.361355e+03,1.868329e-02,NaN,NaN,1.389837e-01,4.113895e+16,1.158464e+18,2.717860e+20,1.646388e+19,1.402064e+20,1.616209e+20,2.006883e+21,3.797714e+02,2.768738e+02,1.028976e+02,NaN,NaN,NaN,NaN,2.371939e-02,NaN,6.331917e+06,8.931830e-02
5.885275e+07,1.776217e+03,1.776177e+03,0.000000e+00,2.628327e+02,4.360645e+03,1.853638e-02,NaN,NaN,0.000000e+00,4.112301e+16,1.144570e+18,2.717989e+20,1.653662e+19,1.391381e+20,1.625789e+20,2.014521e+21,3.813059e+02,2.785149e+02,1.027910e+02,NaN,NaN,NaN,NaN,2.369370e-02,NaN,6.332427e+06,8.993287e-02
5.887360e+07,1.774858e+03,1.775273e+03,1.144642e+00,2.627907e+02,4.359952e+03,1.843822e-02,NaN,NaN,1.397818e-01,4.111149e+16,1.135253e+18,2.718092e+20,1.658509e+19,1.384138e+20,1.632234e+20,2.019665e+21,3.823367e+02,2.796191e+02,1.027176e+02,NaN,NaN,NaN,NaN,2.367588e-02,NaN,6.332769e+06,9.087197e-02
5.889478e+07,1.773947e+03,1.773907e+03,0.000000e+00,2.627282e+02,4.359249e+03,1.829079e-02,NaN,NaN,0.000000e+00,4.109536e+16,1.121262e+18,2.718222e+20,1.665933e+19,1.373214e+20,1.642043e+20,2.027484e+21,3.839095e+02,2.812994e+02,1.026101e+02,NaN,NaN,NaN,NaN,2.364998e-02,NaN,6.333284e+06,9.150987e-02
5.891550e+07,1.772569e+03,1.772989e+03,1.137975e+00,2.627038e+02,4.358561e+03,1.819226e-02,NaN,NaN,1.406006e-01,4.108371e+16,1.111880e+18,2.718326e+20,1.670883e+19,1.365808e+20,1.648643e+20,2.032751e+21,3.849662e+02,2.824301e+02,1.025361e+02,NaN,NaN,NaN,NaN,2.363200e-02,NaN,6.333630e+06,9.248503e-02
5.893649e+07,1.771643e+03,1.771603e+03,0.000000e+00,2.626432e+02,4.357865e+03,1.804418e-02,NaN,NaN,0.000000e+00,4.106740e+16,1.097788e+18,2.718457e+20,1.678463e+19,1.354633e+20,1.658691e+20,2.040760e+21,3.865791e+02,2.841514e+02,1.024277e+02,NaN,NaN,NaN,NaN,2.360589e-02,NaN,6.334150e+06,9.314772e-02
5.895708e+07,1.770245e+03,1.770673e+03,1.131210e+00,2.626055e+02,4.357182e+03,1.794522e-02,NaN,NaN,1.414415e-01,4.105561e+16,1.088336e+18,2.718562e+20,1.683520e+19,1.347055e+20,1.665454e+20,2.046157e+21,3.876631e+02,2.853101e+02,1.023530e+02,NaN,NaN,NaN,NaN,2.358775e-02,NaN,6.334499e+06,9.416127e-02
5.897788e+07,1.769306e+03,1.769266e+03,0.000000e+00,2.625617e+02,4.356492e+03,1.779643e-02,NaN,NaN,0.000000e+00,4.103911e+16,1.074136e+18,2.718693e+20,1.691264e+19,1.335615e+20,1.675753e+20,2.054367e+21,3.893180e+02,2.870744e+02,1.022436e+02,NaN,NaN,NaN,NaN,2.356141e-02,NaN,6.335026e+06,9.485038e-02
5.899834e+07,1.767886e+03,1.768321e+03,1.124342e+00,2.625223e+02,4.355814e+03,1.769702e-02,NaN,NaN,1.423054e-01,4.102718e+16,1.064609e+18,2.718800e+20,1.696434e+19,1.327856e+20,1.682689e+20,2.059900e+21,3.904307e+02,2.882625e+02,1.021682e+02,NaN,NaN,NaN,NaN,2.354311e-02,NaN,6.335379e+06,9.590486e-02
5.901894e+07,1.766932e+03,1.766892e+03,0.000000e+00,2.624783e+02,4.355132e+03,1.754745e-02,NaN,NaN,0.000000e+00,4.101048e+16,1.050295e+18,2.718932e+20,1.704350e+19,1.316138e+20,1.693252e+20,2.068320e+21,3.921298e+02,2.900721e+02,1.020577e+02,NaN,NaN,NaN,NaN,2.351652e-02,NaN,6.335911e+06,9.662216e-02
5.903927e+07,1.765490e+03,1.765932e+03,1.117367e+00,2.624396e+02,4.354458e+03,1.744753e-02,NaN,NaN,1.431938e-01,4.099841e+16,1.040688e+18,2.719039e+20,1.709639e+19,1.308189e+20,1.700369e+20,2.073997e+21,3.932729e+02,2.912913e+02,1.019816e+02,NaN,NaN,NaN,NaN,2.349805e-02,NaN,6.336268e+06,9.772036e-02
5.905967e+07,1.764520e+03,1.764480e+03,0.000000e+00,2.623815e+02,4.353783e+03,1.729721e-02,NaN,NaN,0.000000e+00,4.098150e+16,1.026252e+18,2.719173e+20,1.717738e+19,1.296176e+20,1.711212e+20,2.082638e+21,3.950189e+02,2.931488e+02,1.018701e+02,NaN,NaN,NaN,NaN,2.347120e-02,NaN,6.336807e+06,9.846780e-02
5.907987e+07,1.763054e+03,1.763504e+03,1.110278e+00,2.623570e+02,4.353114e+03,1.719669e-02,NaN,NaN,1.441081e-01,4.096928e+16,1.016561e+18,2.719281e+20,1.723152e+19,1.288027e+20,1.718519e+20,2.088467e+21,3.961937e+02,2.944006e+02,1.017931e+02,NaN,NaN,NaN,NaN,2.345254e-02,NaN,6.337168e+06,9.961280e-02
5.910007e+07,1.762068e+03,1.762028e+03,0.000000e+00,2.622995e+02,4.352446e+03,1.704553e-02,NaN,NaN,0.000000e+00,4.095216e+16,1.001993e+18,2.719416e+20,1.731443e+19,1.275703e+20,1.729657e+20,2.097344e+21,3.979891e+02,2.963086e+02,1.016805e+02,NaN,NaN,NaN,NaN,2.342542e-02,NaN,6.337713e+06,1.003926e-01
5.912013e+07,1.760577e+03,1.761036e+03,1.103070e+00,2.622745e+02,4.351783e+03,1.694441e-02,NaN,NaN,1.450498e-01,4.093978e+16,9.922134e+17,2.719524e+20,1.736988e+19,1.267342e+20,1.737165e+20,2.103332e+21,3.991975e+02,2.975948e+02,1.016027e+02,NaN,NaN,NaN,NaN,2.340657e-02,NaN,6.338079e+06,1.015878e-01
5.914011e+07,1.759574e+03,1.759534e+03,0.000000e+00,2.622176e+02,4.351122e+03,1.679225e-02,NaN,NaN,0.000000e+00,4.092243e+16,9.775051e+17,2.719661e+20,1.745483e+19,1.254688e+20,1.748616e+20,2.112457e+21,4.010452e+02,2.995564e+02,1.014888e+02,NaN,NaN,NaN,NaN,2.337916e-02,NaN,6.338632e+06,1.024022e-01
5.916004e+07,1.758056e+03,1.758524e+03,1.095736e+00,2.621792e+02,4.350464e+03,1.669048e-02,NaN,NaN,1.460206e-01,4.090989e+16,9.676300e+17,2.719771e+20,1.751168e+19,1.246103e+20,1.756336e+20,2.118615e+21,4.022893e+02,3.008791e+02,1.014102e+02,NaN,NaN,NaN,NaN,2.336011e-02,NaN,6.339002e+06,1.036514e-01
5.917981e+07,1.757035e+03,1.756995e+03,0.000000e+00,2.621348e+02,4.349810e+03,1.653721e-02,NaN,NaN,0.000000e+00,4.089231e+16,9.527715e+17,2.719908e+20,1.759878e+19,1.233100e+20,1.768118e+20,2.128003e+21,4.041924e+02,3.028974e+02,1.012950e+02,NaN,NaN,NaN,NaN,2.333239e-02,NaN,6.339562e+06,1.045032e-01
5.919959e+07,1.755490e+03,1.755967e+03,1.088269e+00,2.620964e+02,4.349157e+03,1.643472e-02,NaN,NaN,1.470225e-01,4.087960e+16,9.427934e+17,2.720019e+20,1.765710e+19,1.224277e+20,1.776065e+20,2.134340e+21,4.054744e+02,3.042589e+02,1.012155e+02,NaN,NaN,NaN,NaN,2.331313e-02,NaN,6.339938e+06,1.058106e-01
5.921914e+07,1.754449e+03,1.754409e+03,0.000000e+00,2.620513e+02,4.348511e+03,1.628038e-02,NaN,NaN,0.000000e+00,4.086177e+16,9.277741e+17,2.720158e+20,1.774650e+19,1.210903e+20,1.788199e+20,2.144008e+21,4.074364e+02,3.063375e+02,1.010989e+02,NaN,NaN,NaN,NaN,2.328508e-02,NaN,6.340506e+06,1.067027e-01
5.923877e+07,1.752874e+03,1.753361e+03,1.080661e+00,2.620127e+02,4.347864e+03,1.617706e-02,NaN,NaN,1.480575e-01,4.084887e+16,9.176817e+17,2.720271e+20,1.780641e+19,1.201822e+20,1.796390e+20,2.150539e+21,4.087592e+02,3.077408e+02,1.010184e+02,NaN,NaN,NaN,NaN,2.326558e-02,NaN,6.340888e+06,1.080729e-01
5.925811e+07,1.751813e+03,1.751773e+03,0.000000e+00,2.619668e+02,4.347226e+03,1.602147e-02,NaN,NaN,0.000000e+00,4.083078e+16,9.024885e+17,2.720411e+20,1.789825e+19,1.188051e+20,1.808899e+20,2.160506e+21,4.107839e+02,3.098836e+02,1.009003e+02,NaN,NaN,NaN,NaN,2.323718e-02,NaN,6.341464e+06,1.090087e-01
5.927759e+07,1.750205e+03,1.750703e+03,1.072904e+00,2.619279e+02,4.346583e+03,1.591729e-02,NaN,NaN,1.491280e-01,4.081770e+16,8.922783e+17,2.720525e+20,1.795983e+19,1.178701e+20,1.817347e+20,2.167241e+21,4.121496e+02,3.113308e+02,1.008188e+02,NaN,NaN,NaN,NaN,2.321744e-02,NaN,6.341852e+06,1.104471e-01
5.929670e+07,1.749123e+03,1.749083e+03,0.000000e+00,2.618813e+02,4.345953e+03,1.576025e-02,NaN,NaN,0.000000e+00,4.079933e+16,8.768980e+17,2.720667e+20,1.805427e+19,1.164507e+20,1.830256e+20,2.177525e+21,4.142416e+02,3.135424e+02,1.006992e+02,NaN,NaN,NaN,NaN,2.318867e-02,NaN,6.342438e+06,1.114303e-01
5.931602e+07,1.747481e+03,1.747991e+03,1.064987e+00,2.618419e+02,4.345316e+03,1.565511e-02,NaN,NaN,1.502366e-01,4.078604e+16,8.665585e+17,2.720782e+20,1.811765e+19,1.154865e+20,1.838980e+20,2.184481e+21,4.156533e+02,3.150368e+02,1.006165e+02,NaN,NaN,NaN,NaN,2.316866e-02,NaN,6.342831e+06,1.129429e-01
5.933490e+07,1.746375e+03,1.746335e+03,0.000000e+00,2.617827e+02,4.344695e+03,1.549664e-02,NaN,NaN,0.000000e+00,4.076739e+16,8.509747e+17,2.720927e+20,1.821488e+19,1.140216e+20,1.852320e+20,2.195108e+21,4.178173e+02,3.173221e+02,1.004952e+02,NaN,NaN,NaN,NaN,2.313949e-02,NaN,6.343427e+06,1.139776e-01
5.935407e+07,1.744698e+03,1.745219e+03,1.056900e+00,2.617545e+02,4.344063e+03,1.539042e-02,NaN,NaN,1.513862e-01,4.075389e+16,8.404933e+17,2.721043e+20,1.828020e+19,1.130261e+20,1.861341e+20,2.202299e+21,4.192788e+02,3.188675e+02,1.004113e+02,NaN,NaN,NaN,NaN,2.311919e-02,NaN,6.343828e+06,1.155712e-01
5.937270e+07,1.743567e+03,1.743527e+03,0.000000e+00,2.616944e+02,4.343450e+03,1.523026e-02,NaN,NaN,0.000000e+00,4.073492e+16,8.246899e+17,2.721190e+20,1.838042e+19,1.115124e+20,1.875143e+20,2.213293e+21,4.215200e+02,3.212319e+02,1.002881e+02,NaN,NaN,NaN,NaN,2.308959e-02,NaN,6.344434e+06,1.166623e-01
5.939170e+07,1.741850e+03,1.742385e+03,1.048629e+00,2.616654e+02,4.342824e+03,1.512288e-02,NaN,NaN,1.525801e-01,4.072119e+16,8.140571e+17,2.721308e+20,1.844782e+19,1.104833e+20,1.884483e+20,2.220737e+21,4.230349e+02,3.228319e+02,1.002030e+02,NaN,NaN,NaN,NaN,2.306898e-02,NaN,6.344842e+06,1.183445e-01
5.941009e+07,1.740691e+03,1.740651e+03,0.000000e+00,2.616043e+02,4.342219e+03,1.496084e-02,NaN,NaN,0.000000e+00,4.070189e+16,7.980125e+17,2.721457e+20,1.855128e+19,1.089167e+20,1.898784e+20,2.232129e+21,4.253597e+02,3.252819e+02,1.000778e+02,NaN,NaN,NaN,NaN,2.303891e-02,NaN,6.345460e+06,1.194976e-01
5.942893e+07,1.738933e+03,1.739482e+03,1.040162e+00,2.615743e+02,4.341600e+03,1.485217e-02,NaN,NaN,1.538222e-01,4.068792e+16,7.872119e+17,2.721577e+20,1.862092e+19,1.078510e+20,1.908471e+20,2.239849e+21,4.269326e+02,3.269413e+02,9.999127e+01,NaN,NaN,NaN,NaN,2.301797e-02,NaN,6.345876e+06,1.212774e-01
5.944706e+07,1.737745e+03,1.737705e+03,0.000000e+00,2.615121e+02,4.341004e+03,1.468816e-02,NaN,NaN,0.000000e+00,4.066827e+16,7.709066e+17,2.721728e+20,1.872788e+19,1.062274e+20,1.923312e+20,2.251669e+21,4.293477e+02,3.294837e+02,9.986400e+01,NaN,NaN,NaN,NaN,2.298739e-02,NaN,6.346506e+06,1.224988e-01
5.946573e+07,1.735940e+03,1.736505e+03,1.031482e+00,2.614812e+02,4.340390e+03,1.457806e-02,NaN,NaN,1.551166e-01,4.065403e+16,7.599212e+17,2.721850e+20,1.879997e+19,1.051218e+20,1.933375e+20,2.259689e+21,4.309837e+02,3.312078e+02,9.977589e+01,NaN,NaN,NaN,NaN,2.296608e-02,NaN,6.346931e+06,1.243863e-01
5.948359e+07,1.734721e+03,1.734681e+03,0.000000e+00,2.614286e+02,4.339803e+03,1.441170e-02,NaN,NaN,0.000000e+00,4.063399e+16,7.433262e+17,2.722004e+20,1.891074e+19,1.034357e+20,1.948806e+20,2.271978e+21,4.334975e+02,3.338512e+02,9.964627e+01,NaN,NaN,NaN,NaN,2.293495e-02,NaN,6.347575e+06,1.256834e-01
5.950208e+07,1.732866e+03,1.733448e+03,1.022571e+00,2.613856e+02,4.339196e+03,1.430000e-02,NaN,NaN,1.564684e-01,4.061947e+16,7.321415e+17,2.722128e+20,1.898548e+19,1.022871e+20,1.959278e+20,2.280323e+21,4.352017e+02,3.356452e+02,9.955651e+01,NaN,NaN,NaN,NaN,2.291324e-02,NaN,6.348009e+06,1.276907e-01
5.951968e+07,1.731612e+03,1.731572e+03,0.000000e+00,2.613315e+02,4.338618e+03,1.413118e-02,NaN,NaN,0.000000e+00,4.059901e+16,7.152266e+17,2.722285e+20,1.910043e+19,1.005326e+20,1.975355e+20,2.293125e+21,4.378236e+02,3.383993e+02,9.942432e+01,NaN,NaN,NaN,NaN,2.288150e-02,NaN,6.348668e+06,1.290721e-01
5.953798e+07,1.729702e+03,1.730303e+03,1.013407e+00,2.612876e+02,4.338017e+03,1.401769e-02,NaN,NaN,1.578833e-01,4.058418e+16,7.038198e+17,2.722412e+20,1.917807e+19,9.933653e+19,1.986276e+20,2.301828e+21,4.396029e+02,3.402702e+02,9.933273e+01,NaN,NaN,NaN,NaN,2.285936e-02,NaN,6.349113e+06,1.312133e-01
5.955529e+07,1.728410e+03,1.728370e+03,0.000000e+00,2.612316e+02,4.337449e+03,1.384598e-02,NaN,NaN,0.000000e+00,4.056327e+16,6.865500e+17,2.722572e+20,1.929762e+19,9.750686e+19,2.003063e+20,2.315195e+21,4.423437e+02,3.431460e+02,9.919771e+01,NaN,NaN,NaN,NaN,2.282694e-02,NaN,6.349789e+06,1.326893e-01
5.957341e+07,1.726440e+03,1.727061e+03,1.003965e+00,2.611866e+02,4.336855e+03,1.373049e-02,NaN,NaN,1.593681e-01,4.054810e+16,6.748939e+17,2.722701e+20,1.937848e+19,9.625814e+19,2.014482e+20,2.324292e+21,4.442063e+02,3.451022e+02,9.910407e+01,NaN,NaN,NaN,NaN,2.280431e-02,NaN,6.350245e+06,1.349810e-01
5.959043e+07,1.725105e+03,1.725065e+03,0.000000e+00,2.611287e+02,4.336296e+03,1.355555e-02,NaN,NaN,0.000000e+00,4.052669e+16,6.572288e+17,2.722865e+20,1.950310e+19,9.434521e+19,2.032055e+20,2.338284e+21,4.470786e+02,3.481127e+02,9.896591e+01,NaN,NaN,NaN,NaN,2.277115e-02,NaN,6.350939e+06,1.365637e-01
5.960834e+07,1.723068e+03,1.723712e+03,9.942161e-01,2.610927e+02,4.335709e+03,1.343776e-02,NaN,NaN,1.609308e-01,4.051115e+16,6.452938e+17,2.722998e+20,1.958753e+19,9.303804e+19,2.044027e+20,2.347822e+21,4.490336e+02,3.501636e+02,9.887001e+01,NaN,NaN,NaN,NaN,2.274797e-02,NaN,6.351409e+06,1.390260e-01
5.962505e+07,1.721686e+03,1.721646e+03,0.000000e+00,2.610223e+02,4.335161e+03,1.325925e-02,NaN,NaN,0.000000e+00,4.048919e+16,6.271830e+17,2.723166e+20,1.971782e+19,9.103208e+19,2.062478e+20,2.362512e+21,4.520527e+02,3.533244e+02,9.872833e+01,NaN,NaN,NaN,NaN,2.271397e-02,NaN,6.352124e+06,1.407302e-01
5.964276e+07,1.719574e+03,1.720244e+03,9.841250e-01,2.609876e+02,4.334581e+03,1.313886e-02,NaN,NaN,1.625810e-01,4.047322e+16,6.149314e+17,2.723302e+20,1.980627e+19,8.965921e+19,2.075071e+20,2.372543e+21,4.541116e+02,3.554817e+02,9.862986e+01,NaN,NaN,NaN,NaN,2.269019e-02,NaN,6.352608e+06,1.433876e-01
5.965915e+07,1.718139e+03,1.718099e+03,0.000000e+00,2.609250e+02,4.334044e+03,1.295612e-02,NaN,NaN,0.000000e+00,4.045064e+16,5.963167e+17,2.723474e+20,1.994292e+19,8.754872e+19,2.094508e+20,2.388017e+21,4.572957e+02,3.588115e+02,9.848423e+01,NaN,NaN,NaN,NaN,2.265525e-02,NaN,6.353346e+06,1.452314e-01
5.967663e+07,1.715942e+03,1.716641e+03,9.736488e-01,2.608756e+02,4.333472e+03,1.283275e-02,NaN,NaN,1.643303e-01,4.043420e+16,5.837037e+17,2.723614e+20,2.003590e+19,8.610144e+19,2.107804e+20,2.398608e+21,4.594721e+02,3.610893e+02,9.838285e+01,NaN,NaN,NaN,NaN,2.263077e-02,NaN,6.353846e+06,1.481141e-01
5.969269e+07,1.714447e+03,1.714407e+03,0.000000e+00,2.608104e+02,4.332946e+03,1.264514e-02,NaN,NaN,0.000000e+00,4.041093e+16,5.645104e+17,2.723793e+20,2.017978e+19,8.387194e+19,2.128363e+20,2.414974e+21,4.628440e+02,3.646113e+02,9.823270e+01,NaN,NaN,NaN,NaN,2.259475e-02,NaN,6.354611e+06,1.501198e-01
5.970995e+07,1.712153e+03,1.712884e+03,9.627346e-01,2.607691e+02,4.332381e+03,1.251831e-02,NaN,NaN,1.661933e-01,4.039396e+16,5.514836e+17,2.723937e+20,2.027793e+19,8.233988e+19,2.142461e+20,2.426202e+21,4.651544e+02,3.670264e+02,9.812801e+01,NaN,NaN,NaN,NaN,2.256947e-02,NaN,6.355130e+06,1.532657e-01
5.972565e+07,1.710587e+03,1.710547e+03,0.000000e+00,2.607007e+02,4.331868e+03,1.232503e-02,NaN,NaN,0.000000e+00,4.036988e+16,5.316150e+17,2.724121e+20,2.043016e+19,7.997287e+19,2.164316e+20,2.443598e+21,4.687429e+02,3.707703e+02,9.797261e+01,NaN,NaN,NaN,NaN,2.253220e-02,NaN,6.355925e+06,1.554621e-01
5.974266e+07,1.708181e+03,1.708951e+03,9.513162e-01,2.606471e+02,4.331311e+03,1.219411e-02,NaN,NaN,1.681880e-01,4.035228e+16,5.181015e+17,2.724271e+20,2.053431e+19,7.834211e+19,2.179346e+20,2.455568e+21,4.712092e+02,3.733452e+02,9.786405e+01,NaN,NaN,NaN,NaN,2.250600e-02,NaN,6.356467e+06,1.589199e-01
5.975799e+07,1.706534e+03,1.706494e+03,0.000000e+00,2.605751e+02,4.330810e+03,1.199412e-02,NaN,NaN,0.000000e+00,4.032727e+16,4.974416e+17,2.724463e+20,2.069626e+19,7.581488e+19,2.202710e+20,2.474163e+21,4.750502e+02,3.773477e+02,9.770253e+01,NaN,NaN,NaN,NaN,2.246727e-02,NaN,6.357298e+06,1.613439e-01
5.977474e+07,1.703995e+03,1.704811e+03,9.393079e-01,2.605287e+02,4.330262e+03,1.185829e-02,NaN,NaN,1.703382e-01,4.030895e+16,4.833521e+17,2.724619e+20,2.080747e+19,7.406801e+19,2.218837e+20,2.487005e+21,4.776998e+02,3.801104e+02,9.758940e+01,NaN,NaN,NaN,NaN,2.243997e-02,NaN,6.357865e+06,1.651778e-01
5.978967e+07,1.702251e+03,1.702211e+03,0.000000e+00,2.604523e+02,4.329775e+03,1.165022e-02,NaN,NaN,0.000000e+00,4.028284e+16,4.617424e+17,2.724820e+20,2.098098e+19,7.135000e+19,2.243998e+20,2.507030e+21,4.818413e+02,3.844207e+02,9.742056e+01,NaN,NaN,NaN,NaN,2.239950e-02,NaN,6.358739e+06,1.678790e-01
5.980614e+07,1.699552e+03,1.700424e+03,9.265967e-01,2.603932e+02,4.329236e+03,1.150838e-02,NaN,NaN,1.726749e-01,4.026365e+16,4.469548e+17,2.724983e+20,2.110066e+19,6.946347e+19,2.261443e+20,2.520921e+21,4.847112e+02,3.874093e+02,9.730191e+01,NaN,NaN,NaN,NaN,2.237088e-02,NaN,6.359338e+06,1.721761e-01
5.982063e+07,1.697691e+03,1.697651e+03,0.000000e+00,2.603210e+02,4.328763e+03,1.129030e-02,NaN,NaN,0.000000e+00,4.023620e+16,4.241812e+17,2.725195e+20,2.128824e+19,6.651334e+19,2.288789e+20,2.542682e+21,4.892180e+02,3.920939e+02,9.712414e+01,NaN,NaN,NaN,NaN,2.232827e-02,NaN,6.360264e+06,1.752231e-01
5.983681e+07,1.694794e+03,1.695735e+03,9.130271e-01,2.602581e+02,4.328235e+03,1.114090e-02,NaN,NaN,1.752412e-01,4.021595e+16,4.085260e+17,2.725368e+20,2.141835e+19,6.445446e+19,2.307861e+20,2.557866e+21,4.923599e+02,3.953612e+02,9.699867e+01,NaN,NaN,NaN,NaN,2.229801e-02,NaN,6.360902e+06,1.801065e-01
5.985083e+07,1.692785e+03,1.692745e+03,0.000000e+00,2.601793e+02,4.327777e+03,1.090817e-02,NaN,NaN,0.000000e+00,4.018682e+16,3.842787e+17,2.725594e+20,2.162357e+19,6.121278e+19,2.337950e+20,2.581808e+21,4.973254e+02,4.005158e+02,9.680963e+01,NaN,NaN,NaN,NaN,2.225271e-02,NaN,6.361894e+06,1.835987e-01
5.986668e+07,1.689635e+03,1.690664e+03,8.983752e-01,2.601115e+02,4.327260e+03,1.074623e-02,NaN,NaN,1.780993e-01,4.016520e+16,3.675085e+17,2.725778e+20,2.176701e+19,5.893388e+19,2.359099e+20,2.598644e+21,5.008141e+02,4.041387e+02,9.667541e+01,NaN,NaN,NaN,NaN,2.222035e-02,NaN,6.362581e+06,1.892521e-01
5.988018e+07,1.687431e+03,1.687391e+03,0.000000e+00,2.600240e+02,4.326820e+03,1.049146e-02,NaN,NaN,0.000000e+00,4.013389e+16,3.413274e+17,2.726022e+20,2.199521e+19,5.531200e+19,2.392763e+20,2.625430e+21,5.063774e+02,4.099058e+02,9.647163e+01,NaN,NaN,NaN,NaN,2.217153e-02,NaN,6.363658e+06,1.933422e-01
5.989566e+07,1.683941e+03,1.685091e+03,8.822979e-01,2.599589e+02,4.326315e+03,1.031243e-02,NaN,NaN,1.813446e-01,4.011045e+16,3.230499e+17,2.726223e+20,2.215649e+19,5.273790e+19,2.416696e+20,2.644479e+21,5.103313e+02,4.140057e+02,9.632564e+01,NaN,NaN,NaN,NaN,2.213635e-02,NaN,6.364413e+06,2.000595e-01
5.990857e+07,1.681467e+03,1.681427e+03,0.000000e+00,2.598506e+02,4.325894e+03,1.002720e-02,NaN,NaN,0.000000e+00,4.007613e+16,2.941758e+17,2.726492e+20,2.241646e+19,4.859005e+19,2.455306e+20,2.675197e+21,5.167214e+02,4.206200e+02,9.610140e+01,NaN,NaN,NaN,NaN,2.208263e-02,NaN,6.365609e+06,2.050039e-01
5.992363e+07,1.677481e+03,1.678811e+03,8.642185e-01,2.597760e+02,4.325403e+03,9.823595e-03,NaN,NaN,1.851384e-01,4.005008e+16,2.737180e+17,2.726717e+20,2.260336e+19,4.559149e+19,2.483240e+20,2.697428e+21,5.213439e+02,4.254055e+02,9.593842e+01,NaN,NaN,NaN,NaN,2.204337e-02,NaN,6.366460e+06,2.133086e-01
5.993586e+07,1.674594e+03,1.674554e+03,0.000000e+00,2.596592e+02,4.325004e+03,9.492419e-03,NaN,NaN,0.000000e+00,4.001121e+16,2.407356e+17,2.727024e+20,2.291145e+19,4.064628e+19,2.529343e+20,2.734103e+21,5.289864e+02,4.333034e+02,9.568304e+01,NaN,NaN,NaN,NaN,2.198221e-02,NaN,6.367837e+06,2.195980e-01
5.995042e+07,1.669793e+03,1.671428e+03,8.430187e-01,2.595694e+02,4.324529e+03,9.252233e-03,NaN,NaN,1.897941e-01,3.998094e+16,2.167248e+17,2.727287e+20,2.313982e+19,3.696010e+19,2.563758e+20,2.761490e+21,5.346916e+02,4.391991e+02,9.549248e+01,NaN,NaN,NaN,NaN,2.193632e-02,NaN,6.368844e+06,2.305989e-01
5.996182e+07,1.666153e+03,1.666113e+03,0.000000e+00,2.594298e+02,4.324158e+03,8.852884e-03,NaN,NaN,0.000000e+00,3.993393e+16,1.763536e+17,2.727663e+20,2.353388e+19,3.058871e+19,2.623258e+20,2.808816e+21,5.445732e+02,4.493919e+02,9.518127e+01,NaN,NaN,NaN,NaN,2.186181e-02,NaN,6.370546e+06,2.394175e-01
5.997557e+07,1.659690e+03,1.661937e+03,8.158649e-01,2.593119e+02,4.323710e+03,8.547047e-03,NaN,NaN,1.961109e-01,3.989492e+16,1.449946e+17,2.728009e+20,2.384738e+19,2.548697e+19,2.671002e+20,2.846805e+21,5.525047e+02,4.575711e+02,9.493361e+01,NaN,NaN,NaN,NaN,2.180217e-02,NaN,6.371874e+06,2.561732e-01
5.998423e+07,1.655158e+03,1.655118e+03,0.000000e+00,2.591288e+02,4.323428e+03,8.062167e-03,NaN,NaN,0.000000e+00,3.983539e+16,9.448607e+16,2.728509e+20,2.436879e+19,1.697301e+19,2.750793e+20,2.910270e+21,5.657826e+02,4.712401e+02,9.454255e+01,NaN,NaN,NaN,NaN,2.170838e-02,NaN,6.374027e+06,2.688333e-01
5.999207e+07,1.648096e+03,1.650457e+03,7.831867e-01,2.590047e+02,4.323173e+03,7.740990e-03,NaN,NaN,2.042936e-01,3.979556e+16,6.043454e+16,2.728855e+20,2.473128e+19,1.101810e+19,2.806585e+20,2.954646e+21,5.750774e+02,4.807978e+02,9.427960e+01,NaN,NaN,NaN,NaN,2.164525e-02,NaN,6.375488e+06,2.902082e-01
5.999545e+07,1.642195e+03,1.645493e+03,7.691182e-01,2.588728e+02,4.323069e+03,7.221499e-03,NaN,NaN,2.080304e-01,3.975416e+16,2.458173e+16,2.729214e+20,2.512328e+19,4.552782e+18,2.867266e+20,3.002906e+21,5.851972e+02,4.911932e+02,9.400403e+01,NaN,NaN,NaN,NaN,2.157915e-02,NaN,6.377914e+06,3.097657e-01
